[{"type":"header","content":"ÇEVRE KANUNU İLE BAZI KANUNLARDA VE 375 SAYILI KANUN"},{"type":"header","content":"HÜKMÜNDE KARARNAMEDE DEĞİŞİKLİK"},{"type":"header","content":"YAPILMASINA DAİR KANUN"},{"type":"table","content":"<table> <colgroup> <col style=\"width: 50%\" /> <col style=\"width: 50%\" /> </colgroup> <tbody> <tr class=\"odd\"> <td><strong><u>Kanun No. 7446</u></strong></td> <td><strong><u>Kabul Tarihi: 30/3/2023</u></strong></td> </tr> </tbody> </table>"},{"type":"header","content":"MADDE 1- 14/7/1965 tarihli ve 657 sayılı Devlet Memurları Kanunu ile ilgili olup, yerine işlenmiştir."},{"type":"header","content":"MADDE 2- 9/8/1983 tarihli ve 2872 sayılı Çevre Kanunu ile ilgili olup, yerine işlenmiştir."},{"type":"header","content":"MADDE 3- 4/4/1990 tarihli ve 3621 sayılı Kıyı Kanunu ile ilgili olup, yerine işlenmiştir."},{"type":"header","content":"MADDE 4- 12/4/2000 tarihli ve 4562 sayılı Organize Sanayi Bölgeleri Kanunu ile ilgili olup, yerine işlenmiştir."},{"type":"header","content":"MADDE 5- 10/7/2004 tarihli ve 5216 sayılı Büyükşehir Belediyesi Kanunu ile ilgili olup, yerine işlenmiştir."},{"type":"header","content":"MADDE 6- 22/2/2005 tarihli ve 5302 sayılı İl Özel İdaresi Kanunu ile ilgili olup, yerine işlenmiştir."},{"type":"header","content":"MADDE 7- 3/7/2005 tarihli ve 5393 sayılı Belediye Kanunu ile ilgili olup, yerine işlenmiştir."},{"type":"header","content":"MADDE 8- 2/7/2008 tarihli ve 5779 sayılı İl Özel İdarelerine ve Belediyelere Genel Bütçe Vergi Gelirlerinden Pay Verilmesi Hakkında Kanunu ile ilgili olup, yerine işlenmiştir."},{"type":"header","content":"MADDE 9- 12/11/2012 tarihli ve 6360 sayılı On Dört İlde Büyükşehir Belediyesi ve Yirmi Yedi İlçe Kurulması ile Bazı Kanun ve Kanun Hükmünde Kararnamelerde Değişiklik Yapılmasına Dair Kanunu ile ilgili olup, yerine işlenmiştir."},{"type":"header","content":"MADDE 10- 27/6/1989 tarihli ve 375 sayılı Kanun Hükmünde Kararname ile ilgili olup, yerine işlenmiştir."},{"type":"madde","maddeStr":"GEÇİCİ MADDE 1-","number":1,"content":"(1) 14/7/1965 tarihli ve 657 sayılı Devlet Memurları Kanununun 36 ncı maddesinin “Ortak Hükümler” bölümünün (A) fıkrasının (11) numaralı bendinde belirtilen ve merkez teşkilatında yer alan kadrolar ile mesleğe alınmaları, yetiştirilmeleri ve yeterlikleri aynı veya benzer nitelik arz eden merkez teşkilatı kadro ve pozisyonlarında bulunan ve yeterliğe hak kazananlardan başvuruları İklim Değişikliği Başkanlığınca uygun görülenler, bu maddenin yürürlüğe girdiği tarihten itibaren altı ay içinde İklim Değişikliği Uzmanı unvanlı kadrolara atanabilir. Bu maddeye göre atananların sayısı yirmiyi geçemez. Bunların bu maddede belirtilen önceki kadro ve pozisyonlarında geçirdikleri süreler bu maddeye göre atandıkları İklim Değişikliği Uzmanlığı kadrolarında geçmiş sayılır.","subsections":[]},{"type":"madde","maddeStr":"MADDE 11-","number":11,"content":"(1) Bu Kanun yayımı tarihinde yürürlüğe girer.","subsections":[]},{"type":"madde","maddeStr":"MADDE 12-","number":12,"content":"(1) Bu Kanun hükümlerini Cumhurbaşkanı yürütür.","subsections":[]}]