[{"type":"header","content":"OLAĞANÜSTÜ HAL KAPSAMINDA BAZI TEDBİRLER ALINMASI HAKKINDA KANUN HÜKMÜNDE KARARNAMENİN DEĞİŞTİRİLEREK KABUL EDİLMESİNE DAİR KANUN[\\[1\\]](#Xc217c44f9d6f9d647df03178eb8b64fb8f54252)"},{"type":"header","content":"Kanun Numarası                    : 7150"},{"type":"header","content":"Kabul Tarihi                           : 31/10/2018"},{"type":"header","content":"Yayımlandığı Resmî Gazete   : Tarih: 03/11/2018        Sayı: 30584 Mükerrer"},{"type":"header","content":"Kamu personeline ilişkin tedbirler"},{"type":"madde","maddeStr":"MADDE 1-","number":1,"content":"(1) Terör örgütlerine veya Milli Güvenlik Kurulunca Devletin milli güvenliğine karşı faaliyette bulunduğuna karar verilen yapı, oluşum veya gruplara üyeliği, mensubiyeti veya iltisakı yahut bunlarla irtibatı olan ve ekli (1) sayılı listede yer alan kişiler kamu görevinden başka hiçbir işleme gerek kalmaksızın çıkarılmıştır. Bu kişilere ayrıca herhangi bir tebligat yapılmaz. Haklarında ayrıca özel kanun hükümlerine göre işlem tesis edilir.","subsections":[{"type":"text","content":"\\(2\\) Birinci fıkra gereğince kamu görevinden çıkarılan kişilerin, mahkûmiyet kararı aranmaksızın rütbe ve/veya memuriyetleri alınır ve bu kişiler görev yaptıkları teşkilata yeniden kabul edilmezler; bir daha kamu hizmetinde istihdam edilemezler, doğrudan veya dolaylı olarak görevlendirilemezler; bunların uhdelerinde bulunan her türlü mütevelli heyet, kurul, komisyon, yönetim kurulu, denetim kurulu, tasfiye kurulu üyeliği ve sair görevleri de sona ermiş sayılır. Bunların silah ruhsatları, gemi adamlığına ilişkin belgeleri ve pilot lisansları iptal edilir ve bu kişiler oturdukları kamu konutlarından veya vakıf lojmanlarından on beş gün içinde tahliye edilir. Bu kişiler özel güvenlik şirketlerinin kurucusu, ortağı ve çalışanı olamazlar. Bu kişiler hakkında bakanlıkları ve kurumlarınca ilgili pasaport birimine derhal bildirimde bulunulur. Bu bildirim üzerine pasaport birimlerince pasaportlar iptal edilir."},{"type":"text","content":"\\(3\\) Birinci fıkra kapsamında kamu görevinden çıkarılanlar, varsa uhdelerinde taşımış oldukları büyükelçi, vali gibi unvanları ve müsteşar, kaymakam ve benzeri meslek adlarını ve sıfatlarını kullanamazlar ve bu unvan, sıfat ve meslek adlarına bağlı olarak sağlanan haklardan yararlanamazlar."}]},{"type":"header","content":"İade hükümleri"},{"type":"madde","maddeStr":"MADDE 2-","number":2,"content":"(1) Ekli (2) sayılı listede yer alan kişiler, ilgili kanun hükmünde kararnamenin kabulüne ilişkin kanunun eki listelerin ilgili sıralarından çıkarılmıştır. İlgili kanun hükmünde kararnamenin kabulüne ilişkin kanunun hükümleri, bu fıkrada belirtilen kişiler bakımından tüm hüküm ve sonuçlarıyla birlikte ilgili kanun hükmünde kararnamenin yayımı tarihinden geçerli olmak üzere ortadan kalkmış sayılır. Söz konusu personelden bu maddenin yürürlük tarihinden itibaren on gün içerisinde göreve başlamayanlar çekilmiş sayılır. Bu kapsamda göreve başlayanlara, kamu görevinden çıkarıldıkları tarihten göreve başladıkları tarihe kadar geçen süreye tekabül eden mali ve sosyal hakları ödenir. Bu kişiler, kamu görevinden çıkarılmalarından dolayı herhangi bir tazminat talebinde bulunamaz. Bu personelin görevlerine iadesi, kamu görevinden çıkarıldıkları tarihte bulundukları yöneticilik görevi dışında öğrenim durumları ve kazanılmış hak aylık derecelerine uygun kadro ve pozisyonlara atanmak suretiyle de yerine getirilebilir. Bu maddeye ilişkin işlemler ilgili bakanlık ve kurumlar tarafından yürütülür.","subsections":[{"type":"text","content":"\\(2\\) Ekli (3) sayılı listede yer alan kişiler, ilgili kanun hükmünde kararnamenin kabulüne ilişkin kanunun eki listenin ilgili sıralarından çıkarılmıştır. İlgili kanun hükmünde kararnamenin kabulüne ilişkin kanunun hükümleri, bu kişiler bakımından tüm hüküm ve sonuçlarıyla birlikte ilgili kanun hükmünde kararnamenin yayımı tarihinden geçerli olmak üzere ortadan kalkmış sayılır. Bu fıkraya ilişkin işlemler ilgili bakanlık ve kurumlar tarafından yürütülür."}]},{"type":"header","content":"Rütbesi alınan Türk Silahlı Kuvvetleri personeli"},{"type":"madde","maddeStr":"MADDE 3-","number":3,"content":"(1) Türk Silahlı Kuvvetlerinden emekliye sevk edilen, kendi isteğiyle emekli olan, istifa eden veya başka bir sebeple ayrılanlardan, terör örgütlerine veya Milli Güvenlik Kurulunca Devletin milli güvenliğine karşı faaliyette bulunduğuna karar verilen yapı, oluşum veya gruplara üyeliği, mensubiyeti veya iltisakı yahut bunlarla irtibatı olduğu değerlendirilen ve ekli (4) sayılı listede yer alanların rütbeleri alınır ve emekli kimlikleri iptal edilir. Bu kişiler kamu görevine yeniden kabul edilmezler, doğrudan veya dolaylı görevlendirilemezler. Ayrıca bunlar uhdelerinde taşımış oldukları mesleki unvanları ve sıfatlarını kullanamazlar ve bu unvan ve sıfatlarına bağlı olarak sağlanan haklardan yararlanamazlar. Bu kişilerin uhdelerinde bulunan her türlü mütevelli heyet, kurul, komisyon, yönetim kurulu, denetim kurulu, tasfiye kurulu üyeliği ve sair görevleri de sona ermiş sayılır. Bunların silah ruhsatları, pilot lisansları, gemi adamlığına ilişkin belgeleri ve ilgili pasaport birimlerince pasaportları iptal edilir. Bu kişiler özel güvenlik şirketlerinin kurucusu, ortağı ve çalışanı olamazlar.","subsections":[]},{"type":"header","content":"Rütbesi alınan Emniyet Teşkilatı personeli"},{"type":"madde","maddeStr":"MADDE 4-","number":4,"content":"(1) 4/6/1937 tarihli ve 3201 sayılı Emniyet Teşkilat Kanununun 55 inci maddesinin ondokuzuncu ve yirminci fıkraları ile geçici 27 nci maddesi uyarınca resen emekliye sevk edilenler, kendi isteğiyle emekli olanlar veya Emniyet Teşkilatı Disiplin Tüzüğü hükümlerine göre meslekten veya Devlet memurluğundan çıkarılanlar ile müstafi sayılanlardan terör örgütlerine veya Milli Güvenlik Kurulunca Devletin milli güvenliğine karşı faaliyette bulunduğuna karar verilen yapı, oluşum veya gruplara üyeliği, mensubiyeti veya iltisakı yahut bunlarla irtibatı olduğu değerlendirilen ve ekli (5) sayılı listede yer alanların rütbeleri alınır. Bu kişiler görev yaptıkları teşkilata ve kamu görevlerine yeniden kabul edilmezler, doğrudan veya dolaylı görevlendirilemezler; ayrıca bunlar uhdelerinde taşımış oldukları mesleki unvanları ve sıfatlarını kullanamazlar ve bu unvan ve sıfatlarına bağlı olarak sağlanan haklardan yararlanamazlar. Bu kişilerin uhdelerinde bulunan her türlü mütevelli heyet, kurul, komisyon, yönetim kurulu, denetim kurulu, tasfiye kurulu üyeliği ve sair görevleri de sona ermiş sayılır. Bunların silah ruhsatları, emekli polis kimlikleri, gemi adamlığına ilişkin belgeleri, pilot lisansları ve ilgili pasaport birimlerince pasaportları iptal edilir. Bu kişiler özel güvenlik şirketlerinin kurucusu, ortağı ve çalışanı olamazlar.","subsections":[]},{"type":"header","content":"Rütbesi alınan Jandarma Genel Komutanlığı Teşkilatı personeli"},{"type":"madde","maddeStr":"MADDE 5-","number":5,"content":"(1) Jandarma Genel Komutanlığından resen emekliye sevk edilen, kendi isteğiyle emekli olan, ilişiği kesilen, sözleşmesi feshedilen, istifa eden, müstafi veya çekilmiş sayılan, 31/1/2013 tarihli ve 6413 sayılı Türk Silahlı Kuvvetleri Disiplin Kanununa göre Silahlı Kuvvetlerden ayırma cezası verilerek Jandarma Genel Komutanlığından çıkarılan, 14/7/1965 tarihli ve 657 sayılı Devlet Memurları Kanunu ile 31/1/2018 tarihli ve 7068 sayılı Genel Kolluk Disiplin Hükümleri Hakkında Kanun Hükmünde Kararnamenin Kabul Edilmesine Dair Kanun hükümlerine göre, Devlet memurluğundan veya meslekten çıkarılan subay, astsubay ve uzman jandarma ile 27/7/1967 tarihli ve 926 sayılı Türk Silâhlı Kuvvetleri Personel Kanununun geçici 32 nci maddesi kapsamında haklarında işlem tesis edilenlerden; terör örgütlerine veya Milli Güvenlik Kurulunca Devletin milli güvenliğine karşı faaliyette bulunduğuna karar verilen yapı, oluşum veya gruplara üyeliği, mensubiyeti veya iltisakı yahut bunlarla irtibatı olduğu değerlendirilen ve ekli (6) sayılı listede yer alanların rütbeleri alınır ve emekli kimlikleri iptal edilir. Bu kişiler kamu görevine yeniden kabul edilmezler, doğrudan veya dolaylı görevlendirilemezler. Ayrıca bunlar uhdelerinde taşımış oldukları mesleki unvanları ve sıfatlarını kullanamazlar ve bu unvan ve sıfatlarına bağlı olarak sağlanan haklardan yararlanamazlar. Bu kişilerin uhdelerinde bulunan her türlü mütevelli heyet, kurul, komisyon, yönetim kurulu, denetim kurulu, tasfiye kurulu üyeliği ve sair görevleri de sona ermiş sayılır. Bunların silah ruhsatları, pilot lisansları, ilgili pasaport birimlerince pasaportları iptal edilir. Bu kişiler özel güvenlik şirketlerinin kurucusu, ortağı ve çalışanı olamazlar. Bu kişilerden, çeşitli sebeplerle halen kamu konutlarında oturanlar on beş gün içinde tahliye edilir.","subsections":[]},{"type":"header","content":"Yurt dışında öğrenim görenler"},{"type":"madde","maddeStr":"MADDE 6","number":6,"content":"- (1) 8/4/1929 tarihli ve 1416 sayılı Ecnebi Memleketlere Gönderilecek Talebe Hakkında Kanuna tabi öğrencilerden, terör örgütlerine veya Milli Güvenlik Kurulunca Devletin milli güvenliğine karşı faaliyette bulunduğuna karar verilen yapı, oluşum veya gruplara aidiyeti, iltisakı veya bunlarla irtibatı olan ve ekli (7) sayılı listede yer alan kişinin öğrencilikle ilişiği kesilmiştir. Bu kişi hakkında 18/10/2016 tarihli ve 6749 sayılı Olağanüstü Hal Kapsamında Alınan Tedbirlere İlişkin Kanun Hükmünde Kararnamenin Değiştirilerek Kabul Edilmesine Dair Kanunun 4 üncü maddesinin ikinci ve üçüncü fıkraları hükümleri uygulanır. Bu kişinin bu kapsamda gördüğü eğitimlere ilişkin olarak denklik işlemleri yapılmaz ve bu kişi söz konusu eğitimleri kapsamındaki akademik unvan ve derecelerine bağlı haklardan yararlanamaz.","subsections":[]},{"type":"header","content":"Kurum ve kuruluşlara ilişkin tedbirler"},{"type":"madde","maddeStr":"MADDE 7-","number":7,"content":"(1) Terör örgütlerine veya Milli Güvenlik Kurulunca Devletin milli güvenliğine karşı faaliyette bulunduğuna karar verilen yapı, oluşum veya gruplara aidiyeti, iltisakı veya bunlarla irtibatı olan ve ekli (8) sayılı listede yer alan kurum ve kuruluşlar kapatılmıştır.","subsections":[{"type":"text","content":"\\(2\\) Birinci fıkra kapsamında kapatılan kurum ve kuruluşlara ait olan taşınırlar ile her türlü malvarlığı, alacak ve haklar, belge ve evrak Hazineye bedelsiz olarak devredilmiş sayılır, bunlara ait taşınmazlar tapuda resen Hazine adına, her türlü kısıtlama ve taşınmaz yükünden ari olarak tescil edilir. Bunların her türlü borçlarından dolayı hiçbir şekilde Hazineden bir hak ve talepte bulunulamaz. Devre ilişkin işlemler ilgili tüm kurumlardan gerekli yardımı almak suretiyle Hazine ve Maliye Bakanlığı tarafından yerine getirilir."}]},{"type":"madde","maddeStr":"GEÇİCİ MADDE 1-","number":1,"content":"(1) Olağanüstü hal kapsamında yürürlüğe konulan ve bu maddenin yayımı tarihi itibarıyla Türkiye Büyük Millet Meclisince kabul edilmiş olan kanun hükmünde kararnamelerle doğrudan tesis edilen işlemlerle ilgili olarak Olağanüstü Hal İşlemleri İnceleme Komisyonunun görev ve yetkileri ile Komisyon tarafından alınan kararların geçerliliği devam eder.","subsections":[]},{"type":"header","content":"Yürürlük"},{"type":"madde","maddeStr":"MADDE 8-","number":8,"content":"(1) Bu Kanun yayımı tarihinde yürürlüğe girer.","subsections":[]},{"type":"header","content":"Yürütme"},{"type":"madde","maddeStr":"MADDE 9-","number":9,"content":"(1) Bu Kanun hükümlerini Cumhurbaşkanı yürütür.","subsections":[{"type":"text","content":"*[**\\[1\\]**](#Xf4c8113f07524640efcbf4d5822e1fc633a9e60) Bu Kanunun ekinde yer alan listeler için 3/11/2018 tarihli ve 30584 (Mükerrer) sayılı Resmi Gazete’ye bakınız.*"}]}]