[{"type":"header","content":"OLAĞANÜSTÜ HAL KAPSAMINDA BAZI TEDBİRLER ALINMASI HAKKINDA KANUN HÜKMÜNDE KARARNAMENİN KABUL EDİLMESİNE DAİR KANUN[\\[1\\]](#Xc217c44f9d6f9d647df03178eb8b64fb8f54252)"},{"type":"header","content":"Kanun Numarası                    : 7092"},{"type":"header","content":"Kabul Tarihi                           : 8/2/2018"},{"type":"header","content":"Yayımlandığı Resmî Gazete   : Tarih  : 8/3/2018               Sayı  : 30354 (Mükerrer)"},{"type":"header","content":"Yayımlandığı Düstur              : Tertip : 5     Cilt               : 59"},{"type":"header","content":"Kamu personeline ilişkin tedbirler"},{"type":"madde","maddeStr":"MADDE 1- (1) Terör örgütlerine veya Milli Güvenlik Kurulunca Devletin milli güvenliğine karşı faaliyette bulunduğuna karar verilen yapı, oluşum veya gruplara (İptal ibare: Anayasa Mahkemesi’nin 9/11/2022 tarihli ve E: 2018/86, K: 2022/133 sayılı Kararı ile.) (…)","number":1,"content":"iltisakı yahut bunlarla irtibatı olan ve ekli (1) sayılı listede yer alan kişiler kamu görevinden başka hiçbir işleme gerek kalmaksızın çıkarılmıştır. Bu kişilere ayrıca herhangi bir tebligat yapılmaz. Haklarında ayrıca özel kanun hükümlerine göre işlem tesis edilir.","subsections":[{"type":"text","content":"\\(2\\) Birinci fıkra gereğince kamu görevinden çıkarılan kişilerin, mahkûmiyet kararı aranmaksızın rütbe ve/veya memuriyetleri alınır ve bu kişiler görev yaptıkları teşkilata yeniden kabul edilmezler; bir daha kamu hizmetinde istihdam edilemezler, doğrudan veya dolaylı olarak görevlendirilemezler; bunların uhdelerinde bulunan her türlü mütevelli heyet, kurul, komisyon, yönetim kurulu, denetim kurulu, tasfiye kurulu üyeliği ve sair görevleri de sona ermiş sayılır. Bunların silah ruhsatları, gemi adamlığına ilişkin belgeleri ve pilot lisansları iptal edilir ve bu kişiler oturdukları kamu konutlarından veya vakıf lojmanlarından onbeş gün içinde tahliye edilir. Bu kişiler özel güvenlik şirketlerinin kurucusu, ortağı ve çalışanı olamazlar. Bu kişiler hakkında bakanlıkları ve kurumlarınca ilgili pasaport birimine derhal bildirimde bulunulur. Bu bildirim üzerine pasaport birimlerince pasaportlar iptal edilir.[\\[2\\]](#X424ae1dfb199fdaa161d17bdce77f94503db3d6)"},{"type":"text","content":"\\(3\\) Birinci fıkra kapsamında kamu görevinden çıkarılanlar, varsa uhdelerinde taşımış oldukları büyükelçi, vali gibi unvanları ve müsteşar, kaymakam ve benzeri meslek adlarını ve sıfatlarını kullanamazlar ve bu unvan, sıfat ve meslek adlarına bağlı olarak sağlanan haklardan yararlanamazlar."}]},{"type":"header","content":"İade hükümleri"},{"type":"madde","maddeStr":"MADDE 2-","number":2,"content":"(1) Ekli (2) sayılı listede yer alan kamu görevlileri, ilgili kanun hükmünde kararnamenin eki listelerin ilgili sıralarından çıkarılmıştır.","subsections":[{"type":"text","content":"\\(2\\) İlgili kanun hükmünde kararname hükümleri, birinci fıkrada belirtilen kişiler bakımından tüm hüküm ve sonuçlarıyla birlikte ilgili kanun hükmünde kararnamenin yayımı tarihinden geçerli olmak üzere ortadan kalkmış sayılır. Söz konusu personelden bu maddenin yürürlük tarihinden itibaren on gün içerisinde göreve başlamayanlar çekilmiş sayılır. Bu kapsamda göreve başlayanlara, kamu görevinden çıkarıldıkları tarihten göreve başladıkları tarihe kadar geçen süreye tekabül eden mali ve sosyal hakları ödenir. Bu kişiler, kamu görevinden çıkarılmalarından dolayı herhangi bir tazminat talebinde bulunamaz. Bu personelin görevlerine iadesi, kamu görevinden çıkarıldıkları tarihte bulundukları yöneticilik görevi dışında öğrenim durumları ve kazanılmış hak aylık derecelerine uygun kadro ve pozisyonlara atanmak suretiyle de yerine getirilebilir. Bu maddeye ilişkin işlemler ilgili bakanlık ve kurumlar tarafından yürütülür."}]},{"type":"header","content":"Rütbesi alınan emekli Türk Silahlı Kuvvetleri personeli"},{"type":"madde","maddeStr":"MADDE 3- (1) Türk Silahlı Kuvvetlerinden emekliye sevk edilen, kendi isteğiyle emekli olan, istifa eden veya başka bir sebeple ayrılan subaylardan, terör örgütlerine veya Milli Güvenlik Kurulunca Devletin milli güvenliğine karşı faaliyette bulunduğuna karar verilen yapı, oluşum veya gruplara (İptal ibare: Anayasa Mahkemesi’nin 9/11/2022 tarihli ve E: 2018/86, K: 2022/133 sayılı Kararı ile.) (…)","number":3,"content":"iltisakı yahut bunlarla irtibatı olduğu değerlendirilen ve ekli (3) sayılı listede yer alanların rütbeleri alınır ve emekli kimlikleri iptal edilir. Bu kişiler kamu görevine yeniden kabul edilmezler, doğrudan veya dolaylı görevlendirilemezler. Ayrıca bunlar uhdelerinde taşımış oldukları mesleki unvanları ve sıfatlarını kullanamazlar ve bu unvan ve sıfatlarına bağlı olarak sağlanan haklardan yararlanamazlar. Bu kişilerin uhdelerinde bulunan her türlü mütevelli heyet, kurul, komisyon, yönetim kurulu, denetim kurulu, tasfiye kurulu üyeliği ve sair görevleri de sona ermiş sayılır. Bunların silah ruhsatları, pilot lisansları ve ilgili pasaport birimlerince pasaportları iptal edilir. Bu kişiler özel güvenlik şirketlerinin kurucusu, ortağı ve çalışanı olamazlar.[\\[3\\]](#Xcd2106d7bad008753f2338f3adbb3432843d57e)","subsections":[]},{"type":"header","content":"Kurum ve kuruluşlara ilişkin tedbirler"},{"type":"madde","maddeStr":"MADDE 4-","number":4,"content":"(1) Terör örgütlerine veya Milli Güvenlik Kurulunca Devletin milli güvenliğine karşı faaliyette bulunduğuna karar verilen yapı, oluşum veya gruplara aidiyeti, iltisakı veya bunlarla irtibatı olan ve ekli (4) sayılı listede yer alan kurum ve kuruluşlar kapatılmıştır.","subsections":[{"type":"text","content":"\\(2\\) Birinci fıkra kapsamında kapatılan kurum ve kuruluşlara ait olan taşınırlar ile her türlü malvarlığı, alacak ve haklar, belge ve evrak ilgisine göre Hazineye veya Vakıflar Genel Müdürlüğüne bedelsiz olarak devredilmiş sayılır, bunlara ait taşınmazlar tapuda resen Hazine veya Vakıflar Genel Müdürlüğü adına, **(İptal ibare: Anayasa Mahkemesi’nin 9/11/2022 tarihli ve E: 2018/86, K: 2022/133 sayılı Kararı ile.)** **(…)** tescil edilir. **(İptal cümle: Anayasa Mahkemesi’nin 9/11/2022 tarihli ve E: 2018/86, K: 2022/133 sayılı Kararı ile.)** **(…)** Devre ilişkin işlemler ilgili tüm kurumlardan gerekli yardımı almak suretiyle Maliye Bakanlığı tarafından yerine getirilir."},{"type":"text","content":"\\(3\\) Ekli (5) sayılı listede yer alan vakıf, ilgili kanun hükmünde kararnamenin eki listenin ilgili sırasından çıkarılmıştır. İlgili kanun hükmünde kararname hükümleri, söz konusu vakıf bakımından tüm hüküm ve sonuçlarıyla birlikte ilgili kanun hükmünde kararnamenin yürürlük tarihinden geçerli olmak üzere ortadan kalkmış sayılır. Buna ilişkin işlemler ilgisine göre Vakıflar Genel Müdürlüğü tarafından yerine getirilir."}]},{"type":"header","content":"Yurtdışında öğrenim görenler"},{"type":"header","content":"MADDE 5- (1) 8/4/1929 tarihli ve 1416 sayılı Ecnebi Memleketlere Gönderilecek Talebe Hakkında Kanuna tabi öğrencilerden, terör örgütlerine veya Milli Güvenlik Kurulunca Devletin milli güvenliğine karşı faaliyette bulunduğuna karar verilen yapı, oluşum veya gruplara aidiyeti, iltisakı veya irtibatı olan ve ekli (6) sayılı listede yer alanların öğrencilikle ilişikleri kesilmiştir. Bunlar hakkında 22/7/2016 tarihli ve 667 sayılı Olağanüstü Hal Kapsamında Alınan Tedbirlere İlişkin Kanun Hükmünde Kararnamenin 4 üncü maddesinin ikinci ve üçüncü fıkraları hükümleri uygulanır. (İptal cümle: Anayasa Mahkemesi’nin 9/11/2022 tarihli ve E: 2018/86, K: 2022/133 sayılı Kararı ile.) (…)"},{"type":"header","content":"Yürürlük"},{"type":"madde","maddeStr":"MADDE 6-","number":6,"content":"(1) Bu Kanun yayımı tarihinde yürürlüğe girer.","subsections":[]},{"type":"header","content":"Yürütme"},{"type":"madde","maddeStr":"MADDE 7-","number":7,"content":"(1) Bu Kanun hükümlerini Bakanlar Kurulu yürütür.","subsections":[]},{"type":"header","content":"7092 SAYILI KANUNA EK VE DEĞİŞİKLİK GETİREN MEVZUATIN VEYA"},{"type":"header","content":"ANAYASA MAHKEMESİ TARAFINDAN VERİLEN İPTAL KAREARLARININ"},{"type":"header","content":"YÜRÜRLÜĞE GİRİŞ TARİHLERİNİ GÖSTERİR LİSTE"},{"type":"table","content":"<table> <colgroup> <col style=\"width: 33%\" /> <col style=\"width: 33%\" /> <col style=\"width: 33%\" /> </colgroup> <tbody> <tr class=\"odd\"> <td><strong>Değiştiren Kanunun/KHK’nin veya İptal Eden Anayasa Mahkemesi Kararının  Numarası</strong></td> <td><strong>7092 Sayılı Kanunun Değişen veya İptal Edilen Maddeleri</strong></td> <td><strong>Yürürlüğe Giriş Tarihi</strong></td> </tr> <tr class=\"even\"> <td rowspan=\"2\">Anayasa Mahkemesinin 9/11/2022 Tarihli ve E: 2018/86, K: 2022/133 Sayılı Kararı</td> <td>1 inci Maddenin Birinci Fıkrası, 3 üncü Maddenin Birinci Cümlesi, Madde 4, Madde 5</td> <td>31/3/2023</td> </tr> <tr class=\"odd\"> <td>1 inci Maddenin 2 nci Fıkrası, 3 üncü Maddenin Beşinci Cümlesi,</td> <td>Resmî Gazete’de yayımlanmasından başlayarak 9 ay sonra (31/12/2023) yürürlüğe gireceği hüküm altına alınmıştır.</td> </tr> </tbody> </table>"},{"type":"freeText","content":"*[**\\[1\\]**](#Xf4c8113f07524640efcbf4d5822e1fc633a9e60) Bu Kanunun ekinde yer alan listeler için 8/3/2018 tarihli ve 30354 (Mükerrer) sayılı Resmi Gazete’ye bakınız.*"},{"type":"freeText","content":"*[**\\[2\\]**](#X6ae359e89ea24432127ac5e463063b1e05d509f) Anayasa Mahkemesi’nin 9/11/2022 tarihli ve E: 2018/86, K: 2022/133 sayılı Kararı ile bu fıkranın dördüncü ve beşinci cümleleri iptal edilmiştir. Bu Kararın Resmî Gazete’de yayımlanmasından başlayarak 9 ay sonra (31/12/2023) yürürlüğe gireceği hüküm altına alınmıştır.*"},{"type":"freeText","content":"[***\\[3\\]***](#Xf0528bef64216d9d6f707b444a9ce269548b11a) *Anayasa Mahkemesi’nin 9/11/2022 tarihli ve E: 2018/86, K: 2022/133 sayılı Kararı ile bu maddenin  beşinci cümlesinde yer alan “ilgili pasaport birimlerince pasaportları” ibaresi iptal edilmiştir. Bu Kararın Resmî Gazete’de yayımlanmasından başlayarak 9 ay sonra (31/12/2023) yürürlüğe gireceği hüküm altına alınmıştır.*  "}]