[{"type":"header","content":"GELİR VERGİSİ KANUNU İLE BAZI KANUN VE KANUN HÜKMÜNDE"},{"type":"header","content":"KARARNAMELERDE DEĞİŞİKLİK YAPILMASINA DAİR KANUN"},{"type":"header","content":"Kanun Numarası                    : 7420"},{"type":"header","content":"Kabul Tarihi                           : 3/11/2022"},{"type":"header","content":"Yayımlandığı Resmî Gazete   : Tarih: 9/11/2022     Sayı: 32008"},{"type":"header","content":"MADDE 1 ilâ Madde 47- İlgili Kanunlara işlenmiştir."},{"type":"madde","maddeStr":"GEÇİCİ MADDE 1-","number":1,"content":"(1) Bu maddenin yürürlüğe girdiği tarihten itibaren işverenler tarafından çalışanlara elektrik, doğalgaz ve diğer ısınma giderlerine karşılık olmak üzere 30/6/2023 tarihine kadar (bu tarih dâhil) mevcut ücretlerine/prime esas kazançlarına ilave olarak yapılan aylık 1.000 Türk lirasını aşmayan ödemeler, 31/5/2006 tarihli ve 5510 sayılı Sosyal Sigortalar ve Genel Sağlık Sigortası Kanununa göre prime esas kazanca dâhil edilmez ve bu tutar üzerinden 31/12/1960 tarihli ve 193 sayılı Gelir Vergisi Kanunu uyarınca gelir vergisi hesaplanmaz.","subsections":[{"type":"text","content":"\\(2\\) Bu maddenin uygulanmasına ilişkin usul ve esasları belirlemeye ilgisine göre Hazine ve Maliye Bakanlığı ve Çalışma ve Sosyal Güvenlik Bakanlığı yetkilidir."}]},{"type":"madde","maddeStr":"GEÇİCİ MADDE 2-","number":2,"content":"(1) 15/8/2022 tarihi itibarıyla 9/6/1932 tarihli ve 2004 sayılı İcra ve İflas Kanunu ile 6/12/2018 tarihli ve 7155 sayılı Abonelik Sözleşmesinden Kaynaklanan Para Alacaklarına İlişkin Takibin Başlatılması Usulü Hakkında Kanun uyarınca icra takibi başlatılmış bulunan, borçlusu gerçek kişi olan ve her bir icra dosyası itibarıyla asıl alacak ve ferileri dâhil icra takibi başlatıldığı tarihteki takip talebinde yer alan takip tutarı 2.000 Türk lirasını aşmayan alacaklar ile bu tutarın üzerinde takip başlamış olmakla birlikte 15/8/2022 tarihi itibarıyla dosyada yapılmış tahsilatlar nedeniyle bakiye takip tutarı 2.000 Türk lirası ve altına düşen alacaklardan, alacaklıların bu maddenin yürürlüğe girdiği tarihi takip eden altıncı ayın sonuna kadar alacak haklarından feragat ettiklerini belirtir dilekçeyle vazgeçerek icra takiplerini sonlandırmaları koşuluyla takip konusu alacak, 4/1/1961 tarihli ve 213 sayılı Vergi Usul Kanununun 322 nci maddesi kapsamında alacak kabul edilir.","subsections":[{"type":"text","content":"\\(2\\) Bu madde kapsamında icra takibinden vazgeçilen alacaklar için 2/7/1964 tarihli ve 492 sayılı Harçlar Kanununun 23 üncü maddesi uyarınca icra takibinden vazgeçme nedeniyle alınması gereken harç ile 30/6/1934 tarihli ve 2548 sayılı Ceza Evleriyle Mahkeme Binaları İnşası Karşılığı Olarak Alınacak Harçlar ve Mahkûmlara Ödettirilecek Yiyecek Bedelleri Hakkında Kanunun 1 inci maddesinde düzenlenen harç alınmaz. Evvelce alınan harçlar iade edilmez. Bu Kanun hükümlerinden yararlanılmak üzere takibinden vazgeçilen icra dosyaları ile ilgili olarak taraflar karşılıklı olarak yargılama gideri ve vekalet ücreti talebinde bulunamaz."},{"type":"text","content":"\\(3\\) 4/2/1924 tarihli ve 406 sayılı Telgraf ve Telefon Kanununun ek 37 nci maddesine göre Hazine payı ödemekle yükümlü işletmecilerin, bu madde hükmünden yararlanarak alacaklarının takibinden vazgeçmeleri durumunda, takibinden vazgeçtikleri tutar içinde Hazine payı hesaplanmasını gerektirir alacak bulunması koşuluyla, 15/8/2022 tarihi itibarıyla ilgili icra dosyasındaki takip tutarının yüzde 18’i, feragat tarihini takip eden aydan başlamak üzere ödemeleri gereken Hazine paylarından mahsup edilmek suretiyle iade edilir."},{"type":"text","content":"\\(4\\) 5/11/2008 tarihli ve 5809 sayılı Elektronik Haberleşme Kanunu çerçevesinde Bilgi Teknolojileri Kurumu tarafından yetkilendirilen, Hazine payı ödemekle yükümlü olmayan ancak 16/6/2005 tarihli ve 5369 sayılı Evrensel Hizmet Kanunu kapsamında evrensel hizmet katkı payı ödeme yükümlülüğü bulunan işletmecilerin bu madde hükmünden yararlanarak alacaklarının takibinden vazgeçmeleri durumunda, takibinden vazgeçtikleri tutar içinde evrensel hizmet katkı payı hesaplanmasını gerektirir alacak bulunması koşuluyla, 15/8/2022 tarihi itibarıyla ilgili icra dosyasındaki takip tutarının yüzde l’i, feragat tarihini takip eden ilk dönemden başlamak üzere ödemeleri gereken evrensel hizmet katkı paylarından mahsup edilmek suretiyle iade edilir."},{"type":"text","content":"\\(5\\) Bu madde hükmünden faydalanarak alacaklarından feragat edenler, feragat ettikleri alacaklar ile ilgili olarak, bu maddede öngörülen hükümler dışında ilgili idareden herhangi bir yasal yükümlülüğün iadesi, vekalet ücreti, yargılama gideri ve benzeri başkaca bir hak ve alacak talebinde bulunamaz."},{"type":"text","content":"\\(6\\) Bu maddenin uygulanmasına ilişkin usul ve esaslar Adalet Bakanlığı ve Ulaştırma ve Altyapı Bakanlığının görüşü alınmak suretiyle Hazine ve Maliye Bakanlığınca belirlenir."}]},{"type":"madde","maddeStr":"GEÇİCİ MADDE 3-","number":3,"content":"(1) 19/10/2005 tarihli ve 5411 sayılı Bankacılık Kanunu kapsamında faaliyet gösteren varlık yönetim şirketlerince, bankalardan 15/8/2022 tarihi (bu tarih dâhil) itibarıyla devir ve temlik alınan ve bu Kanunun yürürlüğe girdiği tarih itibarıyla anapara takip bakiyesi 2.500 Türk lirası ve altında bulunan bireysel nitelikli her türlü kredi sözleşmesinden kaynaklı alacakların anapara takip bakiyesinin yarısı; kalan anapara, faiz, masraf, vekalet ücretleri ve benzeri alacaklarının takibinden feragat etmeleri şartıyla, Hazine ve Maliye Bakanlığı bütçesinden Tasarruf Mevduatı Sigorta Fonuna aktarılan tutardan Fonun iştiraki olan varlık yönetim şirketi aracılığıyla ödenir. Bu kapsamda tasfiye edilecek tutar bir gerçek kişinin tüm varlık yönetim şirketlerine olan borç toplamı dikkate alınarak tespit edilir.","subsections":[{"type":"text","content":"\\(2\\) Bu madde kapsamında alacaklı kuruluşlar tarafından tahsil edilen tutarlar nedeniyle lehe alınan paralar banka ve sigorta muameleleri vergisinden istisnadır, tasfiye edilen alacaklar için 5411 sayılı Kanunun 143 üncü maddesinin altıncı fıkrasında yer alan istisna düzenlemesi kapsamındaki 492 sayılı Kanuna göre alınması gereken icra tahsil harcı ve vazgeçmeye ilişkin harç ile 2548 sayılı Kanunun 1 inci maddesinde düzenlenen harç alınmaz."},{"type":"text","content":"\\(3\\) Bu madde kapsamında tasfiye edilen alacaklar nedeniyle borçlu veya vekili tarafından, varlık yönetim şirketlerinden veya Hazine ve Maliye Bakanlığından, vekalet ücreti, yargılama gideri ve benzeri başkaca bir hak ve alacak talebinde bulunulamaz. Kapsama giren alacaklara karşılık maddenin yürürlüğe girdiği tarihten sonra varlık yönetim şirketlerince yapılmış tahsilatlar bu şirketlerce borçlusuna iade edilir."},{"type":"text","content":"\\(4\\) Bu maddenin uygulamasına ilişkin usul ve esasları belirlemeye, madde kapsamında tasfiye edilecek anapara alacak tutarını bir katına kadar artırmaya Hazine ve Maliye Bakanı yetkilidir."}]},{"type":"madde","maddeStr":"GEÇİCİ MADDE 4-","number":4,"content":"(1) 24/4/1930 tarihli ve 1593 sayılı Umumi Hıfzıssıhha Kanunu ile 30/3/2005 tarihli ve 5326 sayılı Kabahatler Kanunu kapsamında COVID-19 salgın hastalığının ülkemizde yayılmasını önlemek amacıyla 11/3/2020 tarihinden itibaren bu maddenin yürürlüğe girdiği tarihe kadar verilen ve bu Kanunun yayımlandığı tarih itibarıyla ilgilisine tebliğ edilmemiş olan idari para cezaları tebliğ edilmez, tebliğ edilmiş olanların tahsilinden vazgeçilir. Bu maddenin yürürlük tarihinden önce işlenen söz konusu kabahatler için idari para cezası verilmez, tahsil edilmiş olan idari para cezaları iade edilmez.","subsections":[]},{"type":"madde","maddeStr":"MADDE 48-","number":48,"content":"(1) Bu Kanunun;","subsections":[{"type":"text","content":"a\\) 2 nci maddesi yayımını izleyen ayın başında,"},{"type":"text","content":"b\\) 3 üncü maddesi 1/1/2023 tarihinden itibaren elde edilen gelir veya kazançlara uygulanmak üzere yayımı tarihinde,"},{"type":"text","content":"c\\) 23 üncü maddesi ile 5520 sayılı Kanunun geçici 14 üncü maddesinin yedinci fıkrasında değişiklik yapan hüküm 26/5/2022 tarihinden itibaren uygulanmak üzere yayımı tarihinde, diğer hükümleri ise yayımı tarihinde,"},{"type":"text","content":"ç) 29 uncu maddesi 1/10/2022 tarihinden itibaren uygulanmak üzere yayımı tarihinde,"},{"type":"text","content":"d\\) 32 nci ve 33 üncü maddeleri 1/1/2023 tarihinde,"},{"type":"text","content":"e\\) 37 nci maddesi 1/1/2024 tarihinde,"},{"type":"text","content":"f\\) Diğer hükümleri yayımı tarihinde,"},{"type":"text","content":"yürürlüğe girer."}]},{"type":"madde","maddeStr":"MADDE 49-","number":49,"content":"(1) Bu Kanun hükümlerini Cumhurbaşkanı yürütür.","subsections":[]}]