[{"type":"header","content":"BAZI KANUN VE KANUN HÜKMÜNDE KARARNAMELERDE"},{"type":"header","content":"DEĞİŞİKLİK YAPILMASINA DAİR KANUN"},{"type":"header","content":"Kanun Numarası                    : 7145"},{"type":"header","content":"Kabul Tarihi                           : 25/7/2018"},{"type":"header","content":"Yayımlandığı Resmî Gazete  : Tarih  : 31/7/2018        Sayı  : 30495"},{"type":"header","content":"Yayımlandığı Düstur              : Tertip : 5                      Cilt   : 60"},{"type":"header","content":"MADDE 1- (10/6/1949 tarihli ve 5442 sayılı İl İdaresi Kanunu ile ilgili olup yerine işlenmiştir.)"},{"type":"header","content":"MADDE 2- (4/1/1961 tarihli ve 211 sayılı Türk Silahlı Kuvvetleri İç Hizmet Kanunu ile ilgili olup yerine işlenmiştir.)"},{"type":"madde","maddeStr":"MADDE 3-","number":3,"content":"13/5/1971 tarihli ve 1402 sayılı Sıkıyönetim Kanunu yürürlükten kaldırılmıştır.","subsections":[]},{"type":"header","content":"MADDE 4-  (6/1/1982 tarihli ve 2577 sayılı İdari Yargılama Usulü Kanunu ile ilgili olup yerine işlenmiştir.)"},{"type":"header","content":"MADDE 5- (9/7/1982 tarihli ve 2692 sayılı Sahil Güvenlik Komutanlığı Kanunu ile ilgili olup yerine işlenmiştir.)"},{"type":"header","content":"MADDE 6-7- (10/3/1983 tarihli ve 2803 sayılı Jandarma Teşkilat, Görev ve Yetkileri Kanunu ile ilgili olup yerine işlenmiştir.)"},{"type":"header","content":"MADDE 8-9- (6/10/1983 tarihli ve 2911 sayılı Toplantı ve Gösteri Yürüyüşleri Kanunu ile ilgili olup yerine işlenmiştir.)"},{"type":"header","content":"MADDE 10- (1/11/1983 tarihli ve 2937 sayılı Devlet İstihbarat Hizmetleri ve Milli İstihbarat Teşkilatı Kanunu ile ilgili olup yerine işlenmiştir.)"},{"type":"header","content":"MADDE 11- (4/11/1983 tarihli ve 2941 sayılı Seferberlik ve Savaş Hali Kanunu ile ilgili olup yerine işlenmiştir.)"},{"type":"header","content":"MADDE 12-13- (12/4/1991 tarihli ve 3713 sayılı Terörle Mücadele Kanunu ile ilgili olup yerine işlenmiştir.)"},{"type":"header","content":"MADDE 14 ila 18- (4/12/2004 tarihli ve 5271 sayılı Ceza Muhakemesi Kanunu ile ilgili olup yerine işlenmiştir.)"},{"type":"header","content":"MADDE 19- (12/1/2011 tarihli ve 6100 sayılı Hukuk Muhakemeleri Kanunu ile ilgili olup yerine işlenmiştir.)"},{"type":"header","content":"MADDE 20- (9/1/2013 tarihli ve 6384 sayılı Avrupa İnsan Hakları Mahkemesine Yapılmış Bazı Başvuruların Tazminat Ödenmek Suretiyle Çözümüne Dair Kanun ile ilgili olup yerine işlenmiştir.)"},{"type":"header","content":"MADDE 21- (18/10/2016 tarihli ve 6749 sayılı Olağanüstü Hal Kapsamında Alınan Tedbirlere İlişkin Kanun Hükmünde Kararnamenin Değiştirilerek Kabul Edilmesine Dair Kanun ile ilgili olup yerine işlenmiştir.)"},{"type":"header","content":"MADDE 22 ila 24- (1/2/2018 tarihli ve 7075 sayılı Olağanüstü Hal İşlemleri İnceleme Komisyonu Kurulması Hakkında Kanun Hükmünde Kararnamenin Değiştirilerek Kabul Edilmesine Dair Kanun ile ilgili olup yerine işlenmiştir.)"},{"type":"header","content":"MADDE 25-26- (27/6/1989 tarihli ve 375 sayılı Kanun Hükmünde Kararname ile ilgili olup yerine işlenmiştir.)"},{"type":"madde","maddeStr":"GEÇİCİ MADDE 1-","number":1,"content":"(1) 10/11/2016 tarihli ve 6758 sayılı Olağanüstü Hal Kapsamında Bazı Düzenlemeler Yapılması Hakkında Kanun Hükmünde Kararnamenin Değiştirilerek Kabul Edilmesine Dair Kanunun 19 uncu maddesinin ikinci fıkrası uyarınca Tasarruf Mevduatı Sigorta Fonunun kayyım olarak atanmasına ilişkin hüküm, bu maddenin yürürlüğe girdiği tarihten itibaren altı yıl süreyle uygulanır.[\\[1\\]](#Xc217c44f9d6f9d647df03178eb8b64fb8f54252)","subsections":[{"type":"text","content":"\\(2\\) **(İptal fıkra: Anayasa Mahkemesi’nin 30/06/2022 tarihli ve E.:2018/137, K.:2022/86 sayılı Kararı ile)**"},{"type":"text","content":"\\(3\\) 4/12/2004 tarihli ve 5271 sayılı Ceza Muhakemesi Kanununun 133 üncü maddesi uyarınca kayyım atanan şirketlerde ortaklık pay ve haklarına ilişkin olarak soruşturmanın başladığı tarihten Fonun kayyım olarak atandığı tarihe kadar şirket ortakları tarafından yapılmış olan devir ve temlik işlemleri muvazaalı kabul edilerek geçersiz sayılır ve ticaret sicilinden resen terkin edilir."}]},{"type":"madde","maddeStr":"MADDE 27-","number":27,"content":"(1) Bu Kanun yayımı tarihinde yürürlüğe girer.","subsections":[]},{"type":"madde","maddeStr":"MADDE 28-","number":28,"content":"(1) Bu Kanun hükümlerini Cumhurbaşkanı yürütür.","subsections":[]},{"type":"header","content":"7145 SAYILI KANUNA EK VE DEĞİŞİKLİK GETİREN MEVZUATIN VEYA"},{"type":"header","content":"ANAYASA MAHKEMESİ İPTAL KARARLARININ YÜRÜRLÜĞE GİRİŞ"},{"type":"header","content":"TARİHLERİNİ GÖSTERİR LİSTE"},{"type":"table","content":"<table> <colgroup> <col style=\"width: 33%\" /> <col style=\"width: 33%\" /> <col style=\"width: 33%\" /> </colgroup> <tbody> <tr class=\"odd\"> <td><strong>Değiştiren Kanunun/ KHK’nin veya İptal Eden Anayasa Mahkemesi Kararının Numarası</strong></td> <td><strong>7145 Sayılı Kanunun Değişen veya İptal Edilen Maddeleri</strong></td> <td><strong>Yürürlüğe Giriş Tarihi</strong></td> </tr> <tr class=\"even\"> <td>7333</td> <td>Geçici Madde 1</td> <td>28/7/2021</td> </tr> <tr class=\"odd\"> <td><p>Anayasa Mahkemesinin 30/6/2022 tarihli ve</p> <p>E.: 2018/137, K.: 2022/86 sayılı Kararı</p></td> <td>Geçici Madde 1</td> <td>12/1/2023</td> </tr> </tbody> </table>"},{"type":"freeText","content":"*[**\\[1\\]**](#Xf4c8113f07524640efcbf4d5822e1fc633a9e60) 18/7/2021 tarihli ve 7333 sayılı Kanunun 20 nci maddesiyle, bu fıkrada yer alan “üç yıl” ibaresi “altı yıl” şeklinde değiştirilmiştir.*"}]