[{"type":"header","content":"OLAĞANÜSTÜ HAL KAPSAMINDA BAZI TEDBİRLER ALINMASI HAKKINDA"},{"type":"header","content":"KANUN HÜKMÜNDE KARARNAMENİN KABUL EDİLMESİNE DAİR KANUN[\\[1\\]](#Xc217c44f9d6f9d647df03178eb8b64fb8f54252)"},{"type":"header","content":"Kanun Numarası                    : 7087"},{"type":"header","content":"Kabul Tarihi                           : 7/2/2018"},{"type":"header","content":"Yayımlandığı Resmî Gazete   : Tarih  : 8/3/2018          Sayı  : 30354 (Mükerrer)"},{"type":"header","content":"Yayımlandığı Düstur              : Tertip : 5                      Cilt   : 59"},{"type":"header","content":"İade hükümleri"},{"type":"madde","maddeStr":"MADDE 1-","number":1,"content":"(1) Ekli listede yer alan kamu görevlileri, ilgili kanun hükmünde kararnamenin eki listelerin ilgili sıralarından çıkarılmıştır.","subsections":[{"type":"text","content":"\\(2\\) İlgili kanun hükmünde kararname hükümleri, birinci fıkrada belirtilen kişiler bakımından tüm hüküm ve sonuçlarıyla birlikte ilgili kanun hükmünde kararnamenin yayımı tarihinden geçerli olmak üzere ortadan kalkmış sayılır. Söz konusu personelden bu maddenin yürürlük tarihinden itibaren on gün içerisinde göreve başlamayanlar çekilmiş sayılır. Bu kapsamda göreve başlayanlara, kamu görevinden çıkarıldıkları tarihten göreve başladıkları tarihe kadar geçen süreye tekabül eden mali ve sosyal hakları ödenir. Bu kişiler, kamu görevinden çıkarılmalarından dolayı herhangi bir tazminat talebinde bulunamaz. Bu personelin görevlerine iadesi, kamu görevinden çıkarıldıkları tarihte bulundukları yöneticilik görevi dışında öğrenim durumları ve kazanılmış hak aylık derecelerine uygun kadro ve pozisyonlara atanmak suretiyle de yerine getirilebilir. Bu maddeye ilişkin işlemler ilgili bakanlık ve kurumlar tarafından yürütülür."}]},{"type":"header","content":"Yürürlük"},{"type":"madde","maddeStr":"MADDE 2-","number":2,"content":"(1) Bu Kanun yayımı tarihinde yürürlüğe girer.","subsections":[]},{"type":"header","content":"Yürütme"},{"type":"madde","maddeStr":"MADDE 3-","number":3,"content":"(1) Bu Kanun hükümlerini Bakanlar Kurulu yürütür.","subsections":[{"type":"text","content":"*[**\\[1\\]**](#Xf4c8113f07524640efcbf4d5822e1fc633a9e60) Bu Kanunun ekinde yer alan listeler için 8/3/2018 tarihli ve 30354 (Mükerrer) sayılı Resmi Gazete’ye bakınız.*"}]}]