[{"type":"header","content":"OLAĞANÜSTÜ HAL KAPSAMINDA BAZI TEDBİRLER ALINMASI HAKKINDA KANUN HÜKMÜNDE KARARNAMENİN DEĞİŞTİRİLEREK"},{"type":"header","content":"KABUL EDİLMESİNE DAİR KANUN[\\[1\\]](#Xc217c44f9d6f9d647df03178eb8b64fb8f54252)"},{"type":"header","content":"Kanun Numarası                    : 7098"},{"type":"header","content":"Kabul Tarihi                           : 13/2/2018"},{"type":"header","content":"Yayımlandığı Resmî Gazete   : Tarih  : 8/3/2018          Sayı  : 30354 (Mükerrer)"},{"type":"header","content":"Yayımlandığı Düstur              : Tertip : 5                      Cilt   : 59"},{"type":"header","content":"Kamu personeline ilişkin tedbirler"},{"type":"madde","maddeStr":"MADDE 1-","number":1,"content":"(1) Terör örgütlerine veya Milli Güvenlik Kurulunca Devletin milli güvenliğine karşı faaliyette bulunduğuna karar verilen yapı, oluşum veya gruplara üyeliği, mensubiyeti veya iltisakı yahut bunlarla irtibatı olan ve ekli (1) sayılı listede yer alan kişiler kamu görevinden başka hiçbir işleme gerek kalmaksızın çıkarılmıştır. Bu kişilere ayrıca herhangi bir tebligat yapılmaz. Haklarında ayrıca özel kanun hükümlerine göre işlem tesis edilir.","subsections":[{"type":"text","content":"\\(2\\) Birinci fıkra gereğince kamu görevinden çıkarılan kişilerin, mahkûmiyet kararı aranmaksızın rütbe ve/veya memuriyetleri alınır ve bu kişiler görev yaptıkları teşkilata yeniden kabul edilmezler; bir daha kamu hizmetinde istihdam edilemezler, doğrudan veya dolaylı olarak görevlendirilemezler; bunların uhdelerinde bulunan her türlü mütevelli heyet, kurul, komisyon, yönetim kurulu, denetim kurulu, tasfiye kurulu üyeliği ve sair görevleri de sona ermiş sayılır. Bunların silah ruhsatları, gemi adamlığına ilişkin belgeleri ve pilot lisansları iptal edilir ve bu kişiler oturdukları kamu konutlarından veya vakıf lojmanlarından onbeş gün içinde tahliye edilir. Bu kişiler özel güvenlik şirketlerinin kurucusu, ortağı ve çalışanı olamazlar. Bu kişiler hakkında bakanlıkları ve kurumlarınca ilgili pasaport birimine derhal bildirimde bulunulur. Bu bildirim üzerine pasaport birimlerince pasaportlar iptal edilir."},{"type":"text","content":"\\(3\\) Birinci fıkra kapsamında kamu görevinden çıkarılanlar, varsa uhdelerinde taşımış oldukları büyükelçi, vali gibi unvanları ve müsteşar, kaymakam ve benzeri meslek adlarını ve sıfatlarını kullanamazlar ve bu unvan, sıfat ve meslek adlarına bağlı olarak sağlanan haklardan yararlanamazlar."}]},{"type":"header","content":"İade hükümleri"},{"type":"madde","maddeStr":"MADDE 2-","number":2,"content":"(1) Ekli (2) sayılı listede yer alan kişiler, ilgili kanun hükmünde kararnamenin eki listelerin ilgili sıralarından çıkarılmıştır.","subsections":[{"type":"text","content":"\\(2\\) İlgili kanun hükmünde kararname hükümleri, birinci fıkrada belirtilen kişiler bakımından tüm hüküm ve sonuçlarıyla birlikte ilgili kanun hükmünde kararnamenin yayımı tarihinden geçerli olmak üzere ortadan kalkmış sayılır. Söz konusu personelden bu maddenin"},{"type":"text","content":"yürürlük tarihinden itibaren on gün içerisinde göreve başlamayanlar çekilmiş sayılır. Bu kapsamda göreve başlayanlara, kamu görevinden çıkarıldıkları tarihten göreve başladıkları tarihe kadar geçen süreye tekabül eden mali ve sosyal hakları ödenir. Bu kişiler, kamu görevinden çıkarılmalarından dolayı herhangi bir tazminat talebinde bulunamaz. Bu personelin görevlerine iadesi, kamu görevinden çıkarıldıkları tarihte bulundukları yöneticilik görevi dışında öğrenim durumları ve kazanılmış hak aylık derecelerine uygun kadro ve pozisyonlara atanmak suretiyle de yerine getirilebilir. Bu maddeye ilişkin işlemler ilgili bakanlık ve kurumlar tarafından yürütülür."},{"type":"text","content":"\\(3\\) Olağanüstü hal kapsamında yürürlüğe konulan kanun hükmünde kararnameler gereği öğrencilikle ilişikleri kesilmiş olanlardan bu Kanun Hükmünde Kararnameye ekli (3) sayılı listede yer alanlar, ilgili kanun hükmünde kararnamenin eki listelerin ilgili sıralarından çıkarılmıştır. İlgili kanun hükmünde kararname hükümleri, bu kişiler bakımından tüm hüküm ve sonuçlarıyla birlikte ilgili kanun hükmünde kararnamenin yayımı tarihinden itibaren ortadan kalkmış sayılır."},{"type":"text","content":"\\(4\\) Ekli (4) sayılı listede yer alan kişiler, ilgili kanun hükmünde kararnamenin eki listenin ilgili sıralarından çıkarılmıştır. İlgili kanun hükmünde kararname hükümleri, bu kişiler bakımından tüm hüküm ve sonuçlarıyla birlikte ilgili kanun hükmünde kararnamenin yayımı tarihinden geçerli olmak üzere ortadan kalkmış sayılır. Bu fıkraya ilişkin işlemler ilgili bakanlık ve kurumlar tarafından yürütülür."}]},{"type":"header","content":"Rütbesi alınan Türk Silahlı Kuvvetleri personeli"},{"type":"madde","maddeStr":"MADDE 3-","number":3,"content":"(1) Türk Silahlı Kuvvetlerinden emekliye sevk edilen, kendi isteğiyle emekli olan, istifa eden veya başka bir sebeple ayrılanlardan, terör örgütlerine veya Milli Güvenlik Kurulunca Devletin milli güvenliğine karşı faaliyette bulunduğuna karar verilen yapı, oluşum veya gruplara üyeliği, mensubiyeti veya iltisakı yahut bunlarla irtibatı olduğu değerlendirilen ve ekli (5) sayılı listede yer alanların rütbeleri alınır ve emekli kimlikleri iptal edilir. Bu kişiler kamu görevine yeniden kabul edilmezler, doğrudan veya dolaylı görevlendirilemezler. Ayrıca bunlar uhdelerinde taşımış oldukları mesleki unvanları ve sıfatlarını kullanamazlar ve bu unvan ve sıfatlarına bağlı olarak sağlanan haklardan yararlanamazlar. Bu kişilerin uhdelerinde bulunan her türlü mütevelli heyet, kurul, komisyon, yönetim kurulu, denetim kurulu, tasfiye kurulu üyeliği ve sair görevleri de sona ermiş sayılır. Bunların silah ruhsatları, pilot lisansları, gemi adamlığına ilişkin belgeleri ve ilgili pasaport birimlerince pasaportları iptal edilir. Bu kişiler özel güvenlik şirketlerinin kurucusu, ortağı ve çalışanı olamazlar.","subsections":[]},{"type":"header","content":"Kurum ve kuruluşlara ilişkin tedbirler"},{"type":"madde","maddeStr":"MADDE 4-","number":4,"content":"(1) Terör örgütlerine veya Milli Güvenlik Kurulunca Devletin milli güvenliğine karşı faaliyette bulunduğuna karar verilen yapı, oluşum veya gruplara aidiyeti, iltisakı veya bunlarla irtibatı olan ve ekli (6) sayılı listede yer alan kurum ve kuruluşlar kapatılmıştır.","subsections":[{"type":"text","content":"\\(2\\) Birinci fıkra kapsamında kapatılan kurum ve kuruluşlara ait olan taşınırlar ile her türlü malvarlığı, alacak ve haklar, belge ve evrak Hazineye bedelsiz olarak devredilmiş sayılır, bunlara ait taşınmazlar tapuda resen Hazine adına, her türlü kısıtlama ve taşınmaz yükünden ari olarak tescil edilir. Bunların her türlü borçlarından dolayı hiçbir şekilde Hazineden bir hak ve talepte bulunulamaz. Devre ilişkin işlemler ilgili tüm kurumlardan gerekli yardımı almak suretiyle Maliye Bakanlığı tarafından yerine getirilir."}]},{"type":"madde","maddeStr":"EK MADDE 1-","number":1,"content":"(1) 6/2/2018 tarihli ve 7081 sayılı Olağanüstü Hal Kapsamında Bazı Tedbirler Alınması Hakkında Kanun Hükmünde Kararnamenin Kabul Edilmesine Dair Kanunun 10 uncu maddesiyle,","subsections":[{"type":"text","content":"a\\) 18/10/2016 tarihli ve 6749 sayılı Olağanüstü Hal Kapsamında Alınan Tedbirlere İlişkin Kanun Hükmünde Kararnamenin Değiştirilerek Kabul Edilmesine Dair Kanunun 3 üncü maddesinin birinci fıkrasına ikinci cümlesinden sonra gelmek üzere eklenen cümle,"},{"type":"text","content":"b\\) 6749 sayılı Kanunun 5 inci maddesine eklenen fıkra,"},{"type":"text","content":"c\\) 9/11/2016 tarihli ve 6756 sayılı Olağanüstü Hal Kapsamında Bazı Tedbirler Alınması ve Milli Savunma Üniversitesi Kurulması ile Bazı Kanunlarda Değişiklik Yapılmasına Dair Kanun Hükmünde Kararnamenin Değiştirilerek Kabul Edilmesi Hakkında Kanunun 4 üncü maddesinin birinci fıkrasına “Olağanüstü halin” ibaresinden sonra gelmek üzere eklenen ibare ve “mahkemelerce” ibaresinden sonra gelmek üzere eklenen ibare ile aynı maddeye eklenen fıkra,"},{"type":"text","content":"yürürlükten kaldırılmıştır."},{"type":"text","content":"\\(2\\) 6/2/2018 tarihli ve 7082 sayılı Olağanüstü Hal Kapsamında Bazı Tedbirler Alınması Hakkında Kanun Hükmünde Kararnamenin Kabul Edilmesine Dair Kanunun 17 nci maddesiyle 10/11/2016 tarihli ve 6758 sayılı Olağanüstü Hal Kapsamında Bazı Düzenlemeler Yapılması Hakkında Kanun Hükmünde Kararnamenin Değiştirilerek Kabul Edilmesine Dair Kanunun 19 uncu maddesine eklenen fıkra yürürlükten kaldırılmıştır."},{"type":"text","content":"\\(3\\) 8/2/2018 tarihli ve 7091 sayılı Olağanüstü Hal Kapsamında Alınması Gereken Tedbirler Hakkında Kanun Hükmünde Kararnamenin Kabul Edilmesi Hakkında Kanunun 10 uncu maddesiyle;"},{"type":"text","content":"a\\) 6749 sayılı Kanunun 3 üncü maddesinin birinci fıkrasına ilk cümlesinden sonra gelmek üzere eklenen cümle,"},{"type":"text","content":"b\\) 6749 sayılı Kanunun 4 üncü maddesinin üçüncü fıkrasına “silah ruhsatları” ibaresinden sonra gelmek üzere eklenen ibare,"},{"type":"text","content":"c\\) 6749 sayılı Kanunun 7 nci maddesine eklenen fıkra,"},{"type":"text","content":"ç) 6749 sayılı Kanunun 8 inci maddesinin birinci fıkrasına eklenen cümle,"},{"type":"text","content":"d\\) 8/11/2016 tarihli ve 6755 sayılı Olağanüstü Hal Kapsamında Alınması Gereken Tedbirler ile Bazı Kurum ve Kuruluşlara Dair Düzenleme Yapılması Hakkında Kanun Hükmünde Kararnamenin Değiştirilerek Kabul Edilmesine Dair Kanunun 2 nci maddesinin ikinci fıkrasına “silah ruhsatları” ibaresinden sonra gelmek üzere eklenen ibare,"},{"type":"text","content":"e\\) 6756 sayılı Kanunun 2 nci maddesinin ikinci fıkrasına “silah ruhsatları” ibaresinden sonra gelmek üzere eklenen ibare,"},{"type":"text","content":"f\\) 6756 sayılı Kanunun 104 üncü maddesine eklenen fıkra,"},{"type":"text","content":"g\\) 6756 sayılı Kanunun 105 inci maddesinin ikinci fıkrasına eklenen cümle,"},{"type":"text","content":"yürürlükten kaldırılmıştır."},{"type":"text","content":"\\(4\\) 6756 sayılı Kanunun 107 nci maddesi aşağıdaki şekilde değiştirilmiştir."},{"type":"text","content":"“MADDE 107- (1) 106 ncı madde uyarınca Komisyonlar tarafından tespit edilen personelin Türk Silahlı Kuvvetleri, Sağlık Bilimleri Üniversitesi, diğer yükseköğretim kurumları ile Sağlık Bakanlığı ve bağlı kuruluşlarına devrine ilişkin usul ve esaslar ile devre ilişkin diğer hususları belirlemeye Bakanlar Kurulu yetkilidir."},{"type":"text","content":"\\(2\\) Devredilen personelin atanacağı kadrolar, başka bir işleme gerek kalmaksızın atama işleminin yapıldığı tarih itibarıyla ihdas edilerek 78 sayılı Kanun Hükmünde Kararname ile 190 sayılı Kanun Hükmünde Kararname eki cetvellerin ilgili kurumlara ait bölümlerine eklenmiş sayılır."},{"type":"text","content":"(3)  Devredilen personelden;"},{"type":"text","content":"a\\) Aylıklarını 657 sayılı Devlet Memurları Kanununa göre alanlara, devredilmeden önce en son ayda kadrolarına bağlı olarak yapılan aylık gösterge, ek gösterge, kıdem aylığı, taban aylığı, zam, tazminat ve ek ödeme veya sağlık hizmetleri tazminatı ödemeleri toplam net tutarının (bu tutar sabit bir değer olarak esas alınır); devir sonrası atandıkları yeni kadrolarına bağlı olarak yapılan aylık gösterge, ek gösterge, kıdem aylığı, taban aylığı, zam, tazminat ödemeleri ile döner sermayeden yapılan ek ödemenin toplam net tutarından fazla olması halinde aradaki fark tutarı, herhangi bir vergi ve kesintiye tabi tutulmaksızın fark kapanıncaya kadar ayrıca tazminat olarak ödenir."},{"type":"text","content":"b\\) Aylıklarını 2914 sayılı Yükseköğretim Personel Kanununa göre alanlara, devir sonrası atandıkları yeni kadrolarında ödenen döner sermaye ek ödemesi net tutarının, devir tarihi itibarıyla eski kadrolarına bağlı olarak hesaplanan sağlık hizmetleri tazminatı net tutarından (bu tutar sabit bir değer olarak esas alınır) az olması halinde, aradaki fark herhangi bir vergi ve kesintiye tabi tutulmaksızın ayrıca tazminat olarak ödenir."},{"type":"text","content":"c\\) Aylıklarını 926 sayılı Türk Silahlı Kuvvetleri Personel Kanununa göre alanlara, aylık ve mali hakları (ek ödeme veya sağlık hizmetleri tazminatı dahil), rütbe ve kıdemleri ile devredildiği tarihteki aylık ve mali hak unsurları (tayın bedeli ve fiilen çalışma karşılığı yapılan ödemeler hariç) esas alınarak aynı şekilde ödenir. Bu şekilde almakta oldukları aylık ve mali hakları toplam net tutarının, devir sonrası yeni kadrolarına bağlı olarak alabilecekleri aylık ve mali hakları toplamı ile atanmış oldukları yeni kadro unvanı esas alınmak suretiyle hesaplanan döner sermaye ek ödemesi toplamının net tutarından az olması halinde aradaki fark tutarı, herhangi bir vergi ve kesintiye tabi tutulmaksızın ayrıca tazminat olarak ödenir. Bunların, subaylarda kıdemli albay, astsubaylarda ise iki kademeli kıdemli başçavuş rütbesini geçmemek ve general ve amiraller bulundukları rütbede kalmak üzere rütbe, terfi ve kıdemlilik işlemleri ile yaş haddi ve kadrosuzluk tazminatı da dahil emeklilik işlemleri, görev yaptıkları kurum tarafından 926 sayılı Kanun hükümlerine göre yapılır. Ancak bunlar, istekleri halinde atanmış oldukları kadronun mali ve sosyal haklarından yararlanmak kaydıyla memurlar için belirlenen yaş haddine kadar çalışmaya devam edebilirler. Bu bent kapsamında bulunan personel hakkında 4/1/1961 tarihli ve 209 sayılı Kanunun ek 3 üncü maddesi ile 31/5/2006 tarihli ve 5510 sayılı Kanunun ek 3 üncü maddesi uygulanmaz. Devredilen personele 926 sayılı Kanunun ek 17 nci maddesinin (Ç) fıkrası uyarınca yapılacak sağlık hizmetleri tazminatı ödemelerine ilişkin esas ve usulleri belirlemeye, anılan fıkrada belirtilen hükümler çerçevesinde Maliye Bakanlığının uygun görüşü üzerine Sağlık Bakanlığı yetkilidir."},{"type":"text","content":"ç) Sözleşmeli olarak görev yapanlar, ilgili mevzuat hükümleri çerçevesinde aynı şekilde sözleşmeli olarak görev yapmaya ve ücret almaya devam ederler."},{"type":"text","content":"d\\) 13/6/2001 tarihli ve 4678 sayılı Türk Silahlı Kuvvetlerinde İstihdam Edilecek Sözleşmeli Subay ve Astsubaylar Hakkında Kanuna göre çalışmakta olanlar anılan Kanun hükümleri çerçevesinde muvazzaf subaylığa ve muvazzaf astsubaylığa geçirilmiş sayılır ve bu maddedeki muvazzaf subay ve muvazzaf astsubaylarla ilgili hükümlere tabi olurlar."},{"type":"text","content":"\\(4\\) Devredilen personel ve bunların emeklileri, Türk Silahlı Kuvvetleri ile Sahil Güvenlik ve Jandarma Genel Komutanlıklarına bağlı sosyal tesislerden ve varsa silah taşıma ve bulundurma hakkından emsali rütbedeki personel gibi yararlanır. Ordu Yardımlaşma Kurumu (OYAK) üyesi olanların bu üyelikleri üçüncü fıkra hükümlerine tabi oldukları sürece, fiili hizmet süresi zammından yararlananların bu hakları ise üçüncü fıkranın (c) bendi hükümleri çerçevesinde 926 sayılı Kanuna göre aylık aldıkları sürece devir tarihindeki hükümler esas alınmak suretiyle devam eder."},{"type":"text","content":"\\(5\\) Üçüncü ve dördüncü fıkra hükümleri, ilgililer bu madde uyarınca devredildikleri kurumların kadrolarında kaldıkları sürece uygulanır. Ancak ilgili personelin Sağlık Bakanlığı ile Sağlık Bilimleri Üniversitesi arasındaki geçişleri kurum değişikliği sayılmaz."},{"type":"text","content":"\\(6\\) Askeri sağlık teşkillerinin yönetildiği merkez veya bölge teşkilatlarında görevli olup, sağlık teşkillerinin devri sebebiyle hizmetine ihtiyaç kalmayan sağlık ve yardımcı sağlık personeli ile görev sürelerinin bitiminde yurda dönen Girne Asker Hastanesinde görevli sağlık ve yardımcı sağlık personeli de Sağlık Bakanlığı ve Milli Savunma Bakanlığının müşterek kararıyla devredilen personel kapsamına alınır."},{"type":"text","content":"\\(7\\) Gülhane Askeri Tıp Akademisinde uzmanlık ve yan dal uzmanlık eğitimi yapma hakkı kazanmış olup henüz uzmanlık eğitimine başlamamış olanlardan ihtiyaç duyulan branşlardaki personel; kıta, kurum ve karargâhlarda fiilen en az iki yıllık hizmeti tamamlamak kaydıyla Sağlık Bilimleri Üniversitesinde Milli Savunma Bakanlığı veya İçişleri Bakanlığı nam ve hesabına tıpta uzmanlık ve yan dal uzmanlık eğitimi yapar. İhtiyaç duyulmayan branşlardaki personel, devredilen personel kapsamında Sağlık Bilimleri Üniversitesinde araştırma görevlisi kadrolarına atanır. Gülhane Askeri Tıp Akademisinde lisansüstü eğitim yapmakta olan öğrenciler (yabancı öğrenciler dahil) ile bu hakkı kazanmış olanlar eğitimlerine Üniversitede devam eder."},{"type":"text","content":"\\(8\\) Devredilen personelden Türk Silahlı Kuvvetleri ile Sahil Güvenlik ve Jandarma Genel Komutanlıklarına karşı mecburi hizmeti bulunan personel, bu hizmetlerini devredildikleri kurumlarda tamamlar."},{"type":"text","content":"\\(9\\) Uluslararası askeri anlaşma ve protokoller kapsamında Gülhane Askeri Tıp Akademisinde eğitim ve öğretim gören yabancı uyruklu personel ve bakmakla yükümlü oldukları aile fertleri ile yine aynı anlaşmalar kapsamında yıllık kontenjan dahilinde ücretsiz tedavisi yapılan hastaların tedavi giderleri ile misafir askeri personel ve öğrencilerin maaş, harçlık ve her türlü giderleri Milli Savunma Bakanlığı bütçesinden karşılanır."},{"type":"text","content":"\\(10\\) Savaş hali ve Türk Silahlı Kuvvetlerinin yurtdışı görevleri nedeniyle askeri sağlık teşkili kurulması ile buralarda görevlendirilecek Sağlık Bakanlığı personeline ilişkin usul ve esaslar Milli Savunma Bakanlığı ile Sağlık Bakanlığı arasında yapılacak protokollerle belirlenir."},{"type":"text","content":"\\(11\\) Devredilen personele devir tarihinden sonra yapılması gereken aylık veya ücret ödemeleri yeni kurumları tarafından yapılır ve bu ödemeler hakkında kurumlar arasında herhangi bir hesaplaşma yapılmaz.”"},{"type":"text","content":"\\(5\\) 6758 sayılı Kanunun 7082 sayılı Kanunun 17 nci maddesiyle değişiklik yapılan 20 nci maddesinin birinci fıkrasının ikinci cümlesi aşağıdaki şekilde değiştirilmiştir."},{"type":"text","content":"“Kayyımlık yetkisi Fona devredilen veya Fonun kayyım olarak atandığı şirketleri ve ortaklık paylarını soruşturma ve kovuşturma süresince yönetmek ve temsil etmek üzere atananlar veya görevlendirilenler ile 5271 sayılı Kanunun 128 inci maddesinin onuncu fıkrasına göre malvarlığı değerlerinin yönetimi amacıyla atananlar ve bu kapsamda icra edilen iş ve işlemler hakkında 8/11/2016 tarihli ve 6755 sayılı Olağanüstü Hal Kapsamında Alınması Gereken Tedbirler ile Bazı Kurum ve Kuruluşlara Dair Düzenleme Yapılması Hakkında Kanun Hükmünde Kararnamenin Değiştirilerek Kabul Edilmesine Dair Kanunun 37 nci ve 38 inci maddeleri uygulanır.”"},{"type":"text","content":"\\(6\\) 7091 sayılı Kanunun 5 inci maddesinin birinci fıkrasında yer alan “kefaletten doğmaması” ibaresi “asıl borçlu ve diğer kefiller hakkında kesin aciz vesikası bulunan haller hariç olmak üzere kefaletten doğmaması” şeklinde değiştirilmiş, aynı fıkraya “(FETÖ/PDY’ne)” ibaresinden sonra gelmek üzere “veya diğer terör örgütlerine” ibaresi eklenmiş, aynı maddenin beşinci fıkrası aşağıdaki şekilde değiştirilmiş, altıncı fıkrasına “eğitim” ibaresinden sonra gelmek üzere “ve sağlık” ibaresi ile maddeye aşağıdaki fıkra eklenmiştir."},{"type":"text","content":"“(5) Borçların ödenmesinde, kamu idarelerine ödenmesi gereken vergi, resim, harç, fon kesintisi, pay gibi borçlar, çalışanların sigorta primleri, rehinli alacaklar, enerji, iletişim ve su kullanım borçları, çeşidine bakılmaksızın beşyüz Türk Lirasını geçmeyen borçlar ve diğerleri şeklinde sıralama esas alınır. Kapatılan özel öğretim kurum ve kuruluşları, kurs, dershane, öğrenci yurtları ve pansiyonlara avans veya peşin ödeme şeklinde kapatma tarihinden sonraki dönemler için ifa edilmiş olan öğrenim ve barınma bedelleri, yukarıda belirtilen sıraya tabi tutulmaksızın iade edilir.”"},{"type":"text","content":"“(8) Bu madde hükümleri 20/7/2016 tarihli ve 2016/9064 sayılı Bakanlar Kurulu Kararıyla ülke genelinde ilan edilen olağanüstü hal kapsamında yürürlüğe konulan kanun hükmünde kararnameler uyarınca gerçekleştirilen bütün kapatma işlemleri hakkında uygulanır.”"},{"type":"text","content":"\\(7\\) 1/2/2018 tarihli ve 7072 sayılı Olağanüstü Hal Kapsamında Bazı Düzenlemeler Yapılması Hakkında Kanun Hükmünde Kararnamenin Değiştirilerek Kabul Edilmesine Dair Kanunun 77 nci maddesiyle 12/4/1991 tarihli ve 3713 sayılı Terörle Mücadele Kanununun ek 1 inci maddesinin beşinci fıkrasına eklenen cümle yürürlükten kaldırılmıştır."},{"type":"text","content":"\\(8\\) 7072 sayılı Kanunun 81 inci maddesinde yer alan “Kanun Hükmünde Kararnamenin” ibaresinden sonra gelmek üzere “28 inci maddesinin (B) fıkrasının üçüncü paragrafında yer alan “Başbakanca” ibaresi “Cumhurbaşkanınca” şeklinde değiştirilmiş” ibaresi eklenmiş ve “28 inci maddesine” ibaresi “ve aynı maddeye” şeklinde değiştirilmiştir."}]},{"type":"madde","maddeStr":"GEÇİCİ MADDE 1-","number":1,"content":"(1) 20/7/2016 tarihli ve 2016/9064 sayılı Bakanlar Kurulu Kararıyla ülke genelinde ilan edilen olağanüstü hal kapsamında yürürlüğe konulan ve bu maddenin yayımı tarihi itibarıyla Türkiye Büyük Millet Meclisince kabul edilmiş olan kanun hükmünde kararnamelerle doğrudan tesis edilen işlemler, ilgili kanun hükmünde kararnamenin yürürlüğe girdiği tarih itibarıyla hüküm ifade eder; Olağanüstü Hal İşlemleri İnceleme Komisyonuna yapılan başvuruların süresi de ilgili kanun hükmünde kararnamelerin yürürlüğe girdiği tarihe göre belirlenir.","subsections":[{"type":"text","content":"\\(2\\) Olağanüstü hal kapsamında yürürlüğe konulan ve bu maddenin yayımı tarihi itibarıyla Türkiye Büyük Millet Meclisince kabul edilmiş olan kanun hükmünde kararnamelerle doğrudan tesis edilen işlemlerle ilgili olarak Olağanüstü Hal İşlemleri İnceleme Komisyonunun görev ve yetkileri ile Komisyon tarafından alınan kararların geçerliliği devam eder."}]},{"type":"header","content":"Yürürlük"},{"type":"madde","maddeStr":"MADDE 5-","number":5,"content":"(1) Bu Kanun yayımı tarihinde yürürlüğe girer.","subsections":[]},{"type":"header","content":"Yürütme"},{"type":"madde","maddeStr":"MADDE 6-","number":6,"content":"(1) Bu Kanun hükümlerini Bakanlar Kurulu yürütür.","subsections":[{"type":"text","content":"*[**\\[1\\]**](#Xf4c8113f07524640efcbf4d5822e1fc633a9e60) Bu Kanunun ekinde yer alan listeler için 8/3/2018 tarihli ve 30354 (Mükerrer) sayılı Resmi Gazete’ye bakınız.*"}]}]