[{"type":"header","content":"OLAĞANÜSTÜ HAL KAPSAMINDA BAZI TEDBİRLER ALINMASI HAKKINDA"},{"type":"header","content":"KANUN HÜKMÜNDE KARARNAMENİN KABUL EDİLMESİNE DAİR KANUN[\\[1\\]](#Xc217c44f9d6f9d647df03178eb8b64fb8f54252)"},{"type":"header","content":"Kanun Numarası                    : 7082"},{"type":"header","content":"Kabul Tarihi                           : 6/2/2018"},{"type":"header","content":"Yayımlandığı Resmî Gazete   : Tarih  : 8/3/2018          Sayı  : 30354 (Mükerrer)"},{"type":"header","content":"Yayımlandığı Düstur              : Tertip : 5                      Cilt   : 59"},{"type":"header","content":"Kamu personeline ilişkin tedbirler"},{"type":"madde","maddeStr":"MADDE 1-","number":1,"content":"(1) Terör örgütlerine veya Milli Güvenlik Kurulunca Devletin milli güvenliğine karşı faaliyette bulunduğuna karar verilen yapı, oluşum veya gruplara üyeliği, mensubiyeti veya iltisakı yahut bunlarla irtibatı olan ve ekli (1) sayılı listede yer alan kişiler kamu görevinden başka hiçbir işleme gerek kalmaksızın çıkarılmıştır. Bu kişilere ayrıca herhangi bir tebligat yapılmaz. Haklarında ayrıca özel kanun hükümlerine göre işlem tesis edilir.","subsections":[{"type":"text","content":"\\(2\\) Birinci fıkra gereğince kamu görevinden çıkarılan kişilerin, mahkûmiyet kararı aranmaksızın, rütbe ve/veya memuriyetleri alınır ve bu kişiler görev yaptıkları teşkilata yeniden kabul edilmezler; bir daha kamu hizmetinde istihdam edilemezler, doğrudan veya dolaylı olarak görevlendirilemezler; bunların uhdelerinde bulunan her türlü mütevelli heyet, kurul, komisyon, yönetim kurulu, denetim kurulu, tasfiye kurulu üyeliği ve sair görevleri de sona ermiş sayılır. Bunların silah ruhsatları, gemi adamlığına ilişkin belgeleri ve pilot lisansları iptal edilir ve bu kişiler oturdukları kamu konutlarından veya vakıf lojmanlarından onbeş gün içinde tahliye edilir. Bu kişiler özel güvenlik şirketlerinin kurucusu, ortağı ve çalışanı olamazlar. Bu kişiler hakkında bakanlıkları ve kurumlarınca ilgili pasaport birimine derhal bildirimde bulunulur. Bu bildirim üzerine pasaport birimlerince pasaportlar iptal edilir."},{"type":"text","content":"\\(3\\) Birinci fıkra kapsamında kamu görevinden çıkarılanlar, varsa uhdelerinde taşımış oldukları büyükelçi, vali gibi unvanları ve müsteşar, kaymakam ve benzeri meslek adlarını ve sıfatlarını kullanamazlar ve bu unvan, sıfat ve meslek adlarına bağlı olarak sağlanan haklardan yararlanamazlar."}]},{"type":"header","content":"Emekli Emniyet Teşkilatı personeline ilişkin tedbirler"},{"type":"madde","maddeStr":"MADDE 2-","number":2,"content":"(1) 4/6/1937 tarihli ve 3201 sayılı Emniyet Teşkilat Kanununun 55 inci maddesinin ondokuzuncu ve yirminci fıkraları ile geçici 27 nci maddesi uyarınca resen emekliye sevk edilenler, kendi isteğiyle emekli olanlar veya Emniyet Teşkilatı Disiplin Tüzüğü hükümlerine göre meslekten veya Devlet memurluğundan çıkarılanlar ile müstafi sayılanlardan milli güvenliğe tehdit oluşturduğu tespit edilen FETÖ/PDY terör örgütüne aidiyeti, iltisakı veya irtibatı olan ve ekli (2) sayılı listede yer alanların rütbeleri alınır. Bu kişiler görev yaptıkları teşkilata ve kamu görevlerine yeniden kabul edilmezler, doğrudan veya dolaylı görevlendirilemezler; ayrıca bunlar uhdelerinde taşımış oldukları mesleki unvanları ve sıfatlarını kullanamazlar ve bu unvan ve sıfatlarına bağlı olarak sağlanan haklardan yararlanamazlar. Bu kişilerin uhdelerinde bulunan her türlü mütevelli heyet, kurul, komisyon, yönetim kurulu, denetim kurulu, tasfiye kurulu üyeliği ve sair görevleri de sona ermiş sayılır. Bunların silah ruhsatları, emekli polis kimlikleri, gemi adamlığına ilişkin belgeleri, pilot lisansları ve ilgili pasaport birimlerince pasaportları iptal edilir. Bu kişiler özel güvenlik şirketlerinin kurucusu, ortağı ve çalışanı olamazlar.","subsections":[]},{"type":"header","content":"Göreve iade edilen kamu görevlileri"},{"type":"madde","maddeStr":"MADDE 3-","number":3,"content":"(1) Ekli (3) sayılı listede yer alan kamu görevlileri 25/7/2016 tarihli ve 668 sayılı Olağanüstü Hal Kapsamında Alınması Gereken Tedbirler ile Bazı Kurum ve Kuruluşlara Dair Düzenleme Yapılması Hakkında Kanun Hükmünde Kararnamenin eki (1) sayılı listenin ilgili sıralarından çıkarılmıştır.","subsections":[{"type":"text","content":"\\(2\\) Ekli (4) sayılı listede yer alan kamu görevlileri 15/8/2016 tarihli ve 672 sayılı Olağanüstü Hal Kapsamında Kamu Personeline İlişkin Alınan Tedbirlere Dair Kanun Hükmünde Kararnamenin eki (1) sayılı listenin ilgili sıralarından çıkarılmıştır."},{"type":"text","content":"\\(3\\) 668 sayılı Kanun Hükmünde Kararnamenin 2 nci maddesinin hükümleri ve 672 sayılı Kanun Hükmünde Kararnamenin 2 nci ve 3 üncü maddelerinin hükümleri, bu maddede belirtilen kişiler bakımından tüm hüküm ve sonuçlarıyla birlikte ilgili kanun hükmünde kararnamenin yayımı tarihinden geçerli olmak üzere ortadan kalkmış sayılır. Söz konusu personelden bu maddenin yürürlük tarihinden itibaren on gün içerisinde göreve başlamayanlar çekilmiş sayılır. Bu kapsamda göreve başlayanlara kamu görevinden çıkarıldıkları tarihten göreve başladıkları tarihe kadar geçen süreye tekabül eden mali ve sosyal hakları ödenir. Bu kişiler, kamu görevinden çıkarılmalarından dolayı herhangi bir tazminat talebinde bulunamaz. Bu personelin görevlerine iadesi, kamu görevinden çıkarıldıkları tarihte bulundukları yöneticilik görevi dışında öğrenim durumları ve kazanılmış hak aylık derecelerine uygun kadro ve pozisyonlara atanmak suretiyle de yerine getirilebilir. Bu maddeye ilişkin işlemler ilgili bakanlık ve kurumlar tarafından yerine getirilir. "}]},{"type":"header","content":"Yurtdışında öğrenim görenler"},{"type":"madde","maddeStr":"MADDE 4","number":4,"content":"- (1) 8/4/1929 tarihli ve 1416 sayılı Ecnebi Memleketlere Gönderilecek Talebe Hakkında Kanuna tabi öğrencilerden, milli güvenliğe tehdit oluşturduğu tespit edilen FETÖ/PDY terör örgütüne aidiyeti, iltisakı veya irtibatı olan ve ekli (5) sayılı listede yer alanların öğrencilikle ilişikleri kesilmiştir. Bunlar hakkında 22/7/2016 tarihli ve 667 sayılı Olağanüstü Hal Kapsamında Alınan Tedbirlere İlişkin Kanun Hükmünde Kararnamenin 4 üncü maddesinin ikinci ve üçüncü fıkraları hükümleri uygulanır. Bunların bu kapsamda gördükleri eğitimlere ilişkin olarak denklik işlemleri yapılmaz ve bunlar söz konusu eğitimleri kapsamındaki akademik unvan ve derecelerine bağlı haklardan yararlanamazlar.","subsections":[{"type":"text","content":"\\(2\\) 15/8/2016 tarihli ve 673 sayılı Olağanüstü Hal Kapsamında Bazı Tedbirler Alınması Hakkında Kanun Hükmünde Kararname gereği öğrencilikle ilişikleri kesilmiş olanlardan bu Kanuna ekli (6) sayılı listede yer alanlar, 673 sayılı Kanun Hükmünde Kararnamenin eki (2) sayılı listenin ilgili sıralarından çıkarılmıştır. 673 sayılı Kanun Hükmünde Kararnamenin 4 üncü maddesi, bu kişiler bakımından tüm hüküm ve sonuçlarıyla birlikte söz konusu Kanun Hükmünde Kararnamenin yayımı tarihinden itibaren ortadan kalkmış sayılır."}]},{"type":"header","content":"Yayın kuruluşları"},{"type":"madde","maddeStr":"MADDE 5-","number":5,"content":"(1) Terör örgütlerine veya Milli Güvenlik Kurulunca Devletin milli güvenliğine karşı faaliyette bulunduğuna karar verilen yapı, oluşum veya gruplara aidiyeti, iltisakı veya bunlarla irtibatı olan ve ekli (7) sayılı listede yer alan haber ajansları, gazeteler ve dergiler kapatılmıştır. 668 sayılı Kanun Hükmünde Kararnamenin 2 nci maddesinin üçüncü fıkrası hükümleri bu kurum ve kuruluşlar hakkında da uygulanır.","subsections":[{"type":"text","content":"\\(2\\) 668 sayılı Kanun Hükmünde Kararname gereği kapatılan özel radyo ve televizyonlar ile gazetelerden ekli (8) sayılı listede yer alanlar, anılan Kanun Hükmünde Kararnamenin eki (2) ve (3) sayılı listelerin ilgili sıralarından çıkarılmıştır. 668 sayılı Kanun Hükmünde Kararnamenin 2 nci maddesinin birinci ve üçüncü fıkraları, bu kurum ve kuruluşlar bakımından söz konusu Kanun Hükmünde Kararnamenin yayımı tarihinden itibaren tüm hüküm ve sonuçlarıyla birlikte ortadan kalkmış sayılır."}]},{"type":"header","content":"İptal edilen geçiş işlemleri"},{"type":"madde","maddeStr":"MADDE 6-","number":6,"content":"(1) Bu Kanunun yayımlandığı tarih itibarıyla;","subsections":[{"type":"text","content":"a\\) Kuvvet Komutanlıkları tarafından temin faaliyeti tamamlanmamış olan subay ve astsubay adayları ile sözleşmeli subay ve astsubay adayları hakkındaki işlemler iptal edilmiştir."},{"type":"text","content":"b\\) 27/7/1967 tarihli ve 926 sayılı Türk Silâhlı Kuvvetleri Personel Kanununun 109 uncu maddesi uyarınca astsubaylıktan subaylığa; 18/3/1986 tarihli ve 3269 sayılı Uzman Erbaş Kanununun 15 inci maddesi uyarınca uzman erbaşlıktan astsubaylığa geçiş aşamasında olan ancak nasıpları onaylanmamış adayların statüye geçiş işlemleri iptal edilmiştir."},{"type":"text","content":"\\(2\\) Birinci fıkranın (a) bendi kapsamında işlem tesis edilenlerden herhangi bir tazminat alınmaz."}]},{"type":"header","content":"Rütbeleri alınan askeri yargı mensupları"},{"type":"madde","maddeStr":"MADDE 7-","number":7,"content":"(1) Bu Kanunun yayımı tarihinden önce 667 sayılı Kanun Hükmünde Kararnamenin 3 üncü maddesi uyarınca ilgili kurul veya komisyon tarafından meslekte kalmasının uygun olmadığına ve meslekten çıkarılmalarına karar verilen Askeri Yargıtay ve Askeri Yüksek İdare Mahkemesi daire başkanı ve üyeleri ile askeri hakimler ve 26/10/1963 tarihli ve 357 sayılı Askeri Hakimler Kanununun ek 14 üncü maddesi uyarınca görevlerine son verilen askeri hakim adaylarının askeri rütbeleri, mahkûmiyet kararı aranmaksızın alınmıştır.","subsections":[]},{"type":"header","content":"Banka ve finans işlemlerinde cezai sorumluluk"},{"type":"madde","maddeStr":"MADDE 8-","number":8,"content":"(1) 20/7/2016 tarihli ve 2016/9064 sayılı Bakanlar Kurulu Kararıyla ülke genelinde ilan edilen olağanüstü hal kapsamında yürürlüğe konulan kanun hükmünde kararnameler gereğince kapatılan kurum ve kuruluşlara ve/veya faaliyetleri sonlandırılarak ticari sicil kayıtları resen terkin edilen şirketlere veya işlem tarihi itibarıyla FETÖ/PDY terör örgütüne aidiyeti, iltisakı veya irtibatı olduğunun değerlendirildiğine dair Maliye Bakanlığı tarafından hakkında bildirimde bulunulmayan gerçek ve tüzel kişilere, ilgili mevzuatı uyarınca sağlanan fon, kredi ve benzeri finansal hizmetlerden dolayı banka ve finans kuruluşları ile çalışanlarına cezai sorumluluk yüklenemez. Bu maddenin uygulanmasına ilişkin usul ve esaslar Maliye Bakanlığı tarafından belirlenir.","subsections":[]},{"type":"header","content":"Kayyım atanması"},{"type":"madde","maddeStr":"MADDE 9-","number":9,"content":"(1) FETÖ/PDY terör örgütüne aidiyeti, iltisakı veya irtibatı olan gerçek ve tüzel kişilerin yüzde elliden daha az ortaklık payı olduğu şirketlerde, bu payların yönetimi ve temsili amacıyla 4/12/2004 tarihli ve 5271 sayılı Ceza Muhakemesi Kanununun 133 üncü maddesi uyarınca yetkili hakim veya mahkeme tarafından Tasarruf Mevduatı Sigorta Fonu kayyım olarak atanır.","subsections":[]},{"type":"header","content":"Peşin ödenen aylıklar ve mecburi hizmet"},{"type":"madde","maddeStr":"MADDE 10-","number":10,"content":"(1) 20/7/2016 tarihli ve 2016/9064 sayılı Bakanlar Kurulu Kararıyla ülke genelinde ilan edilen olağanüstü hal kapsamında yürürlüğe konulan kanun hükmünde kararnameler ile doğrudan veya anılan kanun hükmünde kararnamelerde öngörülen usuller çerçevesinde meslekten, kamu görevinden veya ilgili kurumların teşkilatından çıkarılanlar ile 15/8/2016 tarihli ve 673 sayılı Olağanüstü Hal Kapsamında Bazı Tedbirler Alınması Hakkında Kanun Hükmünde Kararnamenin 4 üncü maddesi uyarınca öğrencilikle ilişikleri kesilenlerin;","subsections":[{"type":"text","content":"a\\) Çıkarıldıkları veya öğrencilikle ilişiklerinin kesildiği aya ilişkin olarak peşin ödenen mali ve sosyal haklarının çıkarılma tarihinden sonraki günlere tekabül eden kısımları geri alınmaz."},{"type":"text","content":"b\\) Mecburi hizmet yükümlülükleri ve mecburi hizmete bağlı borç yükümlülükleri ortadan kalkar, buna ilişkin dava ve borç takibi işlemlerine son verilir. Bunlardan alınmış olan yüklenme senetleri ve muteber imzalı müteselsil kefalet senetlerinde yazılı olan tutarlar, ilgili kamu personelinden yahut kefillerinden talep ve tahsil edilmez."},{"type":"text","content":"\\(2\\) Birinci fıkranın (a) bendi kapsamındaki mali ve sosyal haklardan bu Kanunun yayımlandığı tarihe kadar tahsil edilmiş olan tutarlar geri ödenmez."},{"type":"text","content":"\\(3\\) Bu madde kapsamında sonlandırılan davalarda vekalet ücreti ve yargılama giderlerine hükmedilmez, hükmedilenler tahsil edilmez."}]},{"type":"header","content":"Atanan kayyım ve yöneticilerin sorumluluğu"},{"type":"madde","maddeStr":"MADDE 11-","number":11,"content":"(1) Terör örgütlerine veya Milli Güvenlik Kurulunca Devletin milli güvenliğine karşı faaliyette bulunduğuna karar verilen yapı, oluşum veya gruplara aidiyeti, iltisakı veya bunlarla irtibatı nedeniyle kapatılan kurum, kuruluş, özel radyo ve televizyonlar, gazete, dergi, yayınevi ve dağıtım kanalları ve şirketlere atanan kayyımlar ile mevzuatı gereği ilgili kurumlar tarafından görevlendirilen yöneticiler ve tasfiye memurlarına, atandıkları veya görevlendirildikleri kurum, kuruluş, özel radyo ve televizyonlar, gazete, dergi, yayınevi ve dağıtım kanalları ve şirketlerin doğmuş veya doğacak kamu borçları ile Sosyal Güvenlik Kurumu borçlarının, her türlü işçi alacakları ile diğer mevzuattan kaynaklanan borçlarının ödenmemiş olması nedeniyle şahsi sorumluluk yüklenemez. Ayrıca, bu kişiler hakkında 21/7/1953 tarihli ve 6183 sayılı Amme Alacaklarının Tahsil Usulü Hakkında Kanunun 35 inci ve mükerrer 35 inci maddeleri ile 4/1/1961 tarihli ve 213 sayılı Vergi Usul Kanununun 10 uncu maddesi hükümleri uygulanmaz.","subsections":[]},{"type":"header","content":"Muvazaalı devir işlemleri"},{"type":"madde","maddeStr":"MADDE 12-","number":12,"content":"(1) 20/7/2016 tarihli ve 2016/9064 sayılı Bakanlar Kurulu Kararıyla ülke genelinde ilan edilen olağanüstü hal kapsamında yürürlüğe konulan kanun hükmünde kararnameler gereğince kapatılan özel öğretim kurum ve kuruluşları ile özel öğrenci yurtları ve pansiyonlarının faaliyetlerinin sürdürüldüğü dönemde üzerlerinde bulundukları, mülkiyeti kapatılanların sahibi gerçek veya tüzel kişilere ait taşınmazlardan 1/1/2014 tarihi ila bahse konu yerlerin kapatılma tarihleri arasında üçüncü kişilere devri yapılmış olan ve üzerinde kapatılanlar tarafından aynı faaliyete kapatılma tarihi itibarıyla devam edilen taşınmazların devir işlemleri muvazaalı kabul edilir ve tapuda ilgisine göre Hazine veya Vakıflar Genel Müdürlüğü adına her türlü kısıtlama ve taşınmaz yükünden ari olarak resen tescil edilir.","subsections":[]},{"type":"header","content":"Soruşturma süreleri"},{"type":"madde","maddeStr":"MADDE 13-","number":13,"content":"(1) 15/7/2016 tarihinden 20/7/2016 tarihli ve 2016/9064 sayılı Bakanlar Kurulu Kararıyla olağanüstü halin ilan edilmesine kadar geçen süre zarfında ve olağanüstü halin devam ettiği süre içinde görevden uzaklaştırılanlar hakkında ilgili mevzuatta bu tedbir için öngörülen süre sınırlaması, olağanüstü hal süresince uygulanmaz.","subsections":[]},{"type":"header","content":"Gazilik unvanı verilenler"},{"type":"madde","maddeStr":"MADDE 14-","number":14,"content":"(1) 15/7/2016 tarihinde gerçekleştirilen darbe teşebbüsü ve terör eylemi ile bu eylemin devamı niteliğindeki eylemler sebebiyle malul olan kamu görevlileri ve siviller ile bu eylemlerin devamı niteliğindeki eylemlerin ortaya çıkarılması, etkilerinin azaltılması veya bertaraf edilmesinin sağlanmasında yardımcı ve faydalı oldukları sırada yaralanan kamu görevlileri ve sivillere, yaralanma derecesine bakılmaksızın gazilik unvanı verilir. Bu maddenin uygulanmasına ilişkin usul ve esaslar Aile ve Sosyal Politikalar Bakanlığı tarafından belirlenir.","subsections":[]},{"type":"header","content":"İhraç edilen personelin bildirilmesi"},{"type":"madde","maddeStr":"MADDE 15-","number":15,"content":"(1) 20/7/2016 tarihli ve 2016/9064 sayılı Bakanlar Kurulu Kararıyla ülke genelinde ilan edilen olağanüstü hal kapsamında yürürlüğe konulan kanun hükmünde kararnameler ile doğrudan veya anılan kanun hükmünde kararnamelerde öngörülen usuller çerçevesinde meslekten, kamu görevinden veya ilgili kurumların teşkilatından çıkarılanlar, işlem tarihinden itibaren en geç onbeş gün içerisinde Devlet Personel Başkanlığına bildirilir.","subsections":[{"type":"text","content":"\\(2\\) Bu maddenin yürürlüğe girdiği tarihten önce birinci fıkrada belirtilen gerekçe ile meslekten, kamu görevinden veya ilgili kurumların teşkilatından çıkarılanlar da bu maddenin yürürlüğe girdiği tarihten itibaren onbeş gün içerisinde Devlet Personel Başkanlığına bildirilir."}]},{"type":"header","content":"Dava ve takip usulü"},{"type":"madde","maddeStr":"MADDE 16-","number":16,"content":"(1) 20/7/2016 tarihli ve 2016/9064 sayılı Bakanlar Kurulu Kararıyla ülke genelinde ilan edilen olağanüstü hal kapsamında yürürlüğe konulan kanun hükmünde kararnameler gereğince kapatılan kurum, kuruluş, özel radyo ve televizyonlar, gazete, dergi, yayınevi ve dağıtım kanalları ile bunların sahibi gerçek veya tüzel kişiler aleyhine 17/8/2016 tarihinden önce açılan davalar ile bu kapsamda Hazine ile Vakıflar Genel Müdürlüğüne husumet yöneltilen davalarda mahkemelerce, 15/8/2016 tarihli ve 670 sayılı Olağanüstü Hal Kapsamında Alınması Gereken Tedbirler Hakkında Kanun Hükmünde Kararnamenin 5 inci maddesi uyarınca dava şartı yokluğu nedeniyle red kararı verilir. Bu kararlar duruşma günü beklenmeksizin dosya üzerinden kesin olarak verilir ve davacılara resen tebliğ edilir. Tarafların yaptığı yargılama giderleri kendi üzerlerinde bırakılır.","subsections":[{"type":"text","content":"\\(2\\) 20/7/2016 tarihli ve 2016/9064 sayılı Bakanlar Kurulu Kararıyla ülke genelinde ilan edilen olağanüstü hal kapsamında yürürlüğe konulan kanun hükmünde kararnameler gereğince kapatılan kurum, kuruluş, özel radyo ve televizyonlar, gazete, dergi, yayınevi ve dağıtım kanalları ile bunların sahibi gerçek veya tüzel kişiler aleyhine 17/8/2016 tarihinden önce başlatılan icra ve iflas takipleri ile bu kapsamda Hazine ile Vakıflar Genel Müdürlüğüne husumet yöneltilen takipler hakkında icra müdürlüklerince, 670 sayılı Kanun Hükmünde Kararnamenin 5 inci maddesi uyarınca düşme kararı verilir. Bu kararlar dosya üzerinden kesin olarak verilir ve takip alacaklısına resen tebliğ edilir. Tarafların yaptığı takip giderleri kendi üzerlerinde bırakılır."},{"type":"text","content":"\\(3\\) 20/7/2016 tarihli ve 2016/9064 sayılı Bakanlar Kurulu Kararıyla ülke genelinde ilan edilen olağanüstü hal kapsamında yürürlüğe konulan kanun hükmünde kararnameler gereğince kapatılan kurum, kuruluş, özel radyo ve televizyonlar, gazete, dergi, yayınevi ve dağıtım kanalları ile bunların sahibi gerçek veya tüzel kişiler veya kapatılma ya da resen terkin üzerine Maliye Bakanlığı ile Vakıflar Genel Müdürlüğü aleyhine 17/8/2016 tarihi dahil bu tarihten sonra açılan davalar ile icra ve iflas takipleri hakkında 670 sayılı Kanun Hükmünde Kararnamenin 5 inci maddesi gereğince dava veya takip şartının bulunmaması nedeniyle davanın reddine veya takibin düşmesine karar verilir."},{"type":"text","content":"\\(4\\) Birinci ve ikinci fıkralar uyarınca verilen kararlarda davacı veya alacaklının 670 sayılı Kanun Hükmünde Kararnamenin 5 inci maddesinde belirtilen usule uygun olarak ilgili idari makama, tebliğ tarihinden itibaren otuz günlük hak düşürücü süre içinde başvurabileceği belirtilir. İdari başvuru üzerine idari merci tarafından verilecek karar aleyhine idari yargıda dava açılabilir. İdari yargının verdiği karar kesin olup, uyuşmazlık adli yargıda hiçbir şekilde dava konusu yapılamaz."}]},{"type":"header","content":"Değişiklik hükümleri[\\[2\\]](#X424ae1dfb199fdaa161d17bdce77f94503db3d6)"},{"type":"madde","maddeStr":"MADDE 17","number":17,"content":"- (1) 25/7/2016 tarihli ve 669 sayılı Olağanüstü Hal Kapsamında Bazı Tedbirler Alınması ve Milli Savunma Üniversitesi Kurulması ile Bazı Kanunlarda Değişiklik Yapılmasına Dair Kanun Hükmünde Kararnamenin 107 nci maddesinin üçüncü fıkrasının (ç) bendi aşağıdaki şekilde değiştirilmiş, aynı fıkraya aşağıdaki (d) bendi ile beşinci fıkrasına aşağıdaki cümle eklenmiş ve dokuzuncu fıkrasında yer alan “öğrenci harçlıkları” ibaresi “misafir askeri personel ve öğrencilerin maaş, harçlık ve her türlü giderleri” şeklinde değiştirilmiştir.","subsections":[{"type":"text","content":"“ç) Sözleşmeli olarak görev yapanlar, ilgili mevzuat hükümleri çerçevesinde aynı şekilde sözleşmeli olarak görev yapmaya ve ücret almaya devam ederler.”"},{"type":"text","content":"“d) 13/6/2001 tarihli ve 4678 sayılı Türk Silahlı Kuvvetlerinde İstihdam Edilecek Sözleşmeli Subay ve Astsubaylar Hakkında Kanuna göre çalışmakta olanlar anılan Kanun hükümleri çerçevesinde muvazzaf subaylığa ve muvazzaf astsubaylığa geçirilmiş sayılır ve bu maddedeki muvazzaf subay ve muvazzaf astsubaylarla ilgili hükümlere tabi olurlar.”"},{"type":"text","content":"“Ancak ilgili personelin Sağlık Bakanlığı ile Sağlık Bilimleri Üniversitesi arasındaki geçişleri kurum değişikliği sayılmaz.”"},{"type":"text","content":"\\(2\\) 15/8/2016 tarihli ve 670 sayılı Olağanüstü Hal Kapsamında Alınması Gereken Tedbirler Hakkında Kanun Hükmünde Kararnamenin 5 inci maddesinin birinci fıkrasında yer alan “kefaletten doğmaması” ibaresi “asıl borçlu ve diğer kefiller hakkında kesin aciz vesikası bulunan haller hariç olmak üzere kefaletten doğmaması” şeklinde değiştirilmiş ve aynı maddenin altıncı fıkrasına “eğitim” ibaresinden sonra gelmek üzere “ve sağlık” ibaresi eklenmiştir."},{"type":"text","content":"\\(3\\) 670 sayılı Kanun Hükmünde Kararnamenin 6 ncı maddesinin birinci fıkrasına aşağıdaki cümleler eklenmiştir."},{"type":"text","content":"“Bu sınavdan kaynaklanan davalarda hasım gösterilen idareler aleyhine herhangi bir tazminata, avukatlık ücretine ve yargılama giderine hükmolunmaz. Bu madde hükümleri, bu maddenin yürürlüğe girdiği tarihte, sınav sorularının ve/veya cevaplarının bazı adaylar tarafından hukuka aykırı bir şekilde sınav öncesinde ya da sınav sırasında elde edildiği gerekçesiyle adli soruşturmaya veya yargılamaya konu olan sınavlar için de uygulanır.” "},{"type":"text","content":"\\(4\\) 670 sayılı Kanun Hükmünde Kararnamenin 9 uncu maddesine aşağıdaki fıkra eklenmiştir."},{"type":"text","content":"“(3) Birinci fıkra kapsamında tazminat hakkından yararlandırılanlar, 3713 sayılı Kanunun 21 inci maddesinin birinci fıkrasının (j) bendi kapsamında aylık bağlama şartı oluşan sivillere 3713 sayılı Kanunla sağlanan tazminat, aylık bağlama hakları ve 22/7/2016 tarihli ve 667 sayılı Olağanüstü Hal Kapsamında Alınan Tedbirlere İlişkin Kanun Hükmünde Kararnamenin 7 nci maddesinin ikinci fıkrasındaki ek tazminat hakkı dışında kalan haklardan ve ilgili mevzuatında sağlanan diğer haklardan aynı şekilde yararlandırılır. Bu hakların kullandırılmasında aylık bağlama şartı aranmaksızın en düşük malûliyet derecesi esas alınır.”"},{"type":"text","content":"\\(5\\) 15/8/2016 tarihli ve 674 sayılı Olağanüstü Hal Kapsamında Bazı Düzenlemeler Yapılması Hakkında Kanun Hükmünde Kararnamenin 19 uncu maddesine aşağıdaki fıkra eklenmiştir."},{"type":"text","content":"“(4) Birinci ve ikinci fıkralar uyarınca Tasarruf Mevduatı Sigorta Fonunun kayyım olarak atanmasına karar verilen şirket, taşınmaz, hak, varlık ve alacaklar hakkında 5271 sayılı Ceza Muhakemesi Kanununun 128 inci maddesi uyarınca verilen elkoyma ve tedbir kararları, kayyım yetkisinin Tasarruf Mevduatı Sigorta Fonuna devriyle birlikte kendiliğinden kalkar.” "},{"type":"text","content":"\\(6\\) 674 sayılı Kanun Hükmünde Kararnamenin 20 nci maddesinin birinci fıkrasının ikinci cümlesi aşağıdaki şekilde değiştirilmiştir."},{"type":"text","content":"“Bu madde kapsamında Fon tarafından atanan veya görevlendirilenler hakkında ve bu kapsamda icra edilen iş ve işlemler hakkında 25/7/2016 tarihli ve 668 sayılı Olağanüstü Hal Kapsamında Bazı Tedbirler Alınması ile Bazı Kurum ve Kuruluşlara Dair Düzenleme Yapılması Hakkında Kanun Hükmünde Kararnamenin 37 nci ve 38 inci maddeleri uygulanır.”"}]},{"type":"header","content":"Yürürlük"},{"type":"madde","maddeStr":"MADDE 18-","number":18,"content":"(1) Bu Kanunun 13 üncü maddesi hükümleri 15/10/2016 tarihinden geçerli olmak üzere yayımı tarihinde, diğer hükümleri yayımı tarihinde yürürlüğe girer.","subsections":[]},{"type":"header","content":"Yürütme"},{"type":"madde","maddeStr":"MADDE 19-","number":19,"content":"(1) Bu Kanun hükümlerini Bakanlar Kurulu yürütür.","subsections":[{"type":"text","content":"*[**\\[1\\]**](#Xf4c8113f07524640efcbf4d5822e1fc633a9e60) Bu Kanunun ekinde yer alan listeler için 8/3/2018 tarihli ve 30354 (Mükerrer) sayılı Resmi Gazete’ye bakınız.*"},{"type":"text","content":"*[**\\[2\\]**](#X6ae359e89ea24432127ac5e463063b1e05d509f) Bu madde hükmü; 669 sayılı KHK’nin 9/11/2016 tarihli ve 6756 sayılı Kanun ile, 670 sayılı KHK’nin 8/2/2018 tarihli ve 7091 sayılı Kanun ile, 674 sayılı KHK’nin 10/11/2016 tarihli ve 6758 sayılı Kanun ile kanunlaşması nedeniyle aynen muhafaza edilmiştir.*"}]}]