[{"type":"header","content":"DİJİTAL MECRALAR KOMİSYONU KURULMASI İLE BAZI KANUNLARDA"},{"type":"header","content":"DEĞİŞİKLİK YAPILMASI HAKKINDA KANUN"},{"type":"header","content":"Kanun Numarası                    : 7252"},{"type":"header","content":"Kabul Tarihi                           : 23/7/2020"},{"type":"header","content":"Yayımlandığı Resmî Gazete   : Tarih : 28/7/2020         Sayı : 31199"},{"type":"header","content":"<u> </u>"},{"type":"header","content":"Dijital Mecralar Komisyonu"},{"type":"madde","maddeStr":"MADDE 1 –","number":1,"content":"(1) Kanunlara, bireylerin kişilik haklarına, özel hayatın gizliliğine ve diğer temel hak ve özgürlüklere aykırı yahut çocukların fiziksel ve psikolojik gelişimlerine zarar verici şekilde internet kullanımının önlenmesi amacıyla alınan tedbirler ile yapılan iş ve işlemler hakkında inceleme, görüşme, raporlama, tavsiye ve görüş bildirme işlemlerini yürütmek ve bu maddede belirtilen diğer görevleri yerine getirmek üzere, Türkiye Büyük Millet Meclisi bünyesinde Dijital Mecralar Komisyonu kurulmuştur.","subsections":[{"type":"text","content":"\\(2\\) Komisyonun üye sayısı on yedidir. Üye dağılımı siyasi parti gruplarının parti grupları toplam sayısı içindeki yüzde oranlarına göre belirlenir. Komisyon, üye tamsayısının en az üçte biri ile toplanır ve toplantıya katılanların salt çoğunluğu ile karar verir."},{"type":"text","content":"\\(3\\) Komisyonun görevleri şunlardır:"},{"type":"text","content":"a\\) Kendisine esas veya tali olarak havale edilen işleri görüşmek, Komisyon Başkanlığının talebi üzerine veya ihtisas komisyonlarınca talep edilmesi halinde; Türkiye Büyük Millet Meclisi Başkanlığına sunulan kanun teklifleri ile olağanüstü hal sırasında çıkarılan Cumhurbaşkanlığı kararnamelerini görev alanı yönünden inceleyerek görüş sunmak."},{"type":"text","content":"b\\) İnternet kullanımının kanunlara, bireylerin kişilik haklarına, özel hayatın gizliliğine ve diğer temel hak ve özgürlüklere aykırı yahut çocukların fiziksel ve psikolojik gelişimlerine zarar verici şekilde gerçekleşmesinin önlenmesi konularında görüş ve öneriler sunmak."},{"type":"text","content":"c\\) İnternet kullanımı yoluyla işlenen suçlarla etkin şekilde mücadele edilmesi konusunda görüş ve öneriler sunmak."},{"type":"text","content":"ç) (b) ve (c) bentlerinde belirtilen konularda uluslararası alanda kabul gören gelişmeleri izlemek, bu konular hakkında gerektiğinde yurt dışında incelemelerde bulunmak ve bu gelişmeler konusunda görüş ve öneriler sunmak."},{"type":"text","content":"d\\) İnternetin hukuka uygun kullanımı konusunda kamuoyunu bilgilendirici etkinlik ve projeler yapmak."},{"type":"text","content":"\\(4\\) Komisyonun yetkileri şunlardır:"},{"type":"text","content":"a\\) Görevleri ile ilgili olarak kamu kurum ve kuruluşlarından, 4/5/2007 tarihli ve 5651 sayılı İnternet Ortamında Yapılan Yayınların Düzenlenmesi ve Bu Yayınlar Yoluyla İşlenen Suçlarla Mücadele Edilmesi Hakkında Kanun kapsamında faaliyet gösteren içerik sağlayıcılar, erişim sağlayıcılar, yer sağlayıcılar ile yerli veya yabancı diğer gerçek ve tüzel kişilerden bilgi ve belge istemek ve ilgililerden bilgi almak."},{"type":"text","content":"b\\) Görev alanıyla ilgili faaliyet gösteren kamu kurum ve kuruluşları, üniversiteler, sivil toplum kuruluşları ile kamu kurumu niteliğindeki meslek kuruluşlarının çalışmalarından yararlanmak."},{"type":"text","content":"c\\) Gerekli gördüğünde uygun bulacağı uzmanları fikirlerini almak üzere çağırmak."},{"type":"text","content":"\\(5\\) Komisyon Ankara dışında da çalışabilir. Komisyon çalışmaları ile ilgili olarak, yurt içi ve yurt dışı görevlendirmelere ait giderler, Komisyon kararı ve Türkiye Büyük Millet Meclisi Başkanının onayı ile 10/2/1954 tarihli ve 6245 sayılı Harcırah Kanunu hükümlerine göre Türkiye Büyük Millet Meclisi bütçesinden karşılanır."},{"type":"text","content":"\\(6\\) Komisyonun çalışma usul ve esaslarına ilişkin olarak bu maddede hüküm bulunmayan hâllerde Türkiye Büyük Millet Meclisi İçtüzüğü hükümleri uygulanır."}]},{"type":"header","content":"MADDE 2 –(17/7/1963 tarihli ve 278 sayılı Türkiye Bilimsel ve Teknolojik Araştırma Kurumu ile İlgili Bazı Düzenlemeler Hakkında Kanun ile ilgili olup yerine işlenmiştir.)"},{"type":"header","content":"MADDE 3 – 4 – (25/8/1999 tarihli ve 4447 sayılı İşsizlik Sigortası Kanunu ile ilgili olup yerine işlenmiştir.)"},{"type":"header","content":"MADDE 5 – 6 – (22/5/2003 tarihli ve 4857 sayılı İş Kanunu ile ilgili olup yerine işlenmiştir.)"},{"type":"header","content":"MADDE 7 – (1/7/2005 tarihli ve 5378 sayılı Engelliler Hakkında Kanun ile ilgili olup yerine işlenmiştir.)"},{"type":"header","content":"MADDE 8 – (25/4/2006 tarihli ve 5490 sayılı Nüfus Hizmetleri Kanunu ile ilgili olup yerine işlenmiştir.)"},{"type":"header","content":"MADDE 9 – (25/6/2010 tarihli ve 6001 sayılı Karayolları Genel Müdürlüğünün Hizmetleri Hakkında Kanun ile ilgili olup yerine işlenmiştir.)"},{"type":"header","content":"MADDE 10 – (20/6/2012 tarihli ve 6331 sayılı İş Sağlığı ve Güvenliği Kanunu ile ilgili olup yerine işlenmiştir.)"},{"type":"madde","maddeStr":"MADDE 11","number":11,"content":"– (1) Bu Kanunun;","subsections":[{"type":"text","content":"a\\) 4 üncü maddesi yayımı tarihini takip eden ayın başında,"},{"type":"text","content":"b\\) 10 uncu maddesi 1/7/2020 tarihinden geçerli olmak üzere yayımı tarihinde,"},{"type":"text","content":"c\\) Diğer maddeleri yayımı tarihinde,"},{"type":"text","content":"yürürlüğe girer."}]},{"type":"madde","maddeStr":"MADDE 12 –","number":12,"content":"(1) Bu Kanunun;","subsections":[{"type":"text","content":"a\\) 1 inci maddesini Türkiye Büyük Millet Meclisi Başkanı,"},{"type":"text","content":"b\\) Diğer maddelerini Cumhurbaşkanı,"},{"type":"text","content":"yürütür."}]}]