[{"type":"header","content":"TÜRKİYE CUMHURİYETİ İLE GÜRCİSTAN ARASINDAKİ SERBEST TİCARET"},{"type":"header","content":"ANLAŞMASININ KARŞILIKLI TARIM TAVİZLERİNE İLİŞKİN PROTOKOL I’İNİ"},{"type":"header","content":"TADİL EDEN 1/2022 SAYILI TÜRKİYE-GÜRCİSTAN ORTAK KOMİTESİ"},{"type":"header","content":"KARARI VE ANLAŞMANIN III NOLU PROTOKOLÜNÜN"},{"type":"header","content":"ONAYLANMASININ UYGUN BULUNDUĞUNA DAİR KANUN"},{"type":"table","content":"<table> <colgroup> <col style=\"width: 50%\" /> <col style=\"width: 50%\" /> </colgroup> <tbody> <tr class=\"odd\"> <td><strong><u>Kanun No. 7444</u></strong></td> <td><strong><u>Kabul Tarihi: 23/3/2023</u></strong></td> </tr> <tr class=\"even\"> <td> </td> <td> </td> </tr> </tbody> </table>"},{"type":"madde","maddeStr":"MADDE 1-","number":1,"content":"(1) 9 Eylül 2022 tarihinde Tiflis’te imzalanan “Türkiye Cumhuriyeti ile Gürcistan Arasındaki Serbest Ticaret Anlaşmasının Karşılıklı Tarım Tavizlerine İlişkin Protokol I’ini Tadil Eden 1/2022 Sayılı Türkiye-Gürcistan Ortak Komitesi Kararı” ve Anlaşmanın “III Nolu Protokolü”nün onaylanması uygun bulunmuştur.","subsections":[]},{"type":"madde","maddeStr":"MADDE 2-","number":2,"content":"(1) Bu Kanun yayımı tarihinde yürürlüğe girer.","subsections":[]},{"type":"madde","maddeStr":"MADDE 3-","number":3,"content":"(1) Bu Kanun hükümlerini Cumhurbaşkanı yürütür.","subsections":[]}]