[{"type":"header","content":"TÜRKİYE CUMHURİYETİ İLE ÖZBEKİSTAN CUMHURİYETİ ARASINDAKİ"},{"type":"header","content":"TERCİHLİ TİCARET ANLAŞMASININ ONAYLANMASININ UYGUN"},{"type":"header","content":"BULUNDUĞUNA DAİR KANUN"},{"type":"table","content":"<table> <colgroup> <col style=\"width: 50%\" /> <col style=\"width: 50%\" /> </colgroup> <tbody> <tr class=\"odd\"> <td><strong><u>Kanun No. 7443</u></strong></td> <td><strong><u>Kabul Tarihi: 23/3/2023</u></strong></td> </tr> </tbody> </table>"},{"type":"madde","maddeStr":"MADDE 1-","number":1,"content":"(1) 29 Mart 2022 tarihinde Taşkent’te imzalanan “Türkiye Cumhuriyeti ile Özbekistan Cumhuriyeti Arasındaki Tercihli Ticaret Anlaşması”nın onaylanması uygun bulunmuştur.","subsections":[]},{"type":"madde","maddeStr":"MADDE 2-","number":2,"content":"(1) Bu Kanun yayımı tarihinde yürürlüğe girer.","subsections":[]},{"type":"madde","maddeStr":"MADDE 3-","number":3,"content":"(1) Bu Kanun hükümlerini Cumhurbaşkanı yürütür.","subsections":[]}]