[{"type":"header","content":"AFET YENİDEN İMAR FONUNUN KURULMASI HAKKINDA KANUN"},{"type":"header","content":"Kanun Numarası                    : 7441"},{"type":"header","content":"Kabul Tarihi                            : 15/3/2023"},{"type":"header","content":"Yayımlandığı Resmî Gazete   : Tarih : 21/3/2023           Sayı : 32139"},{"type":"header","content":"Amaç ve kapsam"},{"type":"madde","maddeStr":"MADDE 1-","number":1,"content":"(1) Bu Kanunun amacı, doğal afetler nedeniyle genel hayata etkili afet bölgesi ilan edilen alanlarda; imar, altyapı ve üstyapı çalışmaları için gerekli kaynağın sağlanması, yönetilmesi ve ilgili kamu kurum ve kuruluşlarına aktarılması amacıyla Afet Yeniden İmar Fonu (Fon) kurmak, Fonun yönetimi ve faaliyetlerine ilişkin usul ve esasları düzenlemektir.","subsections":[]},{"type":"header","content":"Fonun kuruluşu"},{"type":"madde","maddeStr":"MADDE 2-","number":2,"content":"(1) Bu Kanunun amacının gerçekleştirilmesi için Hazine ve Maliye Bakanlığına bağlı, tüzel kişiliği haiz Afet Yeniden İmar Fonu kurulmuştur.","subsections":[]},{"type":"header","content":"Fonun yönetimi ve işleyişi"},{"type":"madde","maddeStr":"MADDE 3-","number":3,"content":"(1) Fonun Yönetim Kurulu; Hazine ve Maliye Bakanı başkanlığında, Çevre, Şehircilik ve İklim Değişikliği Bakanı, Enerji ve Tabii Kaynaklar Bakanı, Tarım ve Orman Bakanı, İçişleri Bakanı, Ulaştırma ve Altyapı Bakanı ile Strateji ve Bütçe Başkanından oluşur.","subsections":[{"type":"text","content":"\\(2\\) Fon, Yönetim Kurulunun kararları çerçevesinde yönetilir. Yönetim Kurulu, Fondan kaynak aktarımı yapılacak projeleri, aktarılacak kaynak tutarını ve harcama programlarını belirler."},{"type":"text","content":"\\(3\\) Fonun kaynakları 28/3/2002 tarihli ve 4749 sayılı Kamu Finansmanı ve Borç Yönetiminin Düzenlenmesi Hakkında Kanunun 12 nci maddesi çerçevesinde belirlenen esaslara göre değerlendirilir."},{"type":"text","content":"\\(4\\) Fonun sekretarya hizmetleri Hazine ve Maliye Bakanlığı tarafından yerine getirilir."},{"type":"text","content":"\\(5\\) Fonun yapısı ve işleyişine ilişkin usul ve esaslar Fon tarafından çıkarılacak yönetmelik ile belirlenir."}]},{"type":"header","content":"Fonun kaynakları ve finansmanı"},{"type":"madde","maddeStr":"MADDE 4-","number":4,"content":"(1) Fonun kaynakları;","subsections":[{"type":"text","content":"a\\) Yurt içi ve yurt dışı kaynaklı her nevi nakdî bağış, yardım, hibe ve kredilerden,"},{"type":"text","content":"b\\) Bütçeye bu amaçla konulacak ödenekten,"},{"type":"text","content":"c\\) Fon tarafından kurum ve kuruluşların mevzuatındaki her türlü kısıtlamalardan muaf tutularak yurt içi ve yurt dışı sermaye ve para piyasalarından sağlanan finansman ve kaynaklardan,"},{"type":"text","content":"ç) Diğer gelirlerden,"},{"type":"text","content":"oluşur."}]},{"type":"header","content":"Fondan yapılacak kaynak aktarımları"},{"type":"madde","maddeStr":"MADDE 5-","number":5,"content":"(1) Kanunun amacına uygun olarak Yönetim Kurulu tarafından karar verilen projeler için, harcama programı kapsamında ve gerçekleşmelere bağlı olarak ödenmek üzere Fondan, Yönetim Kurulu onayı ile ilgili kurum ve kuruluşlara kaynak aktarılır. Bu şekilde aktarılan tutarlar genel bütçe kapsamındaki idareler için genel bütçeye, diğer idareler için ilgili kamu kurum ve kuruluşlarının bütçesine gelir kaydedilir. İlgili mevzuatı gereğince yatırım programıyla ilişkilendirilmesi gereken giderler için yatırım programı ilişkisi kurulduktan sonra, kaydedilen tutarlar karşılığını ilgili idare bütçelerinde açılacak tertiplere ödenek kaydetmeye ve bu suretle ödenek kaydedilen tutarlardan yılı içinde harcanmayan kısımları ertesi yıla devretmeye ilgili idareler yetkilidir.","subsections":[{"type":"text","content":"\\(2\\) Bu maddenin uygulanmasına ilişkin usul ve esaslar Cumhurbaşkanlığınca belirlenir."}]},{"type":"header","content":"Denetim ve raporlama"},{"type":"madde","maddeStr":"MADDE 6-","number":6,"content":"(1) Fon bağımsız denetim standartlarına uygun olarak denetlenir.","subsections":[{"type":"text","content":"\\(2\\) Fon kaynakları ve aktarımlarına ilişkin mali veriler en geç üçer aylık dönemler itibarıyla kamuoyuyla paylaşılır. Bu çerçevede, kaynak aktarılan idareler gerekli her türlü bilgi ve belgeyi sağlamakla yükümlüdür."}]},{"type":"header","content":"Muafiyet ve istisnalar"},{"type":"madde","maddeStr":"MADDE 7-","number":7,"content":"(1) Fon, kurumlar vergisinden muaftır. Fonun bu Kanunda sayılan görevleriyle ilgili faaliyetlerinden elde ettiği gelirleri dolayısıyla iktisadi işletme oluşmuş sayılmaz. Bu muafiyet, Fonun kazanç ve iratları üzerinden 31/12/1960 tarihli ve 193 sayılı Gelir Vergisi Kanunu ile 13/6/2006 tarihli ve 5520 sayılı Kurumlar Vergisi Kanunu uyarınca yapılacak vergi kesintilerini de kapsar.","subsections":[{"type":"text","content":"\\(2\\) Fonun faaliyetleri dolayısıyla yapılan işlemler ve düzenlenen kağıtlar damga vergisi ve harçlardan, Fona yapılan bağış ve yardımlar veraset ve intikal vergisinden, Fonun faaliyetleri ile ilgili işlemler banka ve sigorta muameleleri vergisinden ve Kaynak Kullanımını Destekleme Fonuna yapılacak kesintilerden müstesnadır."},{"type":"text","content":"\\(3\\) Fona yapılan nakdî bağış ve yardımların tamamı, 193 sayılı Kanun ile 5520 sayılı Kanun hükümleri çerçevesinde gelir veya kurumlar vergisi matrahının tespitinde, gelir veya kurumlar vergisi beyannamesi üzerinde ayrıca gösterilmek şartıyla beyan edilen gelirden veya kurum kazancından indirilebilir."}]},{"type":"header","content":"MADDE 8- (1) 28/3/2002 tarihli ve 4749 sayılı Kamu Finansmanı ve Borç Yönetiminin Düzenlenmesi Hakkında Kanunu ile ilgili olup, yerine işlenmiştir."},{"type":"header","content":"Yürürlük"},{"type":"madde","maddeStr":"MADDE 9-","number":9,"content":"(1) Bu Kanun yayımı tarihinde yürürlüğe girer.","subsections":[]},{"type":"header","content":"Yürütme"},{"type":"madde","maddeStr":"MADDE 10-","number":10,"content":"(1) Bu Kanun hükümlerini Cumhurbaşkanı yürütür.","subsections":[]}]