[{"type":"header","content":"OLAĞANÜSTÜ HAL KAPSAMINDA BAZI TEDBİRLER ALINMASI HAKKINDA"},{"type":"header","content":"KANUN HÜKMÜNDE KARARNAMENİN KABUL EDİLMESİNE DAİR KANUN[\\[1\\]](#Xc217c44f9d6f9d647df03178eb8b64fb8f54252)"},{"type":"header","content":"Kanun Numarası                    : 7083"},{"type":"header","content":"Kabul Tarihi                           : 6/2/2018"},{"type":"header","content":"Yayımlandığı Resmî Gazete   : Tarih  : 8/3/2018          Sayı  : 30354 (Mükerrer)"},{"type":"header","content":"Yayımlandığı Düstur              : Tertip : 5                      Cilt   : 59"},{"type":"header","content":"Kamu personeline ilişkin tedbirler"},{"type":"madde","maddeStr":"MADDE 1- (1) Terör örgütlerine veya Milli Güvenlik Kurulunca Devletin milli güvenliğine karşı faaliyette bulunduğuna karar verilen yapı, oluşum veya gruplara (İptal ibare: Anayasa Mahkemesi’nin 13/10/2022 tarihli ve E.: 2018/78, K.: 2022/114 sayılı Kararı ile.)","number":1,"content":"iltisakı yahut bunlarla irtibatı olan;","subsections":[{"type":"text","content":"a\\) Ekli (1) sayılı listede yer alan kişiler Türk Silahlı Kuvvetlerinden,"},{"type":"text","content":"b\\) Ekli (2) sayılı listede yer alan kişiler Jandarma Genel Komutanlığı teşkilatından,"},{"type":"text","content":"c\\) Ekli (3) sayılı listede yer alan kişiler Emniyet Genel Müdürlüğü teşkilatından,"},{"type":"text","content":"ç) Ekli (4) sayılı listede yer alan kişiler kamu görevinden,"},{"type":"text","content":"başka hiçbir işleme gerek kalmaksızın çıkarılmıştır. Bu kişilere ayrıca herhangi bir tebligat yapılmaz. Haklarında ayrıca özel kanun hükümlerine göre işlem tesis edilir."},{"type":"text","content":"\\(2\\) Birinci fıkra gereğince Türk Silahlı Kuvvetlerinden, Jandarma Genel Komutanlığı teşkilatından, Emniyet Genel Müdürlüğü teşkilatından ve kamu görevinden çıkarılan kişilerin, mahkûmiyet kararı aranmaksızın, rütbe ve/veya memuriyetleri alınır ve bu kişiler görev yaptıkları teşkilata yeniden kabul edilmezler; bir daha kamu hizmetinde istihdam edilemezler, doğrudan veya dolaylı olarak görevlendirilemezler; bunların uhdelerinde bulunan her türlü mütevelli heyet, kurul, komisyon, yönetim kurulu, denetim kurulu, tasfiye kurulu üyeliği ve sair görevleri de sona ermiş sayılır. Bunların silah ruhsatları, gemi adamlığına ilişkin belgeleri ve pilot lisansları iptal edilir ve bu kişiler oturdukları kamu konutlarından veya vakıf lojmanlarından onbeş gün içinde tahliye edilir. Bu kişiler özel güvenlik şirketlerinin kurucusu, ortağı ve çalışanı olamazlar. Bu kişiler hakkında bakanlıkları ve kurumlarınca ilgili pasaport birimine derhal bildirimde bulunulur. Bu bildirim üzerine pasaport birimlerince pasaportlar iptal edilir.[\\[2\\]](#X424ae1dfb199fdaa161d17bdce77f94503db3d6)"},{"type":"text","content":"\\(3\\) Birinci fıkra kapsamında Türk Silahlı Kuvvetlerinden, Jandarma Genel Komutanlığı teşkilatından, Emniyet Genel Müdürlüğü teşkilatından ve kamu görevinden çıkarılanlar, varsa uhdelerinde taşımış oldukları büyükelçi, vali gibi unvanları ve müsteşar, kaymakam ve benzeri meslek adlarını ve sıfatlarını kullanamazlar ve bu unvan, sıfat ve meslek adlarına bağlı olarak sağlanan haklardan yararlanamazlar."}]},{"type":"header","content":"Göreve iade edilen kamu görevlileri"},{"type":"madde","maddeStr":"MADDE 2-","number":2,"content":"(1) Ekli (5) sayılı listede yer alan kamu görevlileri 15/8/2016 tarihli ve 672 sayılı Olağanüstü Hal Kapsamında Kamu Personeline İlişkin Alınan Tedbirlere Dair Kanun Hükmünde Kararname ile 3/10/2016 tarihli ve 675 sayılı Olağanüstü Hal Kapsamında Bazı Tedbirler Alınması Hakkında Kanun Hükmünde Kararnamenin eki listelerin ilgili sıralarından çıkarılmıştır.","subsections":[{"type":"text","content":"\\(2\\) 672 sayılı Kanun Hükmünde Kararnamenin 2 nci maddesi hükümleri ile 675 sayılı Kanun Hükmünde Kararnamenin 1 inci maddesi hükümleri, birinci fıkrada belirtilen kişiler bakımından tüm hüküm ve sonuçlarıyla birlikte ilgili Kanun Hükmünde Kararnamenin yayımı tarihinden geçerli olmak üzere ortadan kalkmış sayılır. Söz konusu personelden bu maddenin yürürlük tarihinden itibaren on gün içerisinde göreve başlamayanlar çekilmiş sayılır. Bu kapsamda göreve başlayanlara, kamu görevinden çıkarıldıkları tarihten göreve başladıkları tarihe kadar geçen süreye tekabül eden mali ve sosyal hakları ödenir. Bu kişiler, kamu görevinden çıkarılmalarından dolayı herhangi bir tazminat talebinde bulunamaz. Bu personelin görevlerine iadesi, kamu görevinden çıkarıldıkları tarihte bulundukları yöneticilik görevi dışında öğrenim durumları ve kazanılmış hak aylık derecelerine uygun kadro ve pozisyonlara atanmak suretiyle de yerine getirilebilir. Bu maddeye ilişkin işlemler ilgili bakanlık ve kurumlar tarafından yürütülür. "}]},{"type":"header","content":"Kapatılan ve kapsamdan çıkarılan kurum ve kuruluşlar"},{"type":"madde","maddeStr":"MADDE 3-","number":3,"content":"(1) Terör örgütlerine veya Milli Güvenlik Kurulunca Devletin milli güvenliğine karşı faaliyette bulunduğuna karar verilen yapı, oluşum veya gruplara aidiyeti, iltisakı veya bunlarla irtibatı olan;","subsections":[{"type":"text","content":"a\\) Ekli (6) sayılı listede yer alan dernekler,"},{"type":"text","content":"b\\) Ekli (7) sayılı listede yer alan basın-yayın kuruluşları,"},{"type":"text","content":"kapatılmıştır."},{"type":"text","content":"\\(2\\) Birinci fıkra kapsamında kapatılan derneklere ve basın-yayın kuruluşlarına ait olan taşınırlar ile her türlü mal varlığı, alacak ve haklar, belge ve evrak Hazineye bedelsiz olarak devredilmiş sayılır, bunlara ait taşınmazlar tapuda resen Hazine adına, **(İptal ibare: Anayasa Mahkemesi’nin 13/10/2022 tarihli ve E.: 2018/78, K.: 2022/114 sayılı Kararı ile.)** tescil edilir. **(İptal cümle: Anayasa Mahkemesi’nin 13/10/2022 tarihli ve E.: 2018/78, K.: 2022/114 sayılı Kararı ile.)** Devire ilişkin işlemler ilgili tüm kurumlardan gerekli yardımı almak suretiyle Maliye Bakanlığı tarafından yerine getirilir."},{"type":"text","content":"\\(3\\) Ekli (8) sayılı listede yer alan özel sağlık kuruluşu, ekli (9) sayılı listede yer alan vakıflar ve ekli (10) sayılı listede yer alan dernekler, 6749 sayılı Kanunun eki (I) ve (III) sayılı listelerin ilgili sıralarından çıkarılmıştır. 6749 sayılı Kanunun 2 nci maddesi hükümleri bu fıkra kapsamında yer alan kurum ve kuruluşlar bakımından tüm hüküm ve sonuçlarıyla birlikte 23/7/2016 tarihinden geçerli olmak üzere ortadan kalkmış sayılır. Buna ilişkin işlemler ilgisine göre İçişleri Bakanlığı, Maliye Bakanlığı, Sağlık Bakanlığı veya Vakıflar Genel Müdürlüğü tarafından yerine getirilir."}]},{"type":"header","content":"Sınavlara ilişkin tedbirler"},{"type":"madde","maddeStr":"MADDE 4-","number":4,"content":"(1) Terör örgütü üyeliği veya bu örgütlerin faaliyeti çerçevesinde işlenen suçlar sebebiyle tutuklu veya hükümlü olarak ceza infaz kurumunda bulunanlar, olağanüstü halin devamı ve kurumda barındırıldıkları süre zarfında, ülke genelinde uygulanan merkezî sınavlar ile örgün veya yaygın her türlü eğitim ve öğretim kurumları ile kamu kurum ve kuruluşları tarafından ceza infaz kurumu içinde veya dışında yapılan ya da yaptırılan sınavlara giremezler.","subsections":[]},{"type":"header","content":"Askeri okullardaki lisansüstü öğrenciler"},{"type":"madde","maddeStr":"MADDE 5-","number":5,"content":"(1) Bu Kanunun yayımı tarihinde, Harp Okulları ile kapatılan Harp Akademilerindeki enstitülerde lisansüstü öğrenim görmekte olan sivil öğrenciler, Yükseköğretim Kurulunca üniversitelerin durumlarına uygun enstitülerine  yerleştirilirler. Bu maddenin uygulanması ile ilgili olarak usul ve esasları belirlemeye, uygulamayı yönlendirmeye, her türlü tedbiri almaya ve ortaya çıkan tereddütleri gidermeye Yükseköğretim Kurulu görevli ve yetkilidir.","subsections":[]},{"type":"header","content":"Tazminat taleplerine ilişkin kısıtlama"},{"type":"header","content":"MADDE 6- (İptal: Anayasa Mahkemesi’nin 13/10/2022 tarihli ve E.: 2018/78, K.: 2022/114 sayılı Kararı ile.)"},{"type":"header","content":"Kayyımlık yetkisinin devri"},{"type":"madde","maddeStr":"MADDE 7-","number":7,"content":"(1) Bu Kanunun yürürlüğe girdiği tarihten önce terör örgütlerine aidiyeti, iltisakı veya irtibatı nedeniyle 4/12/2004 tarihli ve 5271 sayılı Ceza Muhakemesi Kanununun 133 üncü maddesi uyarınca kayyım atanmasına karar verilen şirketlerde görev yapan kayyımların yetkileri, hâkim veya mahkeme kararı ya da talep olmaksızın bu Kanunun yayımı tarihinde sona erer ve şirketlerin yönetimi kayyımlar tarafından derhal Tasarruf Mevduatı Sigorta Fonuna devredilir.","subsections":[]},{"type":"header","content":"İptal edilecek ihaleler"},{"type":"header","content":"MADDE 8- (1) (İptal fıkra: Anayasa Mahkemesi’nin 13/10/2022 tarihli ve E.: 2018/78, K.: 2022/114 sayılı Kararı ile.)"},{"type":"freeText","content":"\\(2\\) **(İptal fıkra: Anayasa Mahkemesi’nin 13/10/2022 tarihli ve E.: 2018/78, K.: 2022/114 sayılı Kararı ile.)**"},{"type":"header","content":"Yürürlük"},{"type":"madde","maddeStr":"MADDE 9 -","number":9,"content":"(1) Bu Kanun yayımı tarihinde yürürlüğe girer.","subsections":[]},{"type":"header","content":"Yürütme"},{"type":"madde","maddeStr":"MADDE 10-","number":10,"content":"(1) Bu Kanun hükümlerini Bakanlar Kurulu yürütür.","subsections":[]},{"type":"table","content":"<table> <colgroup> <col style=\"width: 33%\" /> <col style=\"width: 33%\" /> <col style=\"width: 33%\" /> </colgroup> <thead> <tr class=\"header\"> <th><strong>Değiştiren Kanunun veya İptal Eden Anayasa Mahkemesi Kararının Numarası</strong></th> <th><strong>7083 Sayılı Kanunun Değişen veya İptal Edilen Maddeleri</strong></th> <th><strong>Yürürlüğe Giriş Tarihi</strong></th> </tr> </thead> <tbody> <tr class=\"odd\"> <td>Anayasa Mahkemesi’nin 13/10/2022 tarihli ve E.: 2018/78, K.: 2022/114 sayılı Kararı ile.</td> <td>1, 3, 6, 8</td> <td>2/3/2023</td> </tr> <tr class=\"even\"> <td> </td> <td> </td> <td> </td> </tr> </tbody> </table>"},{"type":"freeText","content":"*[**\\[1\\]**](#Xf4c8113f07524640efcbf4d5822e1fc633a9e60) Bu Kanunun ekinde yer alan listeler için 8/3/2018 tarihli ve 30354 (Mükerrer) sayılı Resmi Gazete’ye bakınız.*"},{"type":"freeText","content":"[\\[2\\]](#X6ae359e89ea24432127ac5e463063b1e05d509f) *Anayasa Mahkemesi’nin 13/10/2022 tarihli ve E.: 2018/78, K.: 2022/114 sayılı Kararı ile bu fıkranın dördüncü ve beşinci cümleleri iptal edilmiştir. Bu kararın Resmî Gazete’de yayımlanmasından başlayarak dokuz ay sonra yürürlüğe gireceği hüküm altına alınmıştır.*"}]