[{"type":"header","content":"BAZI KANUNLAR İLE 635 SAYILI KANUN HÜKMÜNDE KARARNAMEDE"},{"type":"header","content":"DEĞİŞİKLİK YAPILMASINA DAİR KANUN"},{"type":"header","content":"Kanun Numarası                    : 7176"},{"type":"header","content":"Kabul Tarihi                           : 30/5/2019"},{"type":"header","content":"Yayımlandığı Resmî Gazete   : Tarih : 12/6/2019         Sayı : 30799"},{"type":"header","content":"MADDE 1 – (19/6/1979 tarihli ve 2252 sayılı Kültür Bakanlığı Döner Sermaye Kanunu ile ilgili olup yerine işlenmiştir.)"},{"type":"header","content":"MADDE 2 – (28/3/1983 tarihli ve 2809 sayılı Yükseköğretim Kurumları Teşkilatı Kanunu ile ilgili olup yerine işlenmiştir.)"},{"type":"header","content":"MADDE 3 – 4 – 5 – 6 - (11/11/1983 tarihli ve 2954 sayılı Türkiye Radyo ve Televizyon Kanunu ile ilgili olup yerine işlenmiştir.)"},{"type":"header","content":"MADDE 7 – 8 – 9 – 10 - (4/6/1985 tarihli ve 3213 sayılı Maden Kanunu ile ilgili olup yerine işlenmiştir.)"},{"type":"header","content":"MADDE 11 – (7/11/1985 tarihli ve 3238 sayılı Savunma Sanayii ile İlgili Bazı Düzenlemeler Hakkında Kanun ile ilgili olup yerine işlenmiştir.)"},{"type":"header","content":"MADDE 12 – (9/5/1990 tarihli ve 3644 sayılı 130 İlçe Kurulması Hakkında Kanun ile ilgili olup yerine işlenmiştir.)"},{"type":"header","content":"MADDE 13 – 14 - (3/6/2007 tarihli ve 5686 sayılı Jeotermal Kaynaklar ve Doğal Mineralli Sular Kanunu ile ilgili olup yerine işlenmiştir.)"},{"type":"header","content":"MADDE 15 – (25/6/2010 tarihli ve 6001 sayılı Karayolları Genel Müdürlüğünün Hizmetleri Hakkında Kanun ile ilgili olup yerine işlenmiştir.)"},{"type":"header","content":"MADDE 16 – (7/7/2010 tarihli ve 6004 sayılı Dışişleri Bakanlığı Personeline İlişkin Bazı Düzenlemeler Hakkında Kanun ile ilgili olup yerine işlenmiştir.)"},{"type":"header","content":"MADDE 17 – (18/10/2012 tarihli ve 6356 sayılı Sendikalar ve Toplu İş Sözleşmesi Kanunu ile ilgili olup yerine işlenmiştir.)"},{"type":"header","content":"MADDE 18 – (28/11/2017 tarihli ve 7061 sayılı Bazı Vergi Kanunları ile Diğer Bazı Kanunlarda Değişiklik Yapılmasına Dair Kanun ile ilgili olup yerine işlenmiştir.)"},{"type":"header","content":"MADDE 19 – (21/3/2018 tarihli ve 7103 sayılı Vergi Kanunları ile Bazı Kanun ve Kanun Hükmünde Kararnamelerde Değişiklik Yapılması Hakkında Kanun ile ilgili olup yerine işlenmiştir.)"},{"type":"header","content":"MADDE 20 – (3/6/2011 tarihli ve 635 sayılı Yükseköğretim Kurumlarının Araştırma ve Geliştirme Projelerinin Karşılanması Hakkında Kanun Hükmünde Kararname ile ilgili olup yerine işlenmiştir.)"},{"type":"header","content":"MADDE 21 – (4/11/1983 tarihli ve 2942 sayılı Kamulaştırma Kanunu ile ilgili olup yerine işlenmiştir.)"},{"type":"madde","maddeStr":"GEÇİCİ MADDE 1 –","number":1,"content":"Hazine ve Maliye Bakanlığı ile Gelir İdaresi Başkanlığı kadrolarında bulunan ve sınav tarihi itibarıyla en az üç yıl görev yapan, uyarma ve kınama hariç son üç yıl içinde herhangi bir disiplin cezası almayan, Defterdarlık Uzmanı ve Gelir Uzmanı olabilmek için yaş ve öğrenim alanı şartları hariç mevzuatında öngörülen diğer şartları taşıyan personelden; usul ve esasları Hazine ve Maliye Bakanlığı ile Gelir İdaresi Başkanlığı tarafından belirlenerek kadrolarında bulundukları Kurum tarafından bu maddenin yayımı tarihinden itibaren, beş yıl içinde iki defa yapılacak sınavda başarılı olanlar, kurumlarında Defterdarlık Uzmanı ve Gelir Uzmanı kadrolarına atanırlar.","subsections":[]},{"type":"madde","maddeStr":"MADDE 22 –","number":22,"content":"(1) Bu Kanunun;","subsections":[{"type":"text","content":"a\\) 20 nci maddesi 9/7/2018 tarihinden itibaren uygulanmak üzere yayımı tarihinde,"},{"type":"text","content":"b\\) Diğer maddeleri yayımı tarihinde,"},{"type":"text","content":"yürürlüğe girer."}]},{"type":"madde","maddeStr":"MADDE 23 –","number":23,"content":"(1) Bu Kanun hükümlerini Cumhurbaşkanı yürütür.","subsections":[]}]