[{"type":"header","content":"OLAĞANÜSTÜ HAL KAPSAMINDA ALINMASI GEREKEN TEDBİRLER"},{"type":"header","content":"HAKKINDA KANUN HÜKMÜNDE KARARNAMENİN"},{"type":"header","content":"KABUL EDİLMESİNE DAİR KANUN[\\[1\\]](#Xc217c44f9d6f9d647df03178eb8b64fb8f54252)"},{"type":"header","content":"Kanun Numarası                    : 7091"},{"type":"header","content":"Kabul Tarihi                           : 8/2/2018"},{"type":"header","content":"Yayımlandığı Resmî Gazete   : Tarih  : 8/3/2018          Sayı  : 30354 (Mükerrer)"},{"type":"header","content":"Yayımlandığı Düstur              : Tertip : 5                      Cilt   : 59"},{"type":"header","content":"Amaç ve kapsam"},{"type":"madde","maddeStr":"MADDE 1-","number":1,"content":"(1) Bu Kanun ile 20/7/2016 tarihli ve 2016/9064 sayılı Bakanlar Kurulu Kararıyla ülke genelinde ilan edilen olağanüstü hal kapsamında, darbe teşebbüsü ve terörle mücadele çerçevesinde gerekli bazı tedbirlerin alınması amaçlanmaktadır.","subsections":[]},{"type":"header","content":"Kamu personeline ilişkin tedbirler"},{"type":"madde","maddeStr":"MADDE 2-","number":2,"content":"(1) Milli güvenliğe tehdit oluşturduğu tespit edilen Fethullahçı Terör Örgütüne (FETÖ/PDY) aidiyeti, iltisakı veya irtibatı olan;","subsections":[{"type":"text","content":"a\\) Ekli (1) sayılı listede yer alan kişiler kamu görevinden,"},{"type":"text","content":"b\\) Ekli (2) sayılı listede yer alan kişiler Türk Silahlı Kuvvetlerinden,"},{"type":"text","content":"c\\) Ekli (3) sayılı listede yer alan kişiler Sahil Güvenlik Komutanlığı teşkilatından,"},{"type":"text","content":"ç) Ekli (4) sayılı listede yer alan kişiler Emniyet Genel Müdürlüğü teşkilatından,"},{"type":"text","content":"başka hiçbir işleme gerek kalmaksızın çıkarılmıştır. Bu kişilere ayrıca herhangi bir tebligat yapılmaz. Haklarında ayrıca özel kanun hükümlerine göre işlem tesis edilir."},{"type":"text","content":"\\(2\\) Birinci fıkra gereğince kamu görevinden, Türk Silahlı Kuvvetlerinden, Sahil Güvenlik Komutanlığı teşkilatından ve Emniyet Genel Müdürlüğü teşkilatından çıkarılan kişilerin, mahkûmiyet kararı aranmaksızın, rütbe ve/veya memuriyetleri alınır ve bu kişiler görev yaptıkları teşkilata yeniden kabul edilmezler; bir daha kamu hizmetinde istihdam edilemezler, doğrudan veya dolaylı olarak görevlendirilemezler; bunların uhdelerinde bulunan her türlü mütevelli heyet, kurul, komisyon, yönetim kurulu, denetim kurulu, tasfiye kurulu üyeliği ve sair görevleri de sona ermiş sayılır; bunlar hakkında ayrıca 4 üncü madde hükümleri uygulanır. Bunların silah ruhsatları, gemi adamlığına ilişkin belgeleri ve pilot lisansları iptal edilir ve bu kişiler oturdukları kamu konutlarından veya vakıf lojmanlarından onbeş gün içinde tahliye edilir. Bu kişiler özel güvenlik şirketlerinin kurucusu, ortağı ve çalışanı olamazlar. Bu kişiler hakkında ilgili bakanlık ve kurumlarca ilgili pasaport birimine derhal bildirimde bulunulur. Bu bildirim üzerine ilgili pasaport birimlerince pasaportlar iptal edilir.[\\[2\\]](#X424ae1dfb199fdaa161d17bdce77f94503db3d6)"}]},{"type":"header","content":"Kişisel verilerin paylaşımı"},{"type":"madde","maddeStr":"MADDE 3- (1) Olağanüstü halin devamı süresince; 22/7/2016 tarihli ve 667 sayılı Olağanüstü Hal Kapsamında Alınan Tedbirlere İlişkin Kanun Hükmünde Kararnamenin 3 üncü ve 4 üncü maddeleri uyarınca hakkında inceleme ve soruşturma yürütülen kişiler (İptal ibare: Anayasa Mahkemesi’nin 26/10/2022 tarihli ve E: 2018/85, K: 2022/127 sayılı Kararı ile.) (…)","number":3,"content":"ilişkin olarak yetkili kurul, komisyon ve diğer mercilerce ihtiyaç duyulan, 19/10/2005 tarihli ve 5411 sayılı Bankacılık Kanunu uyarınca müşteri sırrı kapsamında kabul edilenler hariç, telekomünikasyon yoluyla iletişimin tespiti de dahil olmak üzere her türlü bilgi ve belge, kamu ve özel tüm kurum ve kuruluşlarca vakit geçirilmeksizin verilir.","subsections":[{"type":"text","content":"\\(2\\) Kamu kurum ve kuruluşlarının personeline ve bunların eş ve çocuklarına ait olup Tasarruf Mevduatı Sigorta Fonuna devredilen ve faaliyet izni kaldırılan Asya Katılım Bankası A.Ş.’de veya bu Bankayla ilgili olarak Tasarruf Mevduatı Sigorta Fonunda, Bankacılık Düzenleme ve Denetleme Kurumunda ya da Malî Suçları Araştırma Kurulu Başkanlığında bulunan her türlü bilgi, bu personelin çalıştığı kurum ve kuruluşlarca talepte bulunulması durumunda gecikmeksizin verilir. Bu işlemlere ilişkin olarak 5411 sayılı Kanunun 73 üncü maddesinin birinci fıkrasında yer alan sınırlama uygulanmaz."}]},{"type":"header","content":"Bazı unvanların kullanımı"},{"type":"madde","maddeStr":"MADDE 4-","number":4,"content":"(1) 667 sayılı Kanun Hükmünde Kararnamenin 3 üncü ve 4 üncü maddeleri kapsamında kamu görevinden çıkarılanlar, uhdelerinde taşımış oldukları büyükelçi, vali gibi unvanları ve yüksek mahkeme başkan ve üyeliği, müsteşar, hâkim, savcı, kaymakam ve benzeri meslek adlarını ve sıfatlarını kullanamazlar ve bu unvan, sıfat ve meslek adlarına bağlı olarak sağlanan haklardan yararlanamazlar.","subsections":[]},{"type":"header","content":"Devir işlemlerine ilişkin tedbirler[\\[3\\]](#Xcd2106d7bad008753f2338f3adbb3432843d57e)"},{"type":"madde","maddeStr":"MADDE 5- (1) 20/7/2016 tarihli ve 2016/9064 sayılı Bakanlar Kurulu Kararıyla ülke genelinde ilan edilen olağanüstü hal kapsamında yürürlüğe konulan Kanun Hükmünde Kararnameler gereğince kapatılan ve Vakıflar Genel Müdürlüğüne veya Hazineye devredilen kurum, kuruluş, özel radyo ve televizyonlar, gazete, dergi, yayınevi ve dağıtım kanallarının her türlü taşınır, taşınmaz, malvarlığı, alacak ve hakları ile belge ve evraklarının (devralınan varlık);  her türlü tespit işlemini yapmaya, kapsamını belirlemeye, idare etmeye, avans dahil her türlü alacak, senet, çek ve diğer kıymetli evraka ilişkin olarak dava ve icra takibi ile diğer her türlü işlemi yapmaya, devralınan varlıklarla ilgili olup kanaat getirici defter, kayıt ve belgelerle tevsik edilen borç ve yükümlülükleri tespite ve hiçbir şekilde devralınan varlıkların değerini geçmemesi, ek mali külfet getirmemesi, asıl borçlu ve diğer kefiller hakkında kesin aciz vesikası bulunan haller hariç olmak üzere kefaletten doğmaması ve Fethullahçı Terör Örgütü (FETÖ/PDY)’ne veya diğer terör örgütlerine (İptal ibare: Anayasa Mahkemesi’nin 26/10/2022 tarihli ve E: 2018/85, K: 2022/127 sayılı Kararı ile.) (…)","number":5,"content":"gerçek mal veya hizmet ilişkisine dayanması şartıyla bu varlıkların değerlendirilmesi suretiyle bunları uygun bir takvim dahilinde ödemeye, kapatılan kurum ve kuruluşların taahhüt ve garanti ettiği ancak vermediği mal ve hizmet bedellerinin ödemesini durdurmaya veya ödemeye, tahsili mümkün olmadığı anlaşılan veya tahsilinde ve takibinde yarar bulunmayan hak ve alacaklar ile taahhüt ve garantilerin tahsilinden vazgeçmeye, her türlü sulh işlemini yapmaya, devralınan varlıklarla ilişkili kredi veya gerçek bir mal veya hizmet ilişkisine dayanan borçlar nedeniyle konulmuş ve daha önce kaldırılmış takyidatları kredinin veya borcun ödenebilmesini sağlamak amacıyla kaldırıldığı andaki koşullarla tekrar koydurmaya ve ihyaya, menkul rehinleri dikkate almaya, devralınan varlıklara konulan takyidatların sınırlarını belirlemeye ve kaldırmaya, finansal kiralama dahil sözleşmelerin feshine veya devamına karar vermeye, devralınan varlıkların idaresi, değerlendirilmesi, elden çıkarılması için gerekli her türlü tedbiri almaya,  gerektiğinde devralınan varlıkların tasfiyesi veya satışı amacıyla uygun görülen kamu kurum ve kuruluşlarına devretmeye, devir kapsamında olmadığı belirlenen varlıkları iadeye, kapatılanların gerçek kişiye ait olması halinde devralınacak varlıkların kapsamını belirlemeye, tereddütleri gidermeye, uygulamaları yönlendirmeye, bütün bu işlemleri yapmak amacıyla usul ve esasları belirlemeye, vakıflar yönünden Vakıflar Genel Müdürlüğü, diğerleri yönünden Maliye Bakanlığı yetkilidir.","subsections":[{"type":"text","content":"\\(2\\) **(Değişik:8/4/2022-7394/35 md.)** Bu madde kapsamında devralınan varlıklardan nakit ve diğer hazır değerler emanet, diğer varlıklar ise nazım hesaplarda izlenir. Nazım hesaplarda izlenen varlıklardan; elden çıkarılanların tutarı ile elden çıkarılmayanlar rayiç bedeli tespit edilerek ilgili varlık hesapları karşılığında emanet hesaplarına alınır. Ödenmesine karar verilen borçlar asıl alacağa idareye başvuru tarihinden itibaren hesaplanacak kanuni faizi ile birlikte bu emanetlerden ödenerek kalan nakit tutarlar bütçeye gelir kaydedilir. Nakit dışı diğer tutarlar ise ilgili hesaplara alınır."},{"type":"text","content":"\\(3\\) Kapatılan kurum, kuruluş, özel radyo ve televizyonlar, gazete, dergi, yayınevi ve dağıtım kanallarının bağlı oldukları şirketlerin faaliyetleri sonlandırılarak ticari sicil kayıtları resen terkin edilir. Bunların devralınan varlıkları dışındaki varlıkları da Hazineye bedelsiz devredilmiş sayılır. Bu durumda şirketlere daha önce atanmış kayyımlar tasfiye memuru olarak görevlendirilebilir veya bu şirketlere tasfiye memuru atanabilir. Bu fıkranın uygulanmasına ilişkin usul ve esasları belirlemeye ve birinci fıkrada yer alan hususları bu şekilde devralınan varlıklar için de uygulamaya Maliye Bakanlığı yetkilidir."},{"type":"text","content":"\\(4\\) Birinci fıkra kapsamında tespite konu edilebilecek borç ve yükümlülüklere ilişkin olarak hak iddiasında bulunanlarca bu maddenin yürürlüğe girdiği tarihten itibaren altmış günlük hak düşürücü süre içerisinde ilgili idaresine kanaat getirici defter, kayıt ve belgelerle müracaat edilir. Bu maddenin yürürlüğe girdiği tarihten sonra yapılacak kapatma işlemlerinde ise altmış günlük süre kapatma tarihinden itibaren başlar."},{"type":"text","content":"\\(5\\) **(Değişik:8/4/2022-7394/35 md.)** Borçların ödenmesinde, çeşidine bakılmaksızın beşyüz Türk lirasını geçmeyen borçlar, işçi alacakları, rehinli alacaklar, bu fıkra kapsamında türü belirtilen alacaklara girmeyen diğer alacaklar, enerji, iletişim ve su kullanımından kaynaklanan alacaklar, kamu idarelerine ödenmesi gereken vergi, resim, harç, fon kesintisi, pay gibi borçlar, çalışanların sigorta primleri şeklinde sıralama esas alınır. Emanet tutarı, ilgili sıra içerisinde bütün alacaklıların alacağını tamamen ödemeye yetmezse garameten paylaştırma yapılır. Kapatılan özel öğretim kurum ve kuruluşları, kurs, dershane, öğrenci yurtları ve pansiyonlara avans veya peşin ödeme şeklinde kapatma tarihinden sonraki dönemler için ifa edilmiş olan öğrenim ve barınma bedelleri, yukarıda belirtilen sıraya tabi tutulmaksızın iade edilir. İhtilaflı taleplere ilişkin ise, talep sahiplerinin taleplerin reddine ilişkin kararın ilgililere tebliğinden itibaren 3 ay içinde dava açıldığına dair belge sunmaları halinde, bu fıkradaki sıralama değişmeksizin ihtilaf konusu tutar, kapatılan kurum/kuruluşun varlık hesaplarında nakit veya malvarlığı değerinin bulunması koşuluyla emanet hesabında tutulur. Süresinde dava açıldığına ilişkin belge sunulmaması halinde, ihtilaf konusu alacak hakkında talepte bulunulmamış gibi işlemlere devam edilir."},{"type":"text","content":"\\(6\\) 667 sayılı Kanun Hükmünde Kararname hükümleri gereğince kapatılan vakıflara ait olup mülkiyetleri Vakıflar Genel Müdürlüğüne intikal eden taşınmazlar üzerinde bulunan eğitim ve sağlık tesisleri kamu kurum ve kuruluşlarına bedelsiz, özel hukuk tüzel kişilerine ise bedeli karşılığında tahsis edilebilir.[\\[4\\]](#X2e9d117da599c9eb7bd54841919101cb87fe1fd)"},{"type":"text","content":"\\(7\\) Kamu kurum ve kuruluşları, gerçek ve tüzel kişiler ile tüzel kişiliği olmayan kuruluşlar bu madde kapsamında istenilecek bilgi ve belgeleri onbeş gün içerisinde vermek zorundadır. Bu çerçevede talepte bulunulanlar özel kanunlarda yazılı hükümleri ileri sürerek bilgi ve belge vermekten kaçınamazlar."},{"type":"text","content":"\\(8\\) **(Ek:13/2/2018-7098/EK MADDE 1)** Bu madde hükümleri 20/7/2016 tarihli ve 2016/9064 sayılı Bakanlar Kurulu Kararıyla ülke genelinde ilan edilen olağanüstü hal kapsamında yürürlüğe konulan kanun hükmünde kararnameler uyarınca gerçekleştirilen bütün kapatma işlemleri hakkında uygulanır."},{"type":"text","content":"\\(9\\) **(Ek:8/4/2022-7394/35 md.)** Münhasıran bu madde uyarınca yapılması gereken işlemlerin yürütülmesine esas olmak üzere talepte bulunanlar hakkında; millî güvenliğe tehdit oluşturduğu tespit edilen yapı, oluşum veya gruplara ya da terör örgütlerine üyeliği veya iltisakı ya da bunlarla irtibatı nedeniyle; devam etmekte olan herhangi bir adli soruşturma veya kovuşturma bulunup bulunmadığı, kovuşturmaya yer olmadığına, beraatine, ceza verilmesine yer olmadığına, davanın reddine veya düşmesine karar verilip verilmediği hususları dikkate alınarak işlemler sonuçlandırılır."}]},{"type":"header","content":"2010 Kamu Personel Seçme Sınavı"},{"type":"madde","maddeStr":"MADDE 6-","number":6,"content":"(1) 10-11 Temmuz 2010 tarihlerinde uygulanan Kamu Personel Seçme Sınavında genel yetenek ve genel kültür test sonuçlarına göre veya bu sonuçlar da esas alınmak suretiyle atanan personelin atama işlemlerinin geçerliliği devam eder. Ancak, bu sınav sorularını ve/veya cevaplarını hukuka aykırı bir şekilde sınav öncesinde ya da sınav sırasında elde ettiği tespit edilen kişilerin atamaları iptal edilir.","subsections":[]},{"type":"header","content":"Mali suçlara ilişkin tedbirler"},{"type":"madde","maddeStr":"MADDE 7-","number":7,"content":"(1) Terör örgütlerine veya Milli Güvenlik Kurulunca Devletin milli güvenliğine karşı faaliyette bulunduğuna karar verilen yapı, oluşum veya gruplara üyeliği, mensubiyeti veya iltisakı yahut bunlarla irtibatı olduğu değerlendirilen kişi, kurum ve kuruluşlar ile ilgili olarak 11/10/2006 tarihli ve 5549 sayılı Suç Gelirlerinin Aklanmasının Önlenmesi Hakkında Kanunun 19/A maddesinin birinci fıkrasında yedi işgünü olarak belirlenen süre, olağanüstü halin devamı süresince otuz işgünü olarak uygulanır.","subsections":[]},{"type":"header","content":"Yeniden ifade alınması"},{"type":"madde","maddeStr":"MADDE 8-","number":8,"content":"(1) 26/9/2004 tarihli ve 5237 sayılı Türk Ceza Kanununun İkinci Kitap Dördüncü Kısım Dördüncü, Beşinci, Altıncı ve Yedinci Bölümünde tanımlanan suçlar ile 12/4/1991 tarihli ve 3713 sayılı Terörle Mücadele Kanunu kapsamına giren suçlar bakımından, şüphelinin aynı olayla ilgili olarak yeniden ifadesinin alınması ihtiyacı ortaya çıktığında bu işlem, olağanüstü halin devamı süresince, Cumhuriyet savcısı veya Cumhuriyet savcısının yazılı emri üzerine kolluk tarafından yapılabilir.","subsections":[]},{"type":"header","content":"Tazminat ödenmesi"},{"type":"madde","maddeStr":"MADDE 9-","number":9,"content":"(1) 15/7/2016 tarihinde gerçekleştirilen darbe teşebbüsü ve terör eylemi ile bu eylemlerin devamı niteliğindeki eylemlerin ortaya çıkarılması, etkilerinin azaltılması veya bertaraf edilmesinin sağlanmasında yardımcı ve faydalı oldukları sırada yaralandıkları, tedavi amacıyla başvurdukları hastane ve sağlık kuruluşlarının kayıtları esas alınmak suretiyle, ilgili valinin teklifi üzerine İçişleri Bakanlığı Nakdi Tazminat Komisyonu tarafından karara bağlanan kamu görevlileri ile sivillerden, 3713 sayılı Kanunun 21 inci maddesinin birinci fıkrası kapsamında aylık bağlama şartları oluşmayanlara, 3/11/1980 tarihli ve 2330 sayılı Nakdi Tazminat ve Aylık Bağlanması Hakkında Kanun ile belirlenmiş esas ve usuller çerçevesinde engellilik ve yaralanma derecesine göre belirlenecek tazminatın beş katı tutarında nakdi tazminat ödenir.","subsections":[{"type":"text","content":"\\(2\\) Birinci fıkra kapsamında tazminat hakkından yararlandırılanların kendisi veya eş ve çocuklarından birisi, eşi veya çocuğu yoksa kendisi veya anne, baba veya kardeşlerinden birisi olmak üzere toplam bir kişi hakkında, 3713 sayılı Kanunun ek 1 inci maddesindeki istihdama ilişkin hükümler uygulanır."}]},{"type":"header","content":"Yürürlükten kaldırılan ve değiştirilen hükümler[\\[5\\]](#X4b29ec9cadcdc1c8ba724b6e5b4f4559b5688bb)"},{"type":"madde","maddeStr":"MADDE 10-","number":10,"content":"(1) 22/7/2016 tarihli ve 667 sayılı Olağanüstü Hal Kapsamında Alınan Tedbirlere İlişkin Kanun Hükmünde Kararnamenin 3 üncü maddesinin birinci fıkrasına ilk cümlesinden sonra gelmek üzere aşağıdaki cümle eklenmiştir.","subsections":[{"type":"text","content":"“Bu kararlar, Resmi Gazetede yayımlanır ve yayımı tarihinde ilgililere tebliğ edilmiş sayılır.”"},{"type":"text","content":"\\(2\\) 667 sayılı Kanun Hükmünde Kararnamenin 4 üncü maddesinin üçüncü fıkrasına “silah ruhsatları” ibaresinden sonra gelmek üzere “, gemi adamlığına ilişkin belgeleri” ibaresi eklenmiştir. "},{"type":"text","content":"\\(3\\) 667 sayılı Kanun Hükmünde Kararnamenin 7 nci maddesinin birinci fıkrasının üçüncü cümlesinde yer alan “ile bu eylemler sebebiyle yaralananlar” ibaresi yürürlükten kaldırılmış, aynı fıkranın son cümlesi aşağıdaki şekilde değiştirilmiş ve aynı maddeye aşağıdaki fıkra eklenmiştir."},{"type":"text","content":"“Bunların aylık başlangıç tarihine kadar olan genel sağlık sigortası primi dahil kendi sigortalılığı sebebiyle tahakkuk eden prim ve prime ilişkin her türlü borçları Sosyal Güvenlik Kurumunca terkin edilir.”"},{"type":"text","content":"“(3) Birinci fıkra kapsamına giren eylemler sebebiyle hayatını kaybeden, malul olan veya yaralanan kamu görevlileri ve siviller ile bunların hak sahipleri veya kanuni mirasçılarına, bu madde veya ilgili mevzuatı uyarınca ödenen gelir, aylık, emekli ikramiyesi, nakdi tazminat ve ek tazminatlar haczedilemez.”"},{"type":"text","content":"\\(4\\) 667 sayılı Kanun Hükmünde Kararnamenin 8 inci maddesinin birinci fıkrasına aşağıdaki cümle eklenmiştir."},{"type":"text","content":"“Bu durumda, ilgili kurum ve kuruluşlara ait ve sözleşme tarihinde mevcut bina, yapı ve tesisler hariç olmak üzere, taşınmazların üzerinde yapılan bina, yapı ve tesisler ile her türlü taşınır, alacak ve haklar, belge ve evrak 23/7/2016 tarihinden geçerli olmak üzere bedelsiz olarak Hazineye devredilmiş sayılır.”"},{"type":"text","content":"\\(5\\) 25/7/2016 tarihli ve 668 sayılı Olağanüstü Hal Kapsamında Alınması Gereken Tedbirler ile Bazı Kurum ve Kuruluşlara Dair Düzenleme Yapılması Hakkında Kanun Hükmünde Kararnamenin 2 nci maddesinin ikinci fıkrasına “silah ruhsatları” ibaresinden sonra gelmek üzere “, gemi adamlığına ilişkin belgeleri” ibaresi eklenmiştir."},{"type":"text","content":"\\(6\\) 25/7/2016 tarihli ve 669 sayılı Olağanüstü Hal Kapsamında Bazı Tedbirler Alınması ve Milli Savunma Üniversitesi Kurulması ile Bazı Kanunlarda Değişiklik Yapılmasına Dair Kanun Hükmünde Kararnamenin 2 nci maddesinin ikinci fıkrasına “silah ruhsatları” ibaresinden sonra gelmek üzere “, gemi adamlığına ilişkin belgeleri” ibaresi eklenmiştir."},{"type":"text","content":"\\(7\\) 669 sayılı Kanun Hükmünde Kararnamenin 104 üncü maddesine aşağıdaki fıkra eklenmiştir."},{"type":"text","content":"“(3) Birinci fıkra uyarınca kapatılan eğitim kurumlarının hak ve yükümlülükleri başka bir işleme gerek kalmaksızın Milli Savunma Bakanlığına geçer. Bu yerlerin ihtiyaçlarını temin etmek maksadıyla imzalanmış sözleşmeler, devam eden ihtiyaçlar gözönüne alınarak Milli Savunma Bakanlığınca feshedilebilir ya da sözleşmede belirtilen işin miktarı azaltılabilir. Bu nedenlerle yükleniciye herhangi bir tazminat ödemesi yapılmaz. Feshedilen sözleşmelere ilişkin alınan teminatlar iade edilir ve yüklenici hakkında yasaklama işlemi yapılmaz. Kara, Deniz ve Hava Harp Okulları ile astsubay meslek yüksekokullarının ihtiyaçlarını içeren sözleşmeler hakkında da bu fıkra hükümleri uygulanabilir.”"},{"type":"text","content":"\\(8\\) 669 sayılı Kanun Hükmünde Kararnamenin 105 inci maddesinin ikinci fıkrasının sonuna aşağıdaki cümle eklenmiştir."},{"type":"text","content":"“Açılmış olan davalarda yargılama giderleri ve vekalet ücretlerine hükmolunmaz, hükmolunanlar tahsil edilmez.”"},{"type":"text","content":"\\(9\\) 669 sayılı Kanun Hükmünde Kararnamenin 106 ncı maddesinin dördüncü fıkrasında yer alan “Sağlık Bakanlığı bütçesinin” ibaresi “Sağlık Bakanlığı ve/veya bağlı kuruluşları bütçelerinin” şeklinde değiştirilmiştir."},{"type":"text","content":"\\(10\\) 669 sayılı Kanun Hükmünde Kararnamenin 107 nci maddesinin üçüncü ve dördüncü fıkraları aşağıdaki şekilde değiştirilmiş, maddeye dördüncü fıkradan sonra gelmek üzere aşağıdaki fıkralar eklenmiş ve diğer fıkra buna göre teselsül ettirilmiştir."},{"type":"text","content":"“(3) Devredilen personelden;"},{"type":"text","content":"a\\) Aylıklarını 657 sayılı Devlet Memurları Kanununa göre alanlara, devredilmeden önce en son ayda kadrolarına bağlı olarak yapılan aylık gösterge, ek gösterge, kıdem aylığı, taban aylığı, zam, tazminat ve ek ödeme veya sağlık hizmetleri tazminatı ödemeleri toplam net tutarının (bu tutar sabit bir değer olarak esas alınır); devir sonrası atandıkları yeni kadrolarına bağlı olarak yapılan aylık gösterge, ek gösterge, kıdem aylığı, taban aylığı, zam, tazminat ödemeleri ile döner sermayeden yapılan ek ödemenin toplam net tutarından fazla olması halinde aradaki fark tutarı, herhangi bir vergi ve kesintiye tabi tutulmaksızın fark kapanıncaya kadar ayrıca tazminat olarak ödenir."},{"type":"text","content":"b\\) Aylıklarını 2914 sayılı Yükseköğretim Personel Kanununa göre alanlara, devir sonrası atandıkları yeni kadrolarında ödenen döner sermaye ek ödemesi net tutarının, devir tarihi itibarıyla eski kadrolarına bağlı olarak hesaplanan sağlık hizmetleri tazminatı net tutarından (bu tutar sabit bir değer olarak esas alınır) az olması halinde, aradaki fark herhangi bir vergi ve kesintiye tabi tutulmaksızın ayrıca tazminat olarak ödenir."},{"type":"text","content":"c\\) Aylıklarını 926 sayılı Türk Silahlı Kuvvetleri Personel Kanununa göre alanlara, aylık ve mali hakları (ek ödeme veya sağlık hizmetleri tazminatı dahil), rütbe ve kıdemleri ile devredildiği tarihteki aylık ve mali hak unsurları (tayın bedeli ve fiilen çalışma karşılığı yapılan ödemeler hariç) esas alınarak aynı şekilde ödenir. Bu şekilde almakta oldukları aylık ve mali hakları toplam net tutarının, devir sonrası yeni kadrolarına bağlı olarak alabilecekleri aylık ve mali hakları toplamı ile atanmış oldukları yeni kadro unvanı esas alınmak suretiyle hesaplanan döner sermaye ek ödemesi toplamının net tutarından az olması halinde aradaki fark tutarı, herhangi bir vergi ve kesintiye tabi tutulmaksızın ayrıca tazminat olarak ödenir. Bunların, subaylarda kıdemli albay, astsubaylarda ise iki kademeli kıdemli başçavuş rütbesini geçmemek ve general ve amiraller bulundukları rütbede kalmak üzere rütbe, terfi ve kıdemlilik işlemleri ile yaş haddi ve kadrosuzluk tazminatı da dahil emeklilik işlemleri, görev yaptıkları kurum tarafından 926 sayılı Kanun hükümlerine göre yapılır. Ancak bunlar, istekleri halinde atanmış oldukları kadronun mali ve sosyal haklarından yararlanmak kaydıyla memurlar için belirlenen yaş haddine kadar çalışmaya devam edebilirler. Bu bent kapsamında bulunan personel hakkında 4/1/1961 tarihli ve 209 sayılı Kanunun ek 3 üncü maddesi ile 31/5/2006 tarihli ve 5510 sayılı Kanunun ek 3 üncü maddesi uygulanmaz."},{"type":"text","content":"ç) Sözleşmeli olarak görev yapanlar, ilgili mevzuat hükümleri çerçevesinde aynı şekilde sözleşmeli olarak görev yapmaya ve ücret almaya devam ederler; bunlara ek ödeme, döner sermaye ek ödemesi gibi ayrıca bir ödeme yapılmaz."},{"type":"text","content":"\\(4\\) Devredilen personel ve bunların emeklileri, Türk Silahlı Kuvvetleri ile Sahil Güvenlik ve Jandarma Genel Komutanlıklarına bağlı sosyal tesislerden ve varsa silah taşıma ve bulundurma hakkından emsali rütbedeki personel gibi yararlanır. Ordu Yardımlaşma Kurumu (OYAK) üyesi olanların bu üyelikleri üçüncü fıkra hükümlerine tabi oldukları sürece, fiili hizmet süresi zammından yararlananların bu hakları ise üçüncü fıkranın (c) bendi hükümleri çerçevesinde 926 sayılı Kanuna göre aylık aldıkları sürece devir tarihindeki hükümler esas alınmak suretiyle devam eder.”"},{"type":"text","content":"“(5) Üçüncü ve dördüncü fıkra hükümleri, ilgililer bu madde uyarınca devredildikleri kurumların kadrolarında kaldıkları sürece uygulanır."},{"type":"text","content":"\\(6\\) Askeri sağlık teşkillerinin yönetildiği merkez veya bölge teşkilatlarında görevli olup, sağlık teşkillerinin devri sebebiyle hizmetine ihtiyaç kalmayan sağlık ve yardımcı sağlık personeli ile görev sürelerinin bitiminde yurda dönen Girne Asker Hastanesinde görevli sağlık ve yardımcı sağlık personeli de Sağlık Bakanlığı ve Milli Savunma Bakanlığının müşterek kararıyla devredilen personel kapsamına alınır."},{"type":"text","content":"\\(7\\) Gülhane Askeri Tıp Akademisinde uzmanlık ve yan dal uzmanlık eğitimi yapma hakkı kazanmış olup henüz uzmanlık eğitimine başlamamış olanlar, kıta, kurum ve karargâhlarda fiilen en az iki yıllık hizmeti tamamlamak kaydıyla devredilen personel kapsamında Sağlık Bilimleri Üniversitesinin araştırma görevlisi kadrolarına atanırlar. Gülhane Askeri Tıp Akademisinde lisansüstü eğitim yapmakta olan öğrenciler (yabancı öğrenciler dahil) ile bu hakkı kazanmış olanlar eğitimlerine Üniversitede devam eder."},{"type":"text","content":"\\(8\\) Devredilen personelden Türk Silahlı Kuvvetleri ile Sahil Güvenlik ve Jandarma Genel Komutanlıklarına karşı mecburi hizmeti bulunan personel, bu hizmetlerini devredildikleri kurumlarda tamamlar."},{"type":"text","content":"\\(9\\) Uluslararası askeri anlaşma ve protokoller kapsamında Gülhane Askeri Tıp Akademisinde eğitim ve öğretim gören yabancı uyruklu personel ve bakmakla yükümlü oldukları aile fertleri ile yine aynı anlaşmalar kapsamında yıllık kontenjan dahilinde ücretsiz tedavisi yapılan hastaların tedavi giderleri ile öğrenci harçlıkları Milli Savunma Bakanlığı bütçesinden karşılanır."},{"type":"text","content":"\\(10\\) Savaş hali ve Türk Silahlı Kuvvetlerinin yurtdışı görevleri nedeniyle askeri sağlık teşkili kurulması ile buralarda görevlendirilecek Sağlık Bakanlığı personeline ilişkin usul ve esaslar, Milli Savunma Bakanlığı ile Sağlık Bakanlığı arasında yapılacak protokollerle belirlenir.”"}]},{"type":"header","content":"Yürürlük"},{"type":"madde","maddeStr":"MADDE 11-","number":11,"content":"(1) Bu Kanun yayımı tarihinde yürürlüğe girer.","subsections":[]},{"type":"header","content":"Yürütme"},{"type":"madde","maddeStr":"MADDE 12-","number":12,"content":"(1) Bu Kanun hükümlerini Bakanlar Kurulu yürütür.","subsections":[]},{"type":"header","content":"7091 SAYILI KANUNA EK VE DEĞİŞİKLİK GETİREN MEVZUATIN VEYA"},{"type":"header","content":"ANAYASA MAHKEMESİ İPTAL KARARLARININ"},{"type":"header","content":"YÜRÜRLÜĞE GİRİŞ TARİHLERİNİ GÖSTERİR LİSTE"},{"type":"table","content":"<table> <colgroup> <col style=\"width: 33%\" /> <col style=\"width: 33%\" /> <col style=\"width: 33%\" /> </colgroup> <tbody> <tr class=\"odd\"> <td><p><strong>Değiştiren Kanunun/</strong></p> <p><strong>KHK’nin veya İptal Eden Anayasa Mahkemesi Kararının Numarası</strong></p></td> <td><strong>7091 Sayılı Kanunun Değişen veya İptal Edilen Maddeleri</strong></td> <td><strong>Yürürlüğe Giriş Tarihi</strong></td> </tr> <tr class=\"even\"> <td>7098</td> <td>5</td> <td>8/3/2018</td> </tr> <tr class=\"odd\"> <td>7394</td> <td>5</td> <td>15/4/2022</td> </tr> <tr class=\"even\"> <td rowspan=\"2\">Anayasa Mahkemesinin 26/10/2022 Tarihli ve E: 2018/85, K: 2022/127 Sayılı Kararı</td> <td>2</td> <td><p>17/3/2023</p> <p>tarihinden başlayarak dokuz ay sonra</p> <p>17/12/2023</p></td> </tr> <tr class=\"odd\"> <td>3, 5</td> <td>17/3/2023</td> </tr> </tbody> </table>"},{"type":"freeText","content":"*[**\\[1\\]**](#Xf4c8113f07524640efcbf4d5822e1fc633a9e60) Bu Kanunun ekinde yer alan listeler için 8/3/2018 tarihli ve 30354 (Mükerrer) sayılı Resmi Gazete’ye bakınız.*"},{"type":"freeText","content":"*[**\\[2\\]**](#X6ae359e89ea24432127ac5e463063b1e05d509f) Anayasa Mahkemesinin 26/10/2022 tarihli ve E: 2018/85, K: 2022/127 sayılı Kararı ile bu fıkrada yer alan dördüncü ve beşinci cümleler iptal edilmiştir. Kararın Resmî Gazete’de yayımlanmasından başlayarak dokuz ay sonra (17/12/2023) yürürlüğe gireceği hüküm altına alınmıştır.*"},{"type":"freeText","content":"*[**\\[3\\]**](#Xf0528bef64216d9d6f707b444a9ce269548b11a) 13/2/2018 tarihli ve 7098 sayılı Kanunun Ek 1 inci maddesiyle, bu maddenin birinci fıkrasında yer alan “kefaletten doğmaması” ibaresi “asıl borçlu ve diğer kefiller hakkında kesin aciz vesikası bulunan haller hariç olmak üzere kefaletten doğmaması” şeklinde değiştirilmiş, aynı fıkraya “(FETÖ/PDY’ne)” ibaresinden sonra gelmek üzere “veya diğer terör örgütlerine” ibaresi eklenmiştir.*"},{"type":"freeText","content":"*[**\\[4\\]**](#Xda4e2d25b4d53021c390d5ad700d7abb8edcfb9) 13/2/2018 tarihli ve 7098 sayılı Kanunun Ek 1 inci maddesiyle, bu fıkrada yer alan “eğitim” ibaresinden sonra gelmek üzere “ve sağlık” ibaresi eklenmiştir.*"},{"type":"freeText","content":"*[**\\[5\\]**](#X2d2a8a0990c8e6b7aa965569a5e4959f5e70491) Bu madde hükmü; 667 sayılı KHK’nin 18/10/2016 tarihli ve 6749 sayılı Kanun ile, 668 sayılı KHK’nin 8/11/2016 tarihli ve 6755 sayılı Kanun, 669 sayılı KHK’nin 9/11/2016 tarihli ve 6756 sayılı Kanun ile kanunlaşması nedeniyle aynen muhafaza edilmiştir.*"}]