[{"type":"header","content":"ULUDAĞ ALANI HAKKINDA KANUN"},{"type":"header","content":"Kanun Numarası                    : 7432"},{"type":"header","content":"Kabul Tarihi                           : 18/1/2023"},{"type":"header","content":"Yayımlandığı Resmî Gazete   : Tarih: 26/1/2023          Sayı: 32085"},{"type":"header","content":"Amaç ve kapsam"},{"type":"madde","maddeStr":"MADDE 1-","number":1,"content":"(1) Bu Kanunun amacı; doğal ve turistik değerler açısından büyük öneme sahip Uludağ Alanının, doğal sit alanları ve diğer korunan alanlar ile birlikte jeolojik ve biyolojik varlıklar, su ve benzeri kaynak değerlerinin korunması, yaşatılması, geliştirilmesi, tanıtılması, planlanması, yönetilmesi ve denetlenmesi ile Alanda yürütülen faaliyetlere ilişkin usul ve esasları düzenlemektir.","subsections":[]},{"type":"header","content":"Tanımlar"},{"type":"madde","maddeStr":"MADDE 2-","number":2,"content":"(1) Bu Kanunun uygulanmasında;","subsections":[{"type":"text","content":"a\\) Bakan: Kültür ve Turizm Bakanını,"},{"type":"text","content":"b\\) Bakanlık: Kültür ve Turizm Bakanlığını,"},{"type":"text","content":"c\\) Başkan: Uludağ Alan Başkanını,"},{"type":"text","content":"ç) Başkanlık: Uludağ Alan Başkanlığını,"},{"type":"text","content":"d\\) Danışma Kurulu: Başkanlığa danışmanlık etmek ve tavsiyelerde bulunmak üzere kurulan kurulu,"},{"type":"text","content":"e\\) Geçiş dönemi koruma esasları ve kullanma şartları: Uludağ Alan planları yürürlüğe girinceye kadar uyulacak esasları,"},{"type":"text","content":"f\\) Komisyon: Uludağ Alan Komisyonunu,"},{"type":"text","content":"g\\) Uludağ Alanı: Bu Kanuna ekli Harita ve Koordinat Listesinde sınırları belirtilen ve bu Kanun kapsamında Başkanlığın yetkili ve görevli olduğu alanı,"},{"type":"text","content":"ğ) Uludağ Alan planları: Bu Kanun hükümlerine göre hazırlanan, Uludağ Alanının korunması, geliştirilmesi, yönetimi, tanıtılması, koruma esasları ve kullanma şartlarının belirlenmesi, bölgede yer alan konaklama ile kış ve dağ turizmi tesislerinin yapılması, iyileştirilmesi, yenilenmesi ve geliştirilmesi, ulaşım yöntemleri ve altyapı tesislerinin tasarım esaslarının belirlenmesi konularında hedefleri, stratejileri ve kararları belirleyen her tür ve ölçekteki planları"},{"type":"text","content":"ifade eder."}]},{"type":"header","content":"Genel esaslar"},{"type":"madde","maddeStr":"MADDE 3-","number":3,"content":"(1) Uludağ Alanının kontrollü girişini ve güvenliğini sağlamak esastır. Ulaşım, giriş kontrolü, alan güvenliğinin sağlanması, parklanma ve ziyaretçi merkezlerinde ödenecek olan ücretler ile Uludağ Alanından faydalanma koşullarına ilişkin usul ve esaslar Başkanlıkça çıkarılacak yönetmelikle belirlenir.","subsections":[{"type":"text","content":"\\(2\\) Uludağ Alanındaki 21/7/1983 tarihli ve 2863 sayılı Kültür ve Tabiat Varlıklarını Koruma Kanununda belirtilen korunması gerekli taşınmaz kültür ve tabiat varlıklarına yönelik yapılacak her tür plan, proje, uygulama, iş ve işlemler, Komisyon kararları uyarınca yürütülür."},{"type":"text","content":"\\(3\\) Uludağ Alanında her türlü aykırı uygulamanın giderilmesini sağlamak, aykırı uygulamaya konu yapı ve tesisleri yıkmak veya yıktırmak Başkanlığın yetkisindedir."},{"type":"text","content":"\\(4\\) Alanda kömür ve akaryakıt depoları, sanayi ve benzeri tesisler kurulamaz, madencilik faaliyetleri yapılamaz, entegre tesislere yer verilemez. Ancak bu Kanunun yürürlüğe girdiği tarihten önce 4/6/1985 tarihli ve 3213 sayılı Maden Kanunu hükümleri uyarınca işletme ruhsatı almış alanlarda 2863 sayılı Kanun hükümleri saklı kalmak kaydıyla, Uludağ Alan Komisyonunun belirleyeceği kriterlere uyulmak ve uygun görüşü alınmak koşuluyla kazanılmış haklar korunarak faaliyetler sürdürülür."},{"type":"text","content":"(5) 12/3/1982 tarihli ve 2634 sayılı Turizmi Teşvik Kanununun 8 inci ve geçici 12 nci maddesinin birinci fıkrası hükümleri saklı kalmak kaydıyla Uludağ Alan sınırları içindeki; kamu hizmetlerinde kullanılan bina ve tesisler, kamu konutları ile Tarım ve Orman Bakanlığı tarafından yapılan veya yaptırılan tüm yapı ve tesisler hariç, Hazinenin özel mülkiyetindeki veya Devletin hüküm ve tasarrufu altındaki taşınmazlar, 31/8/1956 tarihli ve 6831 sayılı Orman Kanunu kapsamında orman sayılan yerler ile daha önce 9/8/1983 tarihli ve 2873 sayılı Milli Parklar Kanunu gereğince tespit ve ilan edilen yerler, varsa üzerindeki tüm yapı ve tesisler ile birlikte bu Kanunun yürürlüğe girdiği tarihten itibaren Başkanlığın talebi üzerine bedelsiz olarak Başkanlığa tahsis edilir. Genel kolluk kuvvetlerine tahsisli veya bunların kullanımında olan taşınmazlar hakkında bu fıkra hükümleri uygulanmaz."},{"type":"text","content":"\\(6\\) Uludağ Alanında bulunan Hazine ile kamu kurum ve kuruluşlarının özel mülkiyetindeki taşınmazların satışı, trampası, kiraya verilmesi, işletilmesi, işlettirilmesi, ön izin verilmesi ve üzerlerinde irtifak hakkı kurulması, Devletin hüküm ve tasarrufu altındaki yerlerin kiraya verilmesi, işletilmesi, işlettirilmesi, ön izin ve kullanma izni verilmesi gibi işlemler Başkanlığın uygun görüşü alınarak yapılır. Ancak, bu taşınmazlardan 2634 sayılı Kanun kapsamında turizm amaçlı kullanılmasında yarar görülenlerin tahsisi, kamulaştırılması, kiralanması, işletilmesi, işlettirilmesinde Bakanlık yetkilidir."},{"type":"text","content":"\\(7\\) 2634 sayılı Kanun uyarınca Bakanlıkça talep edilen taşınmazların tahsisi Başkanlıkça Bakanlığa devredilir ve bu taşınmazların anılan Kanun hükümleri uyarınca tahsisi münhasıran Bakanlıkça yapılır."},{"type":"text","content":"\\(8\\) Uludağ Alanında zilyetlik, imar veya ihya yoluyla toprak kazanılamaz. Uludağ Alanında 6831 sayılı Kanunun 2 nci maddesinin birinci fıkrasının (B) bendi uygulanmaz."},{"type":"text","content":"\\(9\\) Uludağ Alanındaki ormanların bakımı, korunması, yangın, hastalık ve zararlılarla mücadele 6831 sayılı Kanun hükümleri uyarınca fonksiyonel orman amenajman planlarına göre Orman Genel Müdürlüğünce yürütülür ve elde edilen tüm gelirler Orman Genel Müdürlüğü Döner Sermaye bütçesine aktarılır. Uludağ Alanındaki yabani ağaçlık alanların bakımı ve korunması ile yangın, hastalık ve zararlılarla mücadelede 6831 sayılı Kanun hükümleri uyarınca Tarım ve Orman Bakanlığınca destek ve iş birliği sağlanır. Uludağ Alanı için özel yangın söndürme planı yapılır ve uygulanır."},{"type":"text","content":"\\(10\\) Bu Kanun kapsamına giren orman alanlarında; 6831 sayılı Kanunun beşinci fasıl dördüncü bölümünde yer alan suçların takibi ve aynı Kanun kapsamındaki koruma hizmetleri orman muhafaza memurlarınca sağlanır."},{"type":"text","content":"\\(11\\) Uludağ Alanında gerçekleştirilecek turizm amaçlı sportif faaliyetler ile alana ilişkin işletmecilik faaliyetlerini yapma, yaptırma, izin verme ve denetleme yetkisi Başkanlıktadır."},{"type":"text","content":"\\(12\\) Uludağ Alanında, planların gerektirdiği her türlü hizmet ve faaliyetler ile koruma, yönetim, işletme, tanıtım, spor, eğlenme ve dinlenme hizmetleri için gerekli her türlü altyapı ve diğer tesislerin yapılmasında, yaptırılmasında, işletilmesinde, işlettirilmesinde ve bu işlemlerin ilgili belediye başkanlıkları ile koordine hâlinde yürütülmesinde Başkanlık yetkilidir."},{"type":"text","content":"\\(13\\) Uludağ Alanında turizm tesisi yapılmak amacıyla tahsis edilen taşınmazların üzerinde yer alan turizm tesislerinde çalışan personelin sadece konaklama ihtiyaçlarının giderilmesi ve yaşam kalitelerinin artırılması amacıyla; yardımcı hizmet ünitelerinin gerçekleştirilmesi için 2634 sayılı Kanun hükümleri uyarınca personel lojmanı alanları planlanabilir ve tahsis edilebilir."},{"type":"text","content":"\\(14\\) Planlar uyarınca gerçekleştirilecek her türlü tesisin, Başkanlığın koyacağı esaslar dahilinde, çevre sorunu yaratmayacak şekilde, atık su arıtma sistemiyle donatılması ve tesisle birlikte bitirilmesi, tesisi yapan kuruluş veya şahıslarca sağlanır ve kullanım alanının tabii peyzaja uygun çevre tanzimi Başkanlığın belirleyeceği esaslara göre yapılır."},{"type":"text","content":"\\(15\\) Uludağ Alanı sınırları içinde kalan yerlerdeki gerçek ve tüzel kişilere ait taşınmaz mallar ile her türlü tesisleri, onaylı uygulama imar planına göre hazırlanacak projelerin gerçekleşmesi için, gerekli görüldüğünde, 4/11/1983 tarihli ve 2942 sayılı Kamulaştırma Kanunu hükümlerine göre Başkanlıkça kamulaştırılır."},{"type":"text","content":"\\(16\\) Başkanlığa ait taşınır ve taşınmazlar Devlet malı hükmündedir. Bunlar aleyhine suç işleyenler Devlet malları aleyhine suç işleyenler gibi cezalandırılır. Orman sayılan yerler kapsamında işlenen suçlara ilişkin 6831 sayılı Kanun hükümleri uygulanır."},{"type":"text","content":"\\(17\\) Bu Kanunda hüküm bulunmayan hâllerde 6831 sayılı Kanun, 2634 sayılı Kanun, 2863 sayılı Kanun, 9/8/1983 tarihli ve 2872 sayılı Çevre Kanunu, 3/5/1985 tarihli ve 3194 sayılı İmar Kanunu, 1/7/2003 tarihli ve 4915 sayılı Kara Avcılığı Kanunu ile ilgili diğer mevzuat hükümleri uygulanır."}]},{"type":"header","content":"Uludağ Alan planları"},{"type":"madde","maddeStr":"MADDE 4-","number":4,"content":"(1) Uludağ Alanında yapılacak uygulamalar, meri planlar ile geçiş dönemi koruma esasları ve kullanma şartlarına göre yürütülür.","subsections":[{"type":"text","content":"\\(2\\) Uludağ Alanında her tür ve ölçekte planların hazırlanması, yenilenmesi ve değiştirilmesi işlemleri Başkanlıkça yürütülür. Bu planlar, Komisyonun uygun görüşü ve Bakan oluru uyarınca Başkanlıkça yapılacak onama sonrasında yürürlüğe girer."},{"type":"text","content":"\\(3\\) Uygulamaya yönelik imar planları yürürlüğe girene kadar geçerli olmak üzere, Alanın ihtiyaçları göz önünde bulundurularak, Başkanlık teşkilatlanmasının tamamlanmasını müteakip üç ay içerisinde geçiş dönemi koruma esasları ve kullanma şartları, Başkanlığın teklifi, Komisyonun kararı ve Bakan onayı ile yürürlüğe girer."},{"type":"text","content":"\\(4\\) Uludağ Alanı bütününde hazırlanacak olan üst ölçekli planın onaylanmasının ardından Alanın nazım ve uygulama imar planları etaplar hâlinde yapılabilir."},{"type":"text","content":"\\(5\\) Uludağ Alanında bu Kanunun yürürlüğe girdiği tarihten sonra ilgili diğer idarelerce yeni plan onaylanamaz."},{"type":"text","content":"\\(6\\) Uludağ Alan planı yapımı ve yürürlüğüne ilişkin usul ve esaslar Bakanlıkça çıkarılan yönetmelik ile belirlenir."}]},{"type":"header","content":"Komisyonun belirlenmesi, görevleri ve çalışma esasları"},{"type":"madde","maddeStr":"MADDE 5-","number":5,"content":"(1) Komisyon, Uludağ Alanı sınırları içerisinde her türlü uygulamaya yönelik karar almaya yetkilidir.","subsections":[{"type":"text","content":"\\(2\\) Uludağ Alanında, 2863 sayılı Kanun ile kültür varlıklarını koruma bölge kurulları ve tabiat varlıklarını koruma bölge komisyonlarına verilen yetki ve görevler Komisyon tarafından kullanılır. Ayrıca, Komisyon, Uludağ Alanı içerisinde doğal sit alanlarının tescili, sınır değişiklikleri ve yeniden değerlendirilmesine yönelik karar almaya yetkilidir. Sit sınır ve derece değişiklikleri Komisyonun oy birliği ile aldığı karar doğrultusunda gerçekleştirilir."},{"type":"text","content":"\\(3\\) Komisyon aşağıda belirtilen üyelerden oluşur:"},{"type":"text","content":"a\\) Üniversitelerin mimarlık, şehir planlama/şehir ve bölge planlama, orman mühendisliği, hukuk, jeoloji mühendisliği, harita mühendisliği, çevre mühendisliği ve biyoloji bölümlerinden lisans eğitimlerini tamamlayarak mezun olmuş, Bakanlıkça görevlendirilecek, alanında uzman ve en az on yıl deneyime sahip dört üye"},{"type":"text","content":"b\\) Bursa Valisi tarafından görevlendirilecek bir vali yardımcısı"},{"type":"text","content":"c\\) Bakanlık Yatırım ve İşletmeler Genel Müdürlüğünden iki üye ile Kültür Varlıkları ve Müzeler Genel Müdürlüğünden bir üye, Çevre, Şehircilik ve İklim Değişikliği Bakanlığı Tabiat Varlıklarını Koruma Genel Müdürlüğünden iki üye ile Tarım ve Orman Bakanlığı Doğa Koruma ve Milli Parklar Genel Müdürlüğü ve Orman Genel Müdürlüğünden, alanlarında uzman birer üye"},{"type":"text","content":"ç) Bursa Büyükşehir Belediye Başkanlığından görevlendirilecek bir üye"},{"type":"text","content":"\\(4\\) Komisyonda görüşülecek konunun niteliğine göre oy hakkı olmamak kaydıyla ilgili yerel yönetimler ile kurum ve kuruluşlardan uzman çağrılabilir. Komisyonun gündemiyle ilgili meslek odaları, Başkanlığın davetiyle toplantıya gözlemci olarak katılabilir."},{"type":"text","content":"\\(5\\) Üçüncü fıkranın (a) bendi uyarınca görevlendirilen Komisyon üyelerinin görev süresi iki yıldır. Yeni üyeler görevlendirilene kadar mevcut üyeler görevine devam eder."},{"type":"text","content":"\\(6\\) Komisyon kararları idari yargı yolu açık olmak üzere kesindir. Kamu kurum ve kuruluşları, belediyeler ile gerçek ve tüzel kişiler Komisyon kararlarına uymak zorundadır."},{"type":"text","content":"\\(7\\) Komisyonun kuruluşu, görevleri, çalışma usul ve esasları ile Komisyon üyelerinin atanması ve üyeliklerinin sona erdirilmesine ilişkin usul ve esaslar Bakanlıkça çıkarılan yönetmelik ile belirlenir."}]},{"type":"header","content":"Danışma Kurulunun belirlenmesi, görevleri ve çalışma esasları"},{"type":"madde","maddeStr":"MADDE 6-","number":6,"content":"(1) Danışma Kurulu aşağıdaki üyelerden oluşur:","subsections":[{"type":"text","content":"a\\) Alan Başkanı"},{"type":"text","content":"b\\) Bursa Ticaret ve Sanayi Odasından bir üye"},{"type":"text","content":"c\\) Güney Marmara Turistik Otelciler ve İşletmeciler Birliğinden bir üye"},{"type":"text","content":"ç) Türkiye Seyahat Acentaları Birliği Bursa temsilcisi"},{"type":"text","content":"d\\) Bursa Gençlik ve Spor İl Müdürü ya da yardımcısı"},{"type":"text","content":"e\\) Osmangazi Belediye Başkanlığı temsilcisi"},{"type":"text","content":"\\(2\\) Gerek görüldüğünde Danışma Kurulu toplantısına Başkanlığın daveti ile üniversiteler, ilgili sivil toplum kuruluşlarından ve meslek odalarından birer üye katılabilir."},{"type":"text","content":"\\(3\\) Danışma Kuruluna Bakan onayı ile ayrıca görevlendirme yapılabilir."},{"type":"text","content":"\\(4\\) Başkan aynı zamanda Danışma Kurulunun da başkanıdır."},{"type":"text","content":"\\(5\\) Danışma Kurulu, Başkanlığa danışmanlık eder ve tavsiyelerde bulunur."},{"type":"text","content":"\\(6\\) Danışma Kurulu, yılda en az dört kez olmak üzere gerekli görülen hâllerde Kurul Başkanının çağrısı ile toplanır."},{"type":"text","content":"\\(7\\) Danışma Kurulunca bilgi, tecrübe ve uzmanlığından yararlanılabileceği düşünülen kişi veya kurum ve kuruluşların temsilcileri toplantıya çağırılabilir veya görüşleri alınabilir."},{"type":"text","content":"\\(8\\) Danışma Kurulunun görevleri, çalışma usul ve esasları ile kurul üyelerinin atanması ve üyeliklerinin sona erdirilmesine ilişkin usul ve esaslar Bakanlıkça çıkarılan yönetmelik ile belirlenir."}]},{"type":"header","content":"Başkanlığın gelirleri ve giderleri"},{"type":"madde","maddeStr":"MADDE 7-","number":7,"content":"(1) Başkanlığın gelirleri şunlardır:","subsections":[{"type":"text","content":"a\\) Genel bütçeden yapılacak Hazine yardımları"},{"type":"text","content":"b\\) 2634 sayılı Kanun kapsamında yatırımcılara tahsis edilen veya kiralanan taşınmazlardan elde edilen gelirler hariç olmak üzere Uludağ Alanında bulunan Hazine ile kamu kurum ve kuruluşlarının özel mülkiyetindeki taşınmazlar ile Devletin hüküm ve tasarrufu altındaki yerlerin satışı, trampası, kiraya verilmesi, işletilmesi, işlettirilmesi, ön izin verilmesi, irtifak hakkı kurulması, kullanma izni verilmesi ve ecrimisil işlemlerinden elde edilen gelirler"},{"type":"text","content":"c\\) Marka ve patent gelirleri"},{"type":"text","content":"ç) Başkanlığa yapılacak başvurular ve Başkanlıkça sunulacak hizmetler karşılığı alınacak ücretler"},{"type":"text","content":"d\\) Her türlü tanıtım, basım ve yayın gelirleri ile fikrî mülkiyet haklarından kaynaklı gelirler"},{"type":"text","content":"e\\) Uludağ Alanındaki işletme ve faaliyet gelirleri"},{"type":"text","content":"f\\) Başkanlıkça verilecek idari para cezalarından elde edilecek gelirlerin yarısı"},{"type":"text","content":"g\\) Yardım ve bağışlar ile sponsorluk gelirleri"},{"type":"text","content":"ğ) Başkanlık gelirlerinin değerlendirilmesinden elde edilen gelirler"},{"type":"text","content":"h\\) Diğer gelirler"},{"type":"text","content":"\\(2\\) Başkanlığın giderleri şunlardır:"},{"type":"text","content":"a\\) Uludağ Alanında etüt, envanter, planlama, proje çalışmaları, müşavirlik, denetim hizmetleri, jeolojik/jeoteknik etütlerin elde edilmesi, tabii kaynakların geliştirilmesi, düzenlenmesi, imar, ıslah ve çevre tanzimi, özel plan ve projelere göre yapılacak her türlü faaliyetlerin gerektirdiği harcamalar"},{"type":"text","content":"b\\) Uludağ Alanında, planları gereğince taşınmazların kamulaştırılması, üzerlerinde sınırlı ayni hak tesisi ve kiralanmasına ilişkin harcamalar"},{"type":"text","content":"c\\) Uludağ Alanında yer alan işletme, sportif faaliyet, spor amaçlı organizasyon, tanıtma, altyapı, üstyapı, idare binası, sosyal binalar, ziyaretçi merkezi, tanıtma merkezi, saha sergileri ve bu tür faaliyetlerle ilgili her türlü harcamalar"},{"type":"text","content":"ç) Uludağ Alanı hizmetlerinin gerektirdiği her türlü araç, gereç, ekipman ve benzeri taşınırların satın alınması, kiralanması, bakımı, onarımı ve işletilmesi ile ilgili harcamalar"},{"type":"text","content":"d\\) Personel, istihdam, temsil ve ağırlama ile ilgili giderler"},{"type":"text","content":"e\\) Komisyon üyelerine ait yolluk ve huzur hakkı giderleri"},{"type":"text","content":"f\\) Demirbaş ve tüketim malzemeleri ile ilgili harcamalar"},{"type":"text","content":"g\\) Kültür ve turizm işletmeciliğine ait giderler"},{"type":"text","content":"ğ) Başkanlıkça tespit edilen aykırı uygulamaya konu yapı ve tesisleri yıkma ve yıktırma işlemleri dâhil aykırı uygulamaların giderilmesini sağlamaya yönelik işlemler ile ilgili giderler"},{"type":"text","content":"h\\) Başkanlığın görevleriyle ilgili diğer giderler"},{"type":"text","content":"\\(3\\) Başkanlığa yapılacak ücrete tabi başvurular ve Başkanlıkça sunulacak hizmetler karşılığı alınacak ücretlere ilişkin usul ve esaslar, ilgili kurumların görüşü alınarak Başkanlıkça çıkarılan yönetmelikle düzenlenir."}]},{"type":"header","content":"Muafiyet ve indirimler"},{"type":"madde","maddeStr":"MADDE 8-","number":8,"content":"(1) Başkanlık, bu Kanunda ve ilgili mevzuatında sayılan faaliyetleri dolayısıyla yapılan işlemler yönünden 2/7/1964 tarihli ve 492 sayılı Harçlar Kanunu ile 26/5/1981 tarihli ve 2464 sayılı Belediye Gelirleri Kanunu gereğince alınan harçlardan ve harcamalara katılma paylarından, düzenlenen kâğıtlar yönünden damga vergisinden, kendisine yapılan bağış ve yardımlar nedeniyle veraset ve intikal vergisinden, sahip olduğu taşınmazlar dolayısıyla emlak vergisinden ve tapu ve kadastro döner sermaye hizmet bedelinden muaftır.","subsections":[{"type":"text","content":"\\(2\\) Başkanlığa yapılan her türlü nakdî ve ayni bağış ve yardımlar ile sponsorluk harcamalarının tamamı, 31/12/1960 tarihli ve 193 sayılı Gelir Vergisi Kanunu ile 13/6/2006 tarihli ve 5520 sayılı Kurumlar Vergisi Kanunu hükümleri çerçevesinde gelir veya kurumlar vergisi matrahının tespitinde, gelir veya kurumlar vergisi beyannamesi üzerinde ayrıca gösterilmek şartıyla beyan edilen gelirden veya kurum kazancından indirilebilir."},{"type":"text","content":"\\(3\\) Bu Kanunun 7 nci maddesinin birinci fıkrasının (b), (c), (d) ve (e) bentleri hariç Başkanlığın bu Kanunda ve ilgili mevzuatında sayılan görevleriyle ilgili faaliyetlerinden elde ettiği gelirleri dolayısıyla iktisadi işletme oluşmuş sayılmaz."}]},{"type":"header","content":"Yasaklar ve cezalar"},{"type":"madde","maddeStr":"MADDE 9-","number":9,"content":"(1) Uludağ Alanının doğal değerleri ile jeolojik/jeomorfolojik dokusunun, turizm potansiyelinin korunmasına ve yaşatılmasına yönelik alınan tedbirlere aykırı davranılması hâlinde elli bin Türk lirasından beş yüz bin Türk lirasına kadar idari para cezası uygulanır.","subsections":[{"type":"text","content":"\\(2\\) Birinci fıkra kapsamına girmeyen, Uludağ Alanının mevcut durumunu bozmayan ve yapısal uygulamalar içermeyen konulara ilişkin belirlenecek tedbirlere aykırı davranılması veya izin almaksızın turizm amaçlı sportif faaliyette bulunulması ve spor amaçlı organizasyon yapılması durumunda ise on bin Türk lirasından yüz bin Türk lirasına kadar idari para cezası uygulanır."},{"type":"text","content":"\\(3\\) Uludağ Alanında meri planlar ile geçiş dönemi koruma esasları ve kullanma şartlarına aykırı yapılan inşai ve fiziki müdahalelerde 3194 sayılı Kanunun ilgili maddelerinde belirtilen idari para cezaları Başkanlıkça uygulanır."},{"type":"text","content":"\\(4\\) Uludağ Alanı sınırları içinde;"},{"type":"text","content":"a\\) 6831 sayılı Kanun, 2872 sayılı Kanun ve 4915 sayılı Kanunda yasaklanan fiillerin işlenmesi hâlinde idari para cezaları iki misli artırılır. Uludağ Alanı içinde 2863 sayılı Kanunun 74 üncü maddesinde belirtilen cezalar yarı oranında artırılarak uygulanır."},{"type":"text","content":"b\\) 6831 sayılı Kanunun 112 nci, 113 üncü ve 114 üncü maddelerine göre istenecek tazminat ve ağaçlandırma gideri bir misli artırılır."},{"type":"text","content":"\\(5\\) Bu maddenin birinci ve ikinci fıkrası uyarınca verilen idari para cezaları Başkanlıkça uygulanır. Verilen idari para cezalarına karşı otuz gün içinde idare mahkemelerinde dava açılabilir. İdari para cezalarına karşı yargı yoluna başvurulması takip ve tahsilatı durdurmaz."}]},{"type":"header","content":"Çeşitli hükümler"},{"type":"madde","maddeStr":"MADDE 10-","number":10,"content":"(1) 2863 sayılı Kanun kapsamında kültür varlıklarını koruma bölge kurulu müdürlüklerine, koruma, uygulama ve denetim büroları ile çevre, şehircilik ve iklim değişikliği il müdürlüklerine verilen görev ve yetkiler Uludağ Alanında Başkanlık tarafından yürütülür.","subsections":[{"type":"text","content":"\\(2\\) Bu Kanunda Başkanlığa verilen görevlerle ilgili olarak diğer mevzuatta Tarım ve Orman Bakanlığına yapılan atıflar Bakanlığa, Uludağ Milli Park Müdürlüğüne yapılan atıflar ise Başkanlığa yapılmış sayılır."},{"type":"text","content":"\\(3\\) Uludağ Alanının sınırları bölgenin kültürel ve doğal varlıkları ile turizm potansiyeli göz önünde tutularak ilgili bakanlıkların görüşü alınarak Bakanlığın teklifi üzerine Cumhurbaşkanı kararı ile değiştirilebilir."}]},{"type":"header","content":"Değiştirilen hüküm"},{"type":"header","content":"MADDE 11- (10/12/2003 tarihli ve 5018 sayılı Kamu Malî Yönetimi ve Kontrol Kanunu ile ilgili olup yerine işlenmiştir.)"},{"type":"header","content":"Geçiş dönemi bütçesi ve diğer işlemler"},{"type":"madde","maddeStr":"GEÇİCİ MADDE 1-","number":1,"content":"(1) Bu Kanunla kurulan Başkanlık teşkilatlanıncaya kadar, Uludağ Milli Parkı’nın bu Kanunla Uludağ Alanı olarak belirlenen bölümünde, Uludağ Milli Parkı Müdürlüğü ilgili mevzuatına göre faaliyetlerine devam eder.","subsections":[{"type":"text","content":"\\(2\\) Başkanlığın 2023 mali yılı harcamaları, yeni bir düzenleme yapılıncaya kadar Bakanlığın 2023 yılı bütçesinde yer alan ödeneklerden karşılanır."},{"type":"text","content":"\\(3\\) Uludağ Alanına ilişkin olarak bu Kanunla Başkanlığa devredilen yetki ve görevler kapsamında kalan ve Kanunun yürürlüğe girdiği tarihten önce ilgili idarelerce sözleşmeye bağlanmış olan işler, Başkanlık teşkilatı kuruluncaya kadar bu idarelerce yürütülür. Başkanlık teşkilatı kurulduğu tarih itibarıyla bu sözleşmeler ilgili idarelerce hak, alacak ve borçlarıyla birlikte Başkanlığa devredilmiş sayılır."},{"type":"text","content":"\\(4\\) Üçüncü fıkra uyarınca Başkanlığa devredilen sözleşmelerden dolayı ilgili idarelerce taraf olunan davalar, Uludağ Alanı ile ilgili kültür varlıklarını koruma bölge kurulu kararları ve tabiat varlıklarını koruma bölge komisyonu kararlarına karşı açılan davalar ile başlatılmış olan takiplerde Başkanlık kendiliğinden taraf sıfatını kazanır. Bu sözleşmelere ilişkin olarak bu maddenin yürürlüğe girmesinden önce ilgili idarelerce yapılmış iş ve işlemler sebebiyle açılacak dava ve takipler Başkanlığa yöneltilir."},{"type":"text","content":"\\(5\\) Uludağ Alanına ilişkin Başkanlığın görev alanını ilgilendiren her türlü arşiv belgesi ilgili kamu kurum ve kuruluşları tarafından bu Kanunun yürürlüğe girmesinden itibaren üç ay içinde Başkanlığa gönderilir."},{"type":"text","content":"\\(6\\) Bu Kanunun uygulanmasına dair yönetmelikler, Başkanlığın teşkilatlanmasının tamamlanmasını müteakip en geç bir yıl içinde yürürlüğe konulur."},{"type":"text","content":"\\(7\\) Uludağ Alanı içerisinde meri tüm planların uygulaması, geçiş dönemi koruma esasları ve kullanma şartları belirlenene kadar devam eder. Geçiş dönemi koruma esasları ve kullanma şartlarının belirlenmesi ile meri planların uygulanması durdurulur. Üst ölçek planların hazırlanması sürecinde uygulanması durdurulmuş olan mevcut planlar Başkanlıkça incelenerek Komisyonun uygun görüşü ile yeniden yürürlüğe konulabilir."},{"type":"text","content":"\\(8\\) Bu Kanunda öngörülen Uludağ Alan planları, geçiş dönemi koruma esasları ve kullanma şartlarının yürürlüğe girmesini takiben iki yıl içinde Komisyona sunulur."}]},{"type":"header","content":"Yürürlük"},{"type":"madde","maddeStr":"MADDE 12-","number":12,"content":"(1) Bu Kanun yayımı tarihinde yürürlüğe girer.","subsections":[]},{"type":"header","content":"Yürütme"},{"type":"madde","maddeStr":"MADDE 13-","number":13,"content":"(1) Bu Kanun hükümlerini Cumhurbaşkanı yürütür.","subsections":[{"type":"text","content":"20230126-1-1_Sayfa_1"}]},{"type":"table","content":"<table> <colgroup> <col style=\"width: 33%\" /> <col style=\"width: 33%\" /> <col style=\"width: 33%\" /> </colgroup> <tbody> <tr class=\"odd\"> <td colspan=\"3\"><strong>KOORDİNAT LİSTESİ (ED SO, 3 DERECE, 30)</strong></td> </tr> <tr class=\"even\"> <td><strong>Nokta No</strong></td> <td><strong>y</strong></td> <td><strong>X</strong></td> </tr> <tr class=\"odd\"> <td>1</td> <td>427001.261</td> <td>4443040.931</td> </tr> <tr class=\"even\"> <td>2</td> <td>427172.952</td> <td>4443000.134</td> </tr> <tr class=\"odd\"> <td>3</td> <td>427218.544</td> <td>4442790.049</td> </tr> <tr class=\"even\"> <td>4</td> <td>427282.950</td> <td>4442562.021</td> </tr> <tr class=\"odd\"> <td>5</td> <td>427579.284</td> <td>4442540.989</td> </tr> <tr class=\"even\"> <td>6</td> <td>427863.206</td> <td>4442494.506</td> </tr> <tr class=\"odd\"> <td>7</td> <td>428248.856</td> <td>4442628.948</td> </tr> <tr class=\"even\"> <td>8</td> <td>428391.116</td> <td>4442721.241</td> </tr> <tr class=\"odd\"> <td>9</td> <td>428392.n3</td> <td>4442722.315</td> </tr> <tr class=\"even\"> <td>10</td> <td>428543.928</td> <td>4442725.016</td> </tr> <tr class=\"odd\"> <td>11</td> <td>429074.684</td> <td>4442838.135</td> </tr> <tr class=\"even\"> <td>12</td> <td>430891.785</td> <td>4442995.960</td> </tr> <tr class=\"odd\"> <td>13</td> <td>430970.359</td> <td>4442961.250</td> </tr> <tr class=\"even\"> <td>14</td> <td>431050.955</td> <td>4442929.928</td> </tr> <tr class=\"odd\"> <td>15</td> <td>431133.494</td> <td>4442901.181</td> </tr> <tr class=\"even\"> <td>16</td> <td>431220.012</td> <td>4442876.996</td> </tr> <tr class=\"odd\"> <td>17</td> <td>431312.990</td> <td>4442860.556</td> </tr> <tr class=\"even\"> <td>18</td> <td>431504.744</td> <td>4442837.081</td> </tr> <tr class=\"odd\"> <td>19</td> <td>431595.494</td> <td>4442825.478</td> </tr> <tr class=\"even\"> <td>20</td> <td>431671.808</td> <td>4442811.280</td> </tr> <tr class=\"odd\"> <td>21</td> <td>431720.919</td> <td>4442790.841</td> </tr> <tr class=\"even\"> <td>22</td> <td>431755.132</td> <td>4442766.386</td> </tr> <tr class=\"odd\"> <td>23</td> <td>431783.065</td> <td>4442737.094</td> </tr> <tr class=\"even\"> <td>24</td> <td>431806.514</td> <td>4442696.884</td> </tr> <tr class=\"odd\"> <td>25</td> <td>431822.406</td> <td>4442.627.824</td> </tr> <tr class=\"even\"> <td>26</td> <td>431825.173</td> <td>4442506.309</td> </tr> <tr class=\"odd\"> <td>27</td> <td>431820.737</td> <td>4442356.711</td> </tr> <tr class=\"even\"> <td>28</td> <td>431812.911</td> <td>4442198.563</td> </tr> <tr class=\"odd\"> <td>29</td> <td>431801.826</td> <td>4442042.118</td> </tr> <tr class=\"even\"> <td>30</td> <td>431784.072</td> <td>4441899.474</td> </tr> <tr class=\"odd\"> <td>31</td> <td>431894.934</td> <td>4441754.064</td> </tr> <tr class=\"even\"> <td>32</td> <td>432194.111</td> <td>4441625.866</td> </tr> <tr class=\"odd\"> <td>33</td> <td>432392.896</td> <td>4441575.164</td> </tr> <tr class=\"even\"> <td>34</td> <td>4329n.sso</td> <td>4441428.531</td> </tr> <tr class=\"odd\"> <td>35</td> <td>433230.391</td> <td>4441320.085</td> </tr> <tr class=\"even\"> <td>36</td> <td>432112.436</td> <td>4439848.788</td> </tr> </tbody> </table>"},{"type":"table","content":"<table> <colgroup> <col style=\"width: 33%\" /> <col style=\"width: 33%\" /> <col style=\"width: 33%\" /> </colgroup> <tbody> <tr class=\"odd\"> <td><strong>Nokta No</strong></td> <td><strong>y</strong></td> <td><strong>X</strong></td> </tr> <tr class=\"even\"> <td>37</td> <td>43:1.565.957</td> <td>4438878.122</td> </tr> <tr class=\"odd\"> <td>38</td> <td>431258.552</td> <td>4438926.371</td> </tr> <tr class=\"even\"> <td>39</td> <td>430941.774</td> <td>4439073.615</td> </tr> <tr class=\"odd\"> <td>40</td> <td>430764.614</td> <td>4439380.497</td> </tr> <tr class=\"even\"> <td>41</td> <td>430743A31</td> <td>4439452 095</td> </tr> <tr class=\"odd\"> <td>42</td> <td>430699.321</td> <td>4439534.247</td> </tr> <tr class=\"even\"> <td>43</td> <td>430590.053</td> <td>443961.6.093</td> </tr> <tr class=\"odd\"> <td>44</td> <td>430510.026</td> <td>4439715.1.89</td> </tr> <tr class=\"even\"> <td>45</td> <td>430439.914</td> <td>4439765.030</td> </tr> <tr class=\"odd\"> <td>46</td> <td>429663.076</td> <td>4439605.008</td> </tr> <tr class=\"even\"> <td>47</td> <td>429279.928</td> <td>4439665.600</td> </tr> <tr class=\"odd\"> <td>48</td> <td>429027.408</td> <td>4439668.231</td> </tr> <tr class=\"even\"> <td>49</td> <td>428994.327</td> <td>4439668.688</td> </tr> <tr class=\"odd\"> <td>50</td> <td>428650.950</td> <td>9626.167</td> </tr> <tr class=\"even\"> <td>51</td> <td>428140.514</td> <td>4439699.657</td> </tr> <tr class=\"odd\"> <td>52</td> <td>427910.488</td> <td>4439618.640</td> </tr> <tr class=\"even\"> <td>53</td> <td>427861.311</td> <td>4439763.181</td> </tr> <tr class=\"odd\"> <td>54</td> <td>427425.887</td> <td>4440007.382</td> </tr> <tr class=\"even\"> <td>55</td> <td>427326.256</td> <td>4440006.337</td> </tr> <tr class=\"odd\"> <td>56</td> <td>427173.1.44</td> <td>4439963.638</td> </tr> <tr class=\"even\"> <td>57</td> <td>427083.803</td> <td>44399-38 704</td> </tr> <tr class=\"odd\"> <td>58</td> <td>426805.854</td> <td>4439976.251</td> </tr> <tr class=\"even\"> <td>59</td> <td>426708.109</td> <td>4440029.278</td> </tr> <tr class=\"odd\"> <td>60</td> <td>426489.683</td> <td>4439906.795</td> </tr> <tr class=\"even\"> <td>61</td> <td>426250.106</td> <td>4439925.667</td> </tr> <tr class=\"odd\"> <td>62</td> <td>426028.794</td> <td>4439992.295</td> </tr> <tr class=\"even\"> <td>63</td> <td>425894.149</td> <td>4439938.264</td> </tr> <tr class=\"odd\"> <td>64</td> <td>425888.663</td> <td>4440037.016</td> </tr> <tr class=\"even\"> <td>65</td> <td>425888.235</td> <td>4440098.953</td> </tr> <tr class=\"odd\"> <td>66</td> <td>425871.666</td> <td>4440183.137</td> </tr> <tr class=\"even\"> <td>67</td> <td>425866.556</td> <td>4440296.942</td> </tr> <tr class=\"odd\"> <td>68</td> <td>425865.007</td> <td>4440419.505</td> </tr> <tr class=\"even\"> <td>69</td> <td>425862.989</td> <td>4440539.469</td> </tr> <tr class=\"odd\"> <td>70</td> <td>425855.963</td> <td>4440642.660</td> </tr> <tr class=\"even\"> <td>71</td> <td>425838.494</td> <td>4440712.867</td> </tr> <tr class=\"odd\"> <td>72</td> <td>425815.144</td> <td>4440765.222</td> </tr> <tr class=\"even\"> <td>73</td> <td>425788.633</td> <td>4440811.655</td> </tr> <tr class=\"odd\"> <td>74</td> <td>425758.246</td> <td>4440857.658</td> </tr> <tr class=\"even\"> <td>75</td> <td>425719.055</td> <td>4440908.261</td> </tr> <tr class=\"odd\"> <td>76</td> <td>425664.475</td> <td>4440968.297</td> </tr> <tr class=\"even\"> <td>77</td> <td>425537.534</td> <td>4441098.952</td> </tr> <tr class=\"odd\"> <td>78</td> <td>425426.073</td> <td>444121.4.935</td> </tr> <tr class=\"even\"> <td>79</td> <td>425396.790</td> <td>4441250.200</td> </tr> </tbody> </table>"},{"type":"table","content":"<table> <colgroup> <col style=\"width: 33%\" /> <col style=\"width: 33%\" /> <col style=\"width: 33%\" /> </colgroup> <tbody> <tr class=\"odd\"> <td><strong>Nokta No</strong></td> <td><strong>y</strong></td> <td><strong>X</strong></td> </tr> <tr class=\"even\"> <td>80</td> <td>425378.855</td> <td>4441275.799</td> </tr> <tr class=\"odd\"> <td>81</td> <td>425364.972</td> <td>4441298.229</td> </tr> <tr class=\"even\"> <td>82</td> <td>425352.240</td> <td>4441320.545</td> </tr> <tr class=\"odd\"> <td>83</td> <td>425339.013</td> <td>4441345.677</td> </tr> <tr class=\"even\"> <td>84</td> <td>425324363</td> <td>4441377.525</td> </tr> <tr class=\"odd\"> <td>85</td> <td>425323385</td> <td>4441379.824</td> </tr> <tr class=\"even\"> <td>86</td> <td>425320.559</td> <td>4441382.889</td> </tr> <tr class=\"odd\"> <td>87</td> <td>425318.246</td> <td>4441385.096</td> </tr> <tr class=\"even\"> <td>88</td> <td>425315.670</td> <td>4441386.990</td> </tr> <tr class=\"odd\"> <td>89</td> <td>425312.873</td> <td>4441388.539</td> </tr> <tr class=\"even\"> <td>90</td> <td>425309.902</td> <td>4441389.719</td> </tr> <tr class=\"odd\"> <td>91</td> <td>425306.804</td> <td>4441390.510</td> </tr> <tr class=\"even\"> <td>92</td> <td>425303.631</td> <td>4441390.899</td> </tr> <tr class=\"odd\"> <td>93</td> <td>425300.434</td> <td>4441390.881</td> </tr> <tr class=\"even\"> <td>94</td> <td>425297.266</td> <td>4441390..454</td> </tr> <tr class=\"odd\"> <td>95</td> <td>425294.178</td> <td>4441389.626</td> </tr> <tr class=\"even\"> <td>96</td> <td>425191.305</td> <td>4441354.874</td> </tr> <tr class=\"odd\"> <td>97</td> <td>425188391</td> <td>4441354.082</td> </tr> <tr class=\"even\"> <td>98</td> <td>425185.404</td> <td>4441353.648</td> </tr> <tr class=\"odd\"> <td>99</td> <td>425182.385</td> <td>4441353.576</td> </tr> <tr class=\"even\"> <td>100</td> <td>425179-.380</td> <td>4441353.869</td> </tr> <tr class=\"odd\"> <td>101</td> <td>425176.433</td> <td>44413$4.522</td> </tr> <tr class=\"even\"> <td>102</td> <td>425173.585</td> <td>4441355.525</td> </tr> <tr class=\"odd\"> <td>103</td> <td>425170.879</td> <td>4441356.864</td> </tr> <tr class=\"even\"> <td>104</td> <td>425168.355</td> <td>4441358.520</td> </tr> <tr class=\"odd\"> <td>105</td> <td>425166.048</td> <td>4441360.468</td> </tr> <tr class=\"even\"> <td>106</td> <td>425163.993</td> <td>4441362.680</td> </tr> <tr class=\"odd\"> <td>107</td> <td>425162.220</td> <td>4441365.123</td> </tr> <tr class=\"even\"> <td>108</td> <td>425.160.754</td> <td>4441367.762</td> </tr> <tr class=\"odd\"> <td>109</td> <td>425159.616</td> <td>4441370.559</td> </tr> <tr class=\"even\"> <td>110</td> <td>425104.413</td> <td>4441534.541</td> </tr> <tr class=\"odd\"> <td>111</td> <td>425103.978</td> <td>4441537.529</td> </tr> <tr class=\"even\"> <td>112</td> <td>425103.906</td> <td>4441540.547</td> </tr> <tr class=\"odd\"> <td>113</td> <td>425104.199</td> <td>4441543.552</td> </tr> <tr class=\"even\"> <td>114</td> <td>425104.852</td> <td>4441546.500</td> </tr> <tr class=\"odd\"> <td>115</td> <td>425105.855</td> <td>4441549.347</td> </tr> <tr class=\"even\"> <td>116</td> <td>425107.195</td> <td>4441552.053</td> </tr> <tr class=\"odd\"> <td>117</td> <td>425108.850</td> <td>4441554.578</td> </tr> <tr class=\"even\"> <td>118</td> <td>425110.798</td> <td>4441556.885</td> </tr> <tr class=\"odd\"> <td>119</td> <td>425113.010</td> <td>4441558.940</td> </tr> <tr class=\"even\"> <td>120</td> <td>425115.453</td> <td>4441560.713</td> </tr> <tr class=\"odd\"> <td>121</td> <td>425118.093</td> <td>4441562.179</td> </tr> <tr class=\"even\"> <td>122</td> <td>425284.610</td> <td>4441618.624</td> </tr> </tbody> </table>"},{"type":"table","content":"<table> <colgroup> <col style=\"width: 33%\" /> <col style=\"width: 33%\" /> <col style=\"width: 33%\" /> </colgroup> <tbody> <tr class=\"odd\"> <td><strong>Nokta No</strong></td> <td><strong>y</strong></td> <td><strong>X</strong></td> </tr> <tr class=\"even\"> <td>123</td> <td>425703.386</td> <td>4441898..425</td> </tr> <tr class=\"odd\"> <td>124</td> <td>425693.970</td> <td>4441964.683</td> </tr> <tr class=\"even\"> <td>125</td> <td>425647.611</td> <td>4442001.531</td> </tr> <tr class=\"odd\"> <td>126</td> <td>425603.099</td> <td>4441974.706</td> </tr> <tr class=\"even\"> <td>127</td> <td>425515.233</td> <td>4442078 847</td> </tr> <tr class=\"odd\"> <td>128</td> <td>425522.832</td> <td>4442106.437</td> </tr> <tr class=\"even\"> <td>129</td> <td>425585.416</td> <td>4442145.207</td> </tr> <tr class=\"odd\"> <td>130</td> <td>42581SA69</td> <td>4442218.384</td> </tr> <tr class=\"even\"> <td>131</td> <td>425952.982</td> <td>4442216.432</td> </tr> <tr class=\"odd\"> <td>132</td> <td>426030.157</td> <td>4442197.645</td> </tr> <tr class=\"even\"> <td>133</td> <td>426109.783</td> <td>4442055 13</td> </tr> <tr class=\"odd\"> <td>134</td> <td>426184.919</td> <td>4442059.053</td> </tr> <tr class=\"even\"> <td>135</td> <td>426427.118</td> <td>4442114.411</td> </tr> <tr class=\"odd\"> <td>136</td> <td>426570.048</td> <td>4442042.145</td> </tr> <tr class=\"even\"> <td>137</td> <td>426667.368</td> <td>4442046.210</td> </tr> <tr class=\"odd\"> <td>138</td> <td>426723.333</td> <td>4442136.008</td> </tr> <tr class=\"even\"> <td>139</td> <td>426761.363</td> <td>4442257.872</td> </tr> <tr class=\"odd\"> <td>140</td> <td>426766.348</td> <td>4442312.557</td> </tr> <tr class=\"even\"> <td>141</td> <td>426799.263</td> <td>4442376.591</td> </tr> <tr class=\"odd\"> <td>142</td> <td>426788.334</td> <td>4442435.282</td> </tr> <tr class=\"even\"> <td>143</td> <td>426765.844</td> <td>4442504.i08</td> </tr> <tr class=\"odd\"> <td>144</td> <td>426757.752</td> <td>4442583.011</td> </tr> <tr class=\"even\"> <td>145</td> <td>426751.502</td> <td>4442680.100</td> </tr> <tr class=\"odd\"> <td>146</td> <td>426778.711</td> <td>4442766.197</td> </tr> <tr class=\"even\"> <td>147</td> <td>426805.921</td> <td>4442818.513</td> </tr> <tr class=\"odd\"> <td>148</td> <td>426857.078</td> <td>4442876.275</td> </tr> <tr class=\"even\"> <td>149</td> <td>426899537</td> <td>4442932.938</td> </tr> </tbody> </table>"}]