[{"type":"header","content":"TÜRKİYE ÇEVRE AJANSININ KURULMASI İLE BAZI KANUNLARDA DEĞİŞİKLİK YAPILMASINA DAİR KANUN"},{"type":"header","content":"Kanun Numarası                    : 7261"},{"type":"header","content":"Kabul Tarihi                            : 24/12/2020"},{"type":"header","content":"Yayımlandığı Resmî Gazete   : Tarih : 30/12/2020       Sayı : 31350"},{"type":"header","content":"BİRİNCİ BÖLÜM"},{"type":"header","content":"Amaç, Kapsam ve Tanımlar"},{"type":"header","content":"Amaç ve kapsam"},{"type":"madde","maddeStr":"MADDE 1-","number":1,"content":"(1) Bu Kanunun amacı; çevre kirliliğini önlemek ve yeşil alanların korunmasına, iyileştirilmesine ve geliştirilmesine katkı sağlamak, döngüsel ekonomi ve sıfır atık yaklaşımı doğrultusunda kaynak verimliliğini artırmak ile ulusal ölçekte depozito yönetim sistemi kurulmasına, işletilmesine, izlenmesine ve denetimine yönelik faaliyetlerde bulunmak üzere Türkiye Çevre Ajansının kurulmasıdır.","subsections":[{"type":"text","content":"\\(2\\) Bu Kanun; Türkiye Çevre Ajansının kuruluşu, yönetimi, denetimi, faaliyet konuları ve gelirlerine ilişkin usul ve esasları kapsar."}]},{"type":"header","content":"Tanımlar"},{"type":"madde","maddeStr":"MADDE 2","number":2,"content":"- (1) Bu Kanunda geçen;","subsections":[{"type":"text","content":"a\\) Ajans: Türkiye Çevre Ajansını,"},{"type":"text","content":"b\\) Bakan: Çevre ve Şehircilik Bakanını,"},{"type":"text","content":"c\\) Bakanlık: Çevre ve Şehircilik Bakanlığını,"},{"type":"text","content":"ç) Depozito yönetim sistemi: Bakanlıkça belirlenen ve belirli bir depozito bedeli alınarak piyasaya sürülen ürünlerin tüketilmesi/kullanılması sonrasında iade alınması ve depozito bedelinin geri ödenmesine dayalı sistemi,"},{"type":"text","content":"ifade eder."}]},{"type":"header","content":"İKİNCİ BÖLÜM"},{"type":"header","content":"Kuruluş, Faaliyet Alanı, Organlar ve"},{"type":"header","content":"Personel"},{"type":"header","content":"Kuruluş"},{"type":"madde","maddeStr":"MADDE 3-","number":3,"content":"(1) Bu Kanunla verilen görevleri yerine getirmek üzere Bakanlıkla ilgili, tüzel kişiliği haiz, bu Kanunda belirtilen hususlar dışında özel hukuk hükümlerine tabi Türkiye Çevre Ajansı kurulmuştur.","subsections":[]},{"type":"header","content":"Ajansın faaliyetleri"},{"type":"madde","maddeStr":"MADDE 4-","number":4,"content":"(1) Ajansın, Bakanlıkça belirlenen çevre strateji ve politikaları doğrultusunda yapacağı faaliyetler şunlardır:","subsections":[{"type":"text","content":"a\\) Depozito yönetim sistemini kurmak, kurdurmak, işletmek veya işlettirmek; ilgili tarafların depozito yönetim sistemine dâhil olmasını sağlamak ve bunların yükümlülüklerini belirlemek ile Bakanlıkça belirlenen depozito bedeli, ücret ve teminatları almak ve iade etmek."},{"type":"text","content":"b\\) Bakanlıkça depozito uygulamasına zorunlu olarak tabi tutulan ürünlere yönelik depozito yönetim sistemi altyapısının oluşturulmasına, uygulanmasına, izlenmesine yönelik izin ve onay işlemleri dâhil gerekli idari düzenlemeleri ve tedbirleri uygulamak ve gerekli kontrolleri yapmak."},{"type":"text","content":"c\\) Çevrenin iyileştirilmesine yönelik olarak faaliyetlerde bulunmak."},{"type":"text","content":"ç) Sıfır atık yönetim sisteminin kurulmasına ve uygulanmasına katkı sağlamak."},{"type":"text","content":"d\\) Geri kazanılabilir ürünlerin kullanımları sonrası ülke ekonomisine kazandırılmasına ve geri kazanılabilir atıkların yönetimine ilişkin faaliyetlere katkı sağlamak."},{"type":"text","content":"e\\) Kamuoyunda duyarlılık ve farkındalık oluşturmak amacıyla; görsel, işitsel ve yazılı yayınlar hazırlamak, yayımlamak, basın ve yayın organları ile iş birliği yapmak, kampanya, yarışma ve tanıtım gibi faaliyetlerde bulunmak."},{"type":"text","content":"f\\) Eğitim ve sertifika programları düzenlemek, bilimsel çalışmalar yapmak, dokümantasyon, araştırma ve uygulama merkezleri ile laboratuvar ve müze kurmak."},{"type":"text","content":"g\\) Yurt içinde veya yurt dışında yerel yönetimler, ulusal veya uluslararası kurum veya kuruluşlar, üniversiteler, sivil toplum kuruluşları ve gerçek veya tüzel kişilerle iş birliği yapmak, ortak projeler geliştirmek ve faaliyetlerde bulunmak; uygun görülmesi hâlinde belediyelere, il özel idarelerine, eğitim kurumlarına ve diğer kurum ve kuruluşlara mali ve teknik destek sağlamak."},{"type":"text","content":"ğ) **(Ek:10/6/2022-7410/30 md.)** Bakanlık tarafından Ajansa kullanma izni verilen veya kiralanan, Kıyı Kanunu kapsamındaki devletin hüküm ve tasarrufu altında yer alan alanlarda; mapa ve şamandıra sistemleri kurmak, işletmek, deniz araçlarına atık alım hizmetlerini vermek ve bu hizmetlerin verilmesini sağlamak."},{"type":"text","content":"\\(2\\) **(Ek:10/6/2022-7410/30 md.)** Ajans, ihtiyaç hâlinde bu maddede sayılan faaliyetleri özel hukuk tüzel kişiliğini haiz şirketler kurarak gerçekleştirebilir."}]},{"type":"header","content":"Ajansın organ ve birimleri"},{"type":"madde","maddeStr":"MADDE 5 -","number":5,"content":"(1) Ajansın organları; Yönetim Kurulu, Başkanlık ve Danışma Kurulundan oluşur.","subsections":[{"type":"text","content":"\\(2\\) Yönetim Kurulu; Ajansın karar organı olup, yedi üyeden oluşur. Yönetim Kurulu; en az dört yıllık yükseköğrenim görmüş, meslekleri ile ilgili konularda kamu kurum ve kuruluşları veya özel kuruluşlarda en az beş yıl süreyle görev yapmış, mesleki açıdan yeterli bilgiye, deneyime ve Devlet memuru olma niteliğine sahip kişiler arasından Bakan tarafından üç yıl süre ile görevlendirilir ve üyeler gerektiğinde süresi dolmadan görevden alınabilir."},{"type":"text","content":"\\(3\\) Başkanlık; başkan ve iki başkan yardımcısı ile hizmet birimlerinden oluşur. Başkan ve başkan yardımcıları Yönetim Kurulu tarafından atanır. Ajans Başkanı olarak Yönetim Kurulu Başkanı da atanabilir. Başkanlık, Ajansın yürütme organı olup Ajansı temsil yetkisini haizdir."},{"type":"text","content":"\\(4\\) Yönetim Kuruluna danışmanlık etmek ve tavsiyelerde bulunmak üzere Danışma Kurulu oluşturulur. Danışma Kurulu; Ajansın faaliyet alanlarında temayüz etmiş kişiler ile yükseköğretim kurumu, özel sektör ve kamu kurum ve kuruluşları çalışanları arasından olmak üzere on bir üyeden oluşur ve üyeler Bakan tarafından üç yıl süre ile görevlendirilir. Üyeler gerektiğinde süresi dolmadan Bakan tarafından görevden alınabilir."},{"type":"text","content":"\\(5\\) Ajans organları ile hizmet birimlerinin görev ve yetkileri, üyelerinin atanması, teşkilat yapısı ile çalışmasına ilişkin usul ve esaslar, Hazine ve Maliye Bakanlığı, Aile, Çalışma ve Sosyal Hizmetler Bakanlığı ile Strateji ve Bütçe Başkanlığının görüşü alınarak Bakanlık tarafından çıkarılan yönetmelikle belirlenir."}]},{"type":"header","content":"Ajans personeli"},{"type":"madde","maddeStr":"MADDE 6-","number":6,"content":"(1) Ajansta, 22/5/2003 tarihli ve 4857 sayılı İş Kanununa tabi personel istihdam edilir.","subsections":[]},{"type":"header","content":"Mali haklar"},{"type":"madde","maddeStr":"MADDE 7–","number":7,"content":"(1) Ajans Başkanına, yardımcılarına ve personeline mali ve sosyal hak ve yardımlar kapsamında yapılan bütün ayni ve nakdî ödemelerin bir aylık toplam net tutarı; 27/6/1989 tarihli ve 375 sayılı Kanun Hükmünde Kararnamenin ek 11 inci maddesi uyarınca belirlenen emsali personele mali ve sosyal hak ve yardımlar kapsamında yapılması öngörülen ödemelerin bir aylık toplam net tutarını geçmemek üzere Cumhurbaşkanı veya yetkilendireceği makamca belirlenir.","subsections":[{"type":"text","content":"\\(2\\) Ajans Yönetim Kurulu başkan ve üyelerine, bu görevleri nedeniyle ayrıca 22/1/1990 tarihli ve 399 sayılı Kamu İktisadi Teşebbüsleri Personel Rejiminin Düzenlenmesi ve 233 Sayılı Kanun Hükmünde Kararnamenin Bazı Maddelerinin Yürürlükten Kaldırılmasına Dair Kanun Hükmünde Kararnamenin 34 üncü maddesine göre kamu iktisadi teşebbüsleri yönetim kurulu başkan ve üyelerine ödenen tutarda ödeme yapılır."}]},{"type":"header","content":"ÜÇÜNCÜ BÖLÜM"},{"type":"header","content":"Ajansın Gelirleri, Bütçesi ve Muafiyetler"},{"type":"header","content":"Ajansın gelirleri ve bütçesi"},{"type":"madde","maddeStr":"MADDE 8-","number":8,"content":"(1) Ajansın gelirleri;","subsections":[{"type":"text","content":"a\\) Genel bütçeden aktarılan tutarlardan,"},{"type":"text","content":"b\\) Her türlü bağış ve yardımlardan,"},{"type":"text","content":"c\\) Ajansın faaliyetlerinden elde edilen gelirlerden,"},{"type":"text","content":"ç) Sair gelirlerden,"},{"type":"text","content":"oluşur."},{"type":"text","content":"\\(2\\) Ajansın gelirlerinin genel yönetim giderleri haricinde kalan kısmının tamamı Ajansın faaliyetleri için kullanılır."},{"type":"text","content":"\\(3\\) Ajansın bütçesi, Ajansın yıllık program ve faaliyetleri dikkate alınarak Başkanlık tarafından bir yıllık olarak hazırlanır ve her yıl ağustos ayı sonuna kadar Yönetim Kuruluna sunulur. Yönetim Kurulu tarafından incelendikten sonra uygun bulunan bütçe Bakan onayı ile yürürlüğe girer. Bütçe yılı takvim yılıdır, bütçe dışı harcama yapılamaz. Yönetim Kurulu yıllara sâri harcama yapmaya yetkilidir."},{"type":"text","content":"\\(4\\) Ajans bütçesinin hazırlanması, uygulanması, harcamaların yapılması ve muhasebeleştirilmesine ilişkin usul ve esaslar, Hazine ve Maliye Bakanlığı ile Strateji ve Bütçe Başkanlığının görüşü alınarak Bakanlıkça çıkarılan yönetmelikte düzenlenir."}]},{"type":"header","content":"Muafiyet ve istisnalar"},{"type":"madde","maddeStr":"MADDE 9-","number":9,"content":"(1) Ajans;","subsections":[{"type":"text","content":"a\\) Yapılan bağış ve yardımlar sebebiyle veraset ve intikal vergisinden,"},{"type":"text","content":"b\\) Faaliyetleri dolayısıyla yaptığı işlemler yönünden harçlardan, bu kapsamda düzenlenen kâğıtlar nedeniyle damga vergisinden, kiraya verilmemek şartıyla sahip olduğu taşınmazları dolayısıyla emlak vergisinden,"},{"type":"text","content":"c\\) Tapu ve kadastro işlemleri bakımından, döner sermaye hizmet bedelinden,"},{"type":"text","content":"ç) Her türlü dava ve icra işleminde teminat yatırma mükellefiyetlerinden,"},{"type":"text","content":"muaftır."}]},{"type":"header","content":"Yönetmelik"},{"type":"madde","maddeStr":"MADDE 10-","number":10,"content":"(1) Bu Kanunun uygulanmasıyla ilgili usul ve esaslar Bakanlık tarafından çıkarılan yönetmelikle belirlenir. 4 üncü maddenin birinci fıkrasının (g) bendi ile 6 ncı ve 7 nci maddelerin uygulanmasına ilişkin çıkarılan yönetmeliklerde Hazine ve Maliye Bakanlığı ile Strateji ve Bütçe Başkanlığının görüşü alınır.","subsections":[]},{"type":"header","content":"DÖRDÜNCÜ BÖLÜM"},{"type":"header","content":"Bazı Kanunlarda Değişiklik Yapılmasına İlişkin Düzenlemeler"},{"type":"header","content":"MADDE 11- (26/5/1981 tarihli ve 2464 sayılı Belediye Gelirleri Kanunu ile ilgili olup yerine işlenmiştir.)"},{"type":"header","content":"MADDE 12- 13- 14- 15- 16- 17- 18- 19- 20- 21- (9/8/1983 tarihli ve 2872 sayılı Çevre Kanunu ile ilgili olup yerine işlenmiştir.)"},{"type":"header","content":"MADDE 22- 23- 24- 25- 26- 27- (13/10/1983 tarihli ve 2918 sayılı Karayolları Trafik Kanunu ile ilgili olup yerine işlenmiştir.)"},{"type":"header","content":"MADDE 28- (4/1/2002 tarihli ve 4734 sayılı Kamu İhale Kanunu ile ilgili olup yerine işlenmiştir.)"},{"type":"header","content":"MADDE 29- 30- 31- (10/7/2004 tarihli ve 5216 sayılı Büyükşehir Belediyesi Kanunu ile ilgili olup yerine işlenmiştir.)"},{"type":"header","content":"MADDE 32- (22/2/2005 tarihli ve 5302 sayılı İl Özel İdaresi Kanunu ile ilgili olup yerine işlenmiştir.)"},{"type":"header","content":"MADDE 33- (3/7/2005 tarihli ve 5393 sayılı Belediye Kanunu ile ilgili olup yerine işlenmiştir.)"},{"type":"header","content":"MADDE 34- (4/5/2007 tarihli ve 5649 sayılı İstiklal Marşının Kabul Edildiği Günü ve Mehmet Akif Ersoy’u Anma Günü Hakkında Kanun ile ilgili olup yerine işlenmiştir.)"},{"type":"header","content":"MADDE 35- (18/3/1924 tarihli ve 442 sayılı Köy Kanunu ile ilgili olup yerine işlenmiştir.)"},{"type":"header","content":"MADDE 36- (18/5/2004 tarihli ve 5174 sayılı Türkiye Odalar ve Borsalar Birliği ile Odalar ve Borsalar Kanunu ile ilgili olup yerine işlenmiştir.)"},{"type":"header","content":"MADDE 37- (16/4/2020 tarihli ve 7244 sayılı Yeni Koronavirüs (Covid-19) Salgınının Ekonomik ve Sosyal Hayata Etkilerinin Azaltılması Hakkında Kanun ile Bazı Kanunlarda Değişiklik Yapılmasına Dair Kanun ile ilgili olup yerine işlenmiştir.)"},{"type":"header","content":"BEŞİNCİ BÖLÜM"},{"type":"header","content":"Geçici ve Son Hükümler"},{"type":"header","content":"Geçici görevlendirme"},{"type":"madde","maddeStr":"GEÇİCİ MADDE 1-","number":1,"content":"(1) Ajansın faaliyetlerine başladığı tarihten itibaren 5 yıl süreyle, 27/6/1989 tarihli ve 375 sayılı Kanun Hükmünde Kararnamenin ek 25 inci maddesi uyarınca kamu kurum ve kuruluşlarının personeli Ajansta görevlendirilebilir.","subsections":[]},{"type":"header","content":"Geri kazanım katılım payı"},{"type":"madde","maddeStr":"GEÇİCİ MADDE 2-","number":2,"content":"(1) 1/1/2021 tarihinden 31/12/2025 tarihine kadar 9/8/1983 tarihli ve 2872 sayılı Çevre Kanununun ek 11 inci maddesi uyarınca tahsil edilen geri kazanım katılım paylarının yüzde yirmi beşi tahsil edildiği ayı izleyen ayın sonuna kadar Türkiye Çevre Ajansı hesabına aktarılır. Aktarılacak tutarlar karşılığında Bakanlık bütçesinde gerekli ödenek öngörülür.","subsections":[]},{"type":"header","content":"Yürürlük"},{"type":"madde","maddeStr":"MADDE 38-","number":38,"content":"(1) Bu Kanun yayımı tarihinde yürürlüğe girer.","subsections":[]},{"type":"header","content":"Yürütme"},{"type":"madde","maddeStr":"MADDE 39-","number":39,"content":"(1) Bu Kanun hükümlerini Cumhurbaşkanı yürütür.","subsections":[]},{"type":"header","content":"7261 SAYILI KANUNA EK VE DEĞİŞİKLİK GETİREN MEVZUATIN VEYA"},{"type":"header","content":"ANAYASA MAHKEMESİ KARARLARININ YÜRÜRLÜĞE GİRİŞ"},{"type":"header","content":"TARİHLERİNİ GÖSTERİR TABLO"},{"type":"table","content":"<table> <colgroup> <col style=\"width: 33%\" /> <col style=\"width: 33%\" /> <col style=\"width: 33%\" /> </colgroup> <tbody> <tr class=\"odd\"> <td><strong>Değiştiren Kanunun/ KHK’nin veya İptal Eden Anayasa Mahkemesi Kararının Numarası</strong></td> <td><strong>7261 Sayılı Kanunun Değişen veya İptal Edilen Maddeleri</strong></td> <td><strong>Yürürlüğe Giriş Tarihi</strong></td> </tr> <tr class=\"even\"> <td>7410</td> <td>4</td> <td>15/6/2022</td> </tr> </tbody> </table>"}]