[{"type":"header","content":"COĞRAFİ BİLGİ SİSTEMLERİ İLE BAZI KANUNLARDA"},{"type":"header","content":"DEĞİŞİKLİK YAPILMASI HAKKINDA KANUN"},{"type":"freeText","content":"Kanun Numarası                    : 7221"},{"type":"freeText","content":"Kabul Tarihi                           : 14/2/2020"},{"type":"freeText","content":"Yayımlandığı Resmî Gazete   : Tarih : 20/02/2020       Sayı : 31045"},{"type":"header","content":"BİRİNCİ BÖLÜM"},{"type":"header","content":"Coğrafi Bilgi Sistemleri"},{"type":"header","content":"Coğrafi verilerin toplanması, üretimi, paylaşımı ile mali ve cezai hükümler"},{"type":"madde","maddeStr":"MADDE 1 –","number":1,"content":"(1) Ulusal Coğrafi Veri Sorumluluk Matrisinde yer alan coğrafi verilerin;","subsections":[{"type":"text","content":"a\\) Ulusal Coğrafi Veri Paylaşım Matrisine göre kamu kurum ve kuruluşları arasında paylaşımı, erişimi ve kullanımı bedelsizdir."},{"type":"text","content":"b\\) Ulusal güvenliğe ilişkin hükümler ile fikrî, sınai ve ticari haklara ilişkin mevzuat hükümleri ile 24/3/2016 tarihli ve 6698 sayılı Kişisel Verilerin Korunması Kanunu kapsamındaki hükümler saklı kalmak ve veri üretmekle sorumlu kurumun uygun görüşü alınmak kaydıyla, veri madenciliği ve yeni veri üretimi konularındaki hasılat paylaşımına yönelik iş birlikleri kapsamında, kurum, kuruluşlar ve üniversiteler ile paylaşımı bedelsiz olarak yapılabilir.[\\[1\\]](#Xc217c44f9d6f9d647df03178eb8b64fb8f54252)"},{"type":"text","content":"\\(2\\) Gerçek kişilerin ve özel hukuk tüzel kişilerinin Türkiye’ye ait Ulusal Coğrafi Veri Sorumluluk Matrisi kapsamındaki coğrafi verileri toplaması, üretmesi, paylaşması veya satması; fikrî, sınai ve ticari haklara ilişkin mevzuat hükümleri ile Kişisel Verilerin Korunması Kanunu ve özel kanunlardaki hükümler saklı kalmak kaydıyla ve ticari faaliyetleri gerçekleştirmek için gerekli belgelere sahip olması şartı ile Çevre, Şehircilik ve İklim Değişikliği Bakanlığının iznine tabidir. İzne tabi olacaklar ile izin süresi ve verilere ilişkin usul, esas ve içerikler Çevre, Şehircilik ve İklim Değişikliği Bakanlığınca belirlenir. İzin bedeli 1/1000’lik pafta başına, yabancı gerçek kişiler ve özel hukuk tüzel kişileri için 50 TL, yerli gerçek kişiler ve özel hukuk tüzel kişileri için 25 TL’dir. Bu tutarlar takvim yılı başından geçerli olmak üzere her yıl bir önceki yıla ilişkin olarak 4/1/1961 tarihli ve 213 sayılı Vergi Usul Kanununun mükerrer 298 inci maddesi hükümleri uyarınca tespit ve ilan edilen yeniden değerleme oranında artırılarak uygulanır. **(Ek cümle:10/6/2022-7410/29 md.)** İzin bedelinin üst sınırı; her halükarda yerli gerçek kişiler ve özel hukuk tüzel kişileri ile yabancı gerçek kişiler ve tüzel kişiler için belirlenen pafta başına izin bedelinin 100.000 katı Türk lirasını geçemez. Alınan izin bedeli Ulusal Coğrafi Bilgi Sistemleri hizmetlerinde kullanılmak üzere Çevre, Şehircilik ve İklim Değişikliği Bakanlığı Döner Sermaye İşletmesi Müdürlüğünün ilgili hesabına yatırılır. **(Mülga cümleler:10/6/2022-7410/29 md.)** (…)[\\[2\\]](#X424ae1dfb199fdaa161d17bdce77f94503db3d6)"},{"type":"text","content":"\\(3\\) **(Ek:10/6/2022-7410/29 md.)** Coğrafi Bilgi Sistemi kapsamındaki yazılımlar, Ulusal Coğrafi Bilgi Sistemi standartları ile uygunluğu sağlanmak amacıyla Bakanlıkça sertifikalandırılır. Sertifika bedelleri Bakanlıkça belirlenir ve Döner Sermaye İşletmesi Birim Fiyat Listesinde her yıl yayımlanır. Sertifikalara ilişkin kapsam, usul ve esaslar Bakanlıkça çıkarılacak yönetmelikle belirlenir."},{"type":"text","content":"\\(4\\) **(Ek:10/6/2022-7410/29 md.)** Coğrafi veri toplayan sensör ve donanımlar ilgililerince Bakanlıkça oluşturulacak elektronik ortama kaydedilir. Buna ilişkin usul ve esaslar Bakanlıkça çıkarılacak yönetmelikle belirlenir."},{"type":"text","content":"\\(5\\) **(Ek:10/6/2022-7410/29 md.)** Savunma, güvenlik ve istihbarat alanında faaliyet gösteren yazılımlar, sensör ve donanımlar için bu maddenin üçüncü ve dördüncü fıkralarında yer alan sertifika ve kayıt zorunluluğu aranmaz."},{"type":"text","content":"\\(6\\) **(Ek:10/6/2022-7410/29 md.)** Çevre, Şehircilik ve İklim Değişikliği Bakanlığınca;"},{"type":"text","content":"a\\) Coğrafi Veri İzninin alınmaması durumunda; başvuru için faaliyet sahibine tebliği tarihinden itibaren en az 10 gün süre verilir. Süresi içinde başvurusunu yapmayanların faaliyetleri durdurulur ve izin bedelinin 5 katı tutarında idari para cezası uygulanır. Pafta sınır alanının tespit edilememesi halinde idari para cezası için 1.000 (bin) adet 1/1000’lik pafta üzerinden hesaplama yapılır."},{"type":"text","content":"b\\) Coğrafi Bilgi Sistemi kapsamındaki yazılımlar için sertifika alınmaması durumunda; 100.000 TL (yüzbin Türk lirası) idari para cezası uygulanır. Cezanın uygulandığı tarihten itibaren 3 ay içinde sertifika alınmaması halinde sertifikasız kullanımın her tespitinde aynı miktarda idari para cezası uygulanır. Bu tutar takvim yılı başından geçerli olmak üzere her yıl bir önceki yıla ilişkin olarak 213 sayılı Vergi Usul Kanununun mükerrer 298 inci maddesi hükümleri uyarınca tespit ve ilan edilen yeniden değerleme oranında artırılarak uygulanır."},{"type":"text","content":"c\\) İdari para cezası kararları, 11/2/1959 tarihli ve 7201 sayılı Tebligat Kanunu hükümlerine göre kararı veren merci tarafından ilgiliye tebliğ edilir. Cezalar, tebliğ tarihinden itibaren 1 ay içinde ödenir. Süresinde ödenmeyen idari para cezaları 21/7/1953 tarihli ve 6183 sayılı Amme Alacaklarının Tahsil Usulü Hakkında Kanun hükümlerine göre vergi dairelerince takip ve tahsil edilir. İdari para cezasına karşı 30 gün içinde yetkili idare mahkemesine itiraz edilebilir. İtirazlar zaruret olmayan hallerde evrak üzerinden incelenerek karara bağlanır. İtiraz üzerine verilen mahkeme kararları kesindir. Cezaların uygulanmasına yönelik usul ve esaslar Bakanlıkça çıkarılacak yönetmelik ile belirlenir."},{"type":"text","content":"\\(7\\) **(Ek:10/6/2022-7410/29 md.)** Çevre, Şehircilik ve İklim Değişikliği Bakanlığı ile yapacakları iş birlikleri kapsamında gerçek kişilere ve özel hukuk tüzel kişilerine; Türkiye’ye ait Ulusal Coğrafi Veri Sorumluluk Matrisi kapsamındaki coğrafi verileri toplaması, üretmesi, paylaşması veya satması, veri madenciliği yapması ve yeni veri üretmesi konularında; fikrî, sınai ve ticari haklara ilişkin mevzuat hükümleri ile Kişisel Verilerin Korunması Kanunu ve özel kanunlardaki hükümler saklı kalmak kaydıyla Bakanlık tarafından lisans verilir. Lisans kapsamında Bakanlıkla paylaşılan verilerin üçüncü şahıslara bedeli karşılığında Ulusal Coğrafi Bilgi Platformu üzerinden verilmesi durumunda elde edilecek gelirler Ulusal Coğrafi Bilgi Sistemleri hizmetlerinde kullanılmak üzere Çevre, Şehircilik ve İklim Değişikliği Bakanlığı Döner Sermaye İşletmesi Müdürlüğünün ilgili hesabına yatırılır. Lisans bedelleri, Bakanlıkça belirlenir ve Döner Sermaye İşletmesi Birim Fiyat Listesinde her yıl yayımlanır. Lisansa ilişkin kapsam, usul ve esaslar Bakanlıkça çıkarılacak yönetmelikle belirlenir."},{"type":"text","content":"\\(8\\) **(Ek:10/6/2022-7410/29 md.)** Bu madde hükümlerine uyulup uyulmadığını denetleme yetkisi Çevre, Şehircilik ve İklim Değişikliği Bakanlığına aittir. Gerektiğinde bu yetki, Bakanlıkça; il müdürlüklerine devredilir. Denetimler, Bakanlığın belirlediği denetim usul ve esasları çerçevesinde yapılır."}]},{"type":"header","content":"İKİNCİ BÖLÜM"},{"type":"header","content":"Bazı Kanunlarda Değişiklik Yapılmasına İlişkin Düzenlemeler"},{"type":"header","content":"MADDE 2 –(20/7/1966 tarihli ve 775 sayılı Gecekondu Kanunu ile ilgili olup yerine işlenmiştir.)"},{"type":"header","content":"MADDE 3 – 4– (29/4/1969 tarihli ve 1164 sayılı Arsa Üretimi ve Değerlendirilmesi Hakkında Kanun ile ilgili olup yerine işlenmiştir.)"},{"type":"header","content":"MADDE 5 – 6 –7 – 8 – 9 – 10 –11 –12 – 13 – 14 – 15 – (3/5/1985 tarihli ve 3194 sayılı İmar Kanunu ile ilgili olup yerine işlenmiştir.)"},{"type":"header","content":"MADDE 16 –17– 18– 19– (29/7/1970 tarihli ve 1319 sayılı Emlak Vergisi Kanunu ile ilgili olup yerine işlenmiştir.)"},{"type":"header","content":"MADDE 20 –(20/7/1966 tarihli ve 775 sayılı Gecekondu Kanununun İşlenemeyen Hükümler başlıklı bölümünde yer alan 2/3/1988 tarihli ve 3414 sayılı Kanun hükümlerine işlenmiştir.)"},{"type":"header","content":"MADDE 21– 22–23 –(4/4/1990 tarihli ve 3621 sayılı Kıyı Kanunu ile ilgili olup yerine işlenmiştir.)"},{"type":"header","content":"MADDE 24 – 25 –26 –27 –28– 29 – (29/6/2001 tarihli ve 4708 sayılı Yapı Denetimi Hakkında Kanun ile ilgili olup yerine işlenmiştir.)"},{"type":"header","content":"MADDE 30 –31 – (5/1/2002 tarihli ve 4735 sayılı Kamu İhale Sözleşmeleri Kanunu ile ilgili olup yerine işlenmiştir.)"},{"type":"header","content":"MADDE 32 – 33 –34 – (16/6/2005 tarihli ve 5368 sayılı Lisanslı Harita Kadastro Mühendisleri ve Büroları Hakkında Kanun ile ilgili olup yerine işlenmiştir.)"},{"type":"header","content":"MADDE 35 –36 –37 – (19/9/2006 tarihli ve 5543 sayılı İskân Kanunu ile ilgili olup yerine işlenmiştir.)"},{"type":"header","content":"Yürürlük"},{"type":"madde","maddeStr":"MADDE 38 –","number":38,"content":"(1) Bu Kanunun;","subsections":[{"type":"text","content":"a\\) 6 ncı maddesiyle 3194 sayılı Kanunun 8 inci maddesinin birinci fıkrasının (b) bendinin sonuna eklenen paragrafın birinci cümlesi hükümleri 1/7/2020 tarihinde,"},{"type":"text","content":"b\\) Diğer hükümleri yayımı tarihinde,"},{"type":"text","content":"yürürlüğe girer."}]},{"type":"header","content":"Yürütme"},{"type":"madde","maddeStr":"MADDE 39 –","number":39,"content":"(1) Bu Kanun hükümlerini Cumhurbaşkanı yürütür.","subsections":[]},{"type":"header","content":"7221 SAYILI KANUNA EK VE DEĞİŞİKLİK GETİREN MEVZUATIN VEYA"},{"type":"header","content":"ANAYASA MAHKEMESİ KARARLARININ YÜRÜRLÜĞE GİRİŞ"},{"type":"header","content":"TARİHLERİNİ GÖSTERİR TABLO"},{"type":"table","content":"<table> <colgroup> <col style=\"width: 33%\" /> <col style=\"width: 33%\" /> <col style=\"width: 33%\" /> </colgroup> <tbody> <tr class=\"odd\"> <td><strong>Değiştiren Kanunun/ KHK’nin veya İptal Eden Anayasa Mahkemesi Kararının Numarası</strong></td> <td><strong>7221 Sayılı Kanunun Değişen veya İptal Edilen Maddeleri</strong></td> <td><strong>Yürürlüğe Giriş Tarihi</strong></td> </tr> <tr class=\"even\"> <td>7410</td> <td>1</td> <td>15/6/2022</td> </tr> </tbody> </table>"},{"type":"freeText","content":"*[**\\[1\\]**](#Xf4c8113f07524640efcbf4d5822e1fc633a9e60) 10/6/2022 tarihli ve 7410 sayılı Kanunun 29 uncu maddesiyle bu bende “mevzuat hükümleri” ibaresinden sonra gelmek üzere “ile 24/3/2016 tarihli ve 6698 sayılı Kişisel Verilerin Korunması Kanunu kapsamındaki hükümler” ibaresi eklenmiştir.*"},{"type":"freeText","content":"[\\[2\\]](#X6ae359e89ea24432127ac5e463063b1e05d509f) *10/6/2022 tarihli ve 7410 sayılı Kanunun 29 uncu maddesiyle bu fıkrada yer alan “Çevre ve Şehircilik” ibareleri “Çevre, Şehircilik ve İklim Değişikliği” şeklinde değiştirilmiş, fıkranın birinci cümlesine “paylaşması veya satması;” ibaresinden sonra gelmek üzere “fikrî, sınai ve ticari haklara ilişkin mevzuat hükümleri ile Kişisel Verilerin Korunması Kanunu ve” ibaresi eklenmiştir.*"}]