[{"type":"header","content":"OLAĞANÜSTÜ HAL KAPSAMINDA BAZI TEDBİRLER ALINMASI HAKKINDA"},{"type":"header","content":"KANUN HÜKMÜNDE KARARNAMENİN KABUL EDİLMESİNE DAİR KANUN[\\[1\\]](#Xc217c44f9d6f9d647df03178eb8b64fb8f54252)"},{"type":"header","content":"Kanun Numarası                    : 7088"},{"type":"header","content":"Kabul Tarihi                           : 7/2/2018"},{"type":"header","content":"Yayımlandığı Resmî Gazete   : Tarih  : 8/3/2018          Sayı  : 30354 (Mükerrer)"},{"type":"header","content":"Yayımlandığı Düstur              : Tertip : 5                      Cilt   : 59"},{"type":"header","content":"Kamu personeline ilişkin tedbirler"},{"type":"madde","maddeStr":"MADDE 1- (1) Terör örgütlerine veya Milli Güvenlik Kurulunca Devletin milli güvenliğine karşı faaliyette bulunduğuna karar verilen yapı, oluşum veya gruplara (İptal ibare: Anayasa Mahkemesi’nin 26/10/2022 tarihli ve E: 2018/82, K: 2022/126 sayılı Kararı ile.) (…)","number":1,"content":"iltisakı yahut bunlarla irtibatı olan ve ekli (1) sayılı listede yer alan kişiler kamu görevinden başka hiçbir işleme gerek kalmaksızın çıkarılmıştır. Bu kişilere ayrıca herhangi bir tebligat yapılmaz. Haklarında ayrıca özel kanun hükümlerine göre işlem tesis edilir.","subsections":[{"type":"text","content":"\\(2\\) Birinci fıkra gereğince kamu görevinden çıkarılan kişilerin, mahkûmiyet kararı aranmaksızın rütbe ve/veya memuriyetleri alınır ve bu kişiler görev yaptıkları teşkilata yeniden kabul edilmezler; bir daha kamu hizmetinde istihdam edilemezler, doğrudan veya dolaylı olarak görevlendirilemezler; bunların uhdelerinde bulunan her türlü mütevelli heyet, kurul, komisyon, yönetim kurulu, denetim kurulu, tasfiye kurulu üyeliği ve sair görevleri de sona ermiş sayılır. Bunların silah ruhsatları, gemi adamlığına ilişkin belgeleri ve pilot lisansları iptal edilir ve bu kişiler oturdukları kamu konutlarından veya vakıf lojmanlarından onbeş gün içinde tahliye edilir. Bu kişiler özel güvenlik şirketlerinin kurucusu, ortağı ve çalışanı olamazlar. Bu kişiler hakkında bakanlıkları ve kurumlarınca ilgili pasaport birimine derhal bildirimde bulunulur. Bu bildirim üzerine pasaport birimlerince pasaportlar iptal edilir.[\\[2\\]](#X424ae1dfb199fdaa161d17bdce77f94503db3d6)"},{"type":"text","content":"\\(3\\) Birinci fıkra kapsamında kamu görevinden çıkarılanlar, varsa uhdelerinde taşımış oldukları büyükelçi, vali gibi unvanları ve müsteşar, kaymakam ve benzeri meslek adlarını ve sıfatlarını kullanamazlar ve bu unvan, sıfat ve meslek adlarına bağlı olarak sağlanan haklardan yararlanamazlar."}]},{"type":"header","content":"İade hükümleri"},{"type":"madde","maddeStr":"MADDE 2-","number":2,"content":"(1) Ekli (2) sayılı listede yer alan kamu görevlileri, ilgili kanun hükmünde kararnamenin eki listelerin ilgili sıralarından çıkarılmıştır.","subsections":[{"type":"text","content":"\\(2\\) İlgili kanun hükmünde kararname hükümleri, birinci fıkrada belirtilen kişiler bakımından tüm hüküm ve sonuçlarıyla birlikte ilgili kanun hükmünde kararnamenin yayımı tarihinden geçerli olmak üzere ortadan kalkmış sayılır. Söz konusu personelden bu maddenin"},{"type":"text","content":"yürürlük tarihinden itibaren on gün içerisinde göreve başlamayanlar çekilmiş sayılır. Bu kapsamda göreve başlayanlara, kamu görevinden çıkarıldıkları tarihten göreve başladıkları tarihe kadar geçen süreye tekabül eden mali ve sosyal hakları ödenir. Bu kişiler, kamu görevinden çıkarılmalarından dolayı herhangi bir tazminat talebinde bulunamaz. Bu personelin görevlerine iadesi, kamu görevinden çıkarıldıkları tarihte bulundukları yöneticilik görevi dışında öğrenim durumları ve kazanılmış hak aylık derecelerine uygun kadro ve pozisyonlara atanmak suretiyle de yerine getirilebilir. Bu maddeye ilişkin işlemler ilgili bakanlık ve kurumlar tarafından yürütülür."}]},{"type":"header","content":"Kurum ve kuruluşlara ilişkin tedbirler"},{"type":"madde","maddeStr":"MADDE 3-","number":3,"content":"(1) Terör örgütlerine veya Milli Güvenlik Kurulunca Devletin milli güvenliğine karşı faaliyette bulunduğuna karar verilen yapı, oluşum veya gruplara aidiyeti, iltisakı veya bunlarla irtibatı olan ve ekli (3) sayılı listede yer alan gazete, dergi, vakıflar, dernekler ve özel sağlık kuruluşları kapatılmıştır.","subsections":[{"type":"text","content":"\\(2\\) Birinci fıkra kapsamında kapatılan kurum ve kuruluşlara ait olan taşınırlar ile her türlü mal varlığı, alacak ve haklar, belge ve evrak ilgisine göre Hazineye veya Vakıflar Genel Müdürlüğüne bedelsiz olarak devredilmiş sayılır, bunlara ait taşınmazlar tapuda resen ilgisine göre Hazine veya Vakıflar Genel Müdürlüğü adına, **(İptal ibare: Anayasa Mahkemesi’nin 26/10/2022 tarihli ve E: 2018/82, K: 2022/126 sayılı Kararı ile.)** **(…)** tescil edilir. **(İptal cümle: Anayasa Mahkemesi’nin 26/10/2022 tarihli ve E: 2018/82, K: 2022/126 sayılı Kararı ile.)** Devire ilişkin işlemler ilgili tüm kurumlardan gerekli yardımı almak suretiyle Maliye Bakanlığı tarafından yerine getirilir."},{"type":"text","content":"\\(3\\) Ekli (4) sayılı listede yer alan dernekler, ilgili kanun hükmünde kararnamenin eki listelerin ilgili sıralarından çıkarılmıştır. İlgili kanun hükmünde kararname hükümleri, söz konusu dernekler bakımından tüm hüküm ve sonuçlarıyla birlikte ilgili kanun hükmünde kararnamenin yürürlük tarihinden geçerli olmak üzere ortadan kalkmış sayılır. Buna ilişkin işlemler ilgisine göre İçişleri Bakanlığı ve Maliye Bakanlığı tarafından yerine getirilir."}]},{"type":"header","content":"Yurtdışında öğrenim görenler"},{"type":"header","content":"MADDE 4- (1) 8/4/1929 tarihli ve 1416 sayılı Ecnebi Memleketlere Gönderilecek Talebe Hakkında Kanuna tabi öğrencilerden, terör örgütlerine veya Milli Güvenlik Kurulunca Devletin milli güvenliğine karşı faaliyette bulunduğuna karar verilen yapı, oluşum veya gruplara aidiyeti, iltisakı veya bunlarla irtibatı olan ve ekli (5) sayılı listede yer alanların öğrencilikle ilişikleri kesilmiştir. Bunlar hakkında 18/10/2016 tarihli ve 6749 sayılı Olağanüstü Hal Kapsamında Alınan Tedbirlere İlişkin Kanun Hükmünde Kararnamenin Değiştirilerek Kabul Edilmesine Dair Kanunun 4 üncü maddesinin ikinci ve üçüncü fıkraları hükümleri uygulanır. (İptal cümle: Anayasa Mahkemesi’nin 26/10/2022 tarihli ve E: 2018/82, K: 2022/126 sayılı Kararı ile.)"},{"type":"header","content":"Değişiklik hükümleri[\\[3\\]](#Xcd2106d7bad008753f2338f3adbb3432843d57e)"},{"type":"madde","maddeStr":"MADDE 5-","number":5,"content":"(1) 15/8/2016 tarihli ve 670 sayılı Olağanüstü Hal Kapsamında Alınması Gereken Tedbirler Hakkında Kanun Hükmünde Kararnamenin 5 inci maddesinin birinci fıkrasına “Fethullahçı Terör Örgütü (FETÖ/PDY)’ne” ibaresinden sonra gelmek üzere “veya diğer terör örgütlerine” ibaresi ve aynı maddenin sonuna aşağıdaki fıkra eklenmiştir.","subsections":[{"type":"text","content":"“(8) Bu madde hükümleri 20/7/2016 tarihli ve 2016/9064 sayılı Bakanlar Kurulu Kararıyla ülke genelinde ilan edilen olağanüstü hal kapsamında yürürlüğe konulan kanun hükmünde kararnameler uyarınca gerçekleştirilen bütün kapatma işlemleri hakkında uygulanır.”"},{"type":"text","content":"\\(2\\) 3/10/2016 tarihli ve 675 sayılı Olağanüstü Hal Kapsamında Bazı Tedbirler Alınması Hakkında Kanun Hükmünde Kararnamenin 12 nci maddesine aşağıdaki fıkralar eklenmiştir."},{"type":"text","content":"“(2) Birinci fıkrada belirtilen taşınmazların devredildiği üçüncü kişilerin terör örgütlerine veya Milli Güvenlik Kurulunca Devletin milli güvenliğine karşı faaliyette bulunduğuna karar verilen yapı, oluşum veya gruplara üyeliği, mensubiyeti, iltisakı veya irtibatı olması halinde, taşınmaz üzerinde aynı faaliyete devam edildiğine bakılmaksızın devir işlemleri muvazaalı kabul edilir ve tapuda ilgisine göre Hazine veya Vakıflar Genel Müdürlüğü adına her türlü kısıtlama ve taşınmaz yükünden ari olarak resen tescil edilir."},{"type":"text","content":"\\(3\\) Bu madde kapsamında görülmekte olan davalarda konusuz kalma nedeniyle davanın esası ve yargılama giderleri hakkında karar verilmesine yer olmadığına hükmedilir.”"}]},{"type":"header","content":"Yürürlük"},{"type":"madde","maddeStr":"MADDE 6-","number":6,"content":"(1) Bu Kanun yayımı tarihinde yürürlüğe girer.","subsections":[]},{"type":"header","content":"Yürütme"},{"type":"madde","maddeStr":"MADDE 7-","number":7,"content":"(1) Bu Kanun hükümlerini Bakanlar Kurulu yürütür.","subsections":[]},{"type":"header","content":"7088 SAYILI KANUNA EK VE DEĞİŞİKLİK GETİREN MEVZUATIN VEYA"},{"type":"header","content":"ANAYASA MAHKEMESİ TARAFINDAN VERİLEN İPTAL KARARLARININ"},{"type":"header","content":"YÜRÜRLÜĞE GİRİŞ TARİHLERİNİ GÖSTERİR LİSTE"},{"type":"table","content":"<table> <colgroup> <col style=\"width: 33%\" /> <col style=\"width: 33%\" /> <col style=\"width: 33%\" /> </colgroup> <tbody> <tr class=\"odd\"> <td><strong>Değiştiren Kanunun/KHK’nin veya İptal Eden Anayasa Mahkemesi Kararının  Numarası</strong></td> <td><strong>7088 sayılı Kanunun değişen veya iptal edilen maddeleri</strong></td> <td><strong>Yürürlüğe Giriş  Tarihi</strong></td> </tr> <tr class=\"even\"> <td rowspan=\"2\">Anayasa Mahkemesinin 26/10/2022 Tarihli ve E: 2018/82, K: 2022/126 Sayılı Kararı</td> <td>1 inci maddesinin  birinci fıkrası, 3, 4</td> <td>17/3/2023</td> </tr> <tr class=\"odd\"> <td>1 inci maddesinin  ikinci fıkrası</td> <td><p>17/3/2023</p> <p>tarihinden başlayarak dokuz ay sonra</p> <p>17/12/2023</p></td> </tr> </tbody> </table>"},{"type":"freeText","content":"*[**\\[1\\]**](#Xf4c8113f07524640efcbf4d5822e1fc633a9e60) Bu Kanunun ekinde yer alan listeler için 8/3/2018 tarihli ve 30354 (Mükerrer) sayılı Resmi Gazete’ye bakınız.*"},{"type":"freeText","content":"[\\[2\\]](#X6ae359e89ea24432127ac5e463063b1e05d509f)  *Anayasa Mahkemesi’nin 26/10/2022 tarihli ve E: 2018/82, K: 2022/126 sayılı Kararı ile bu fıkranın dördüncü ve beşinci cümleleri iptal edilmiştir. Kararın Resmî Gazete’de yayımlanmasından başlayarak dokuz ay sonra (17/12/2023) yürürlüğe gireceği hüküm altına alınmıştır.*"},{"type":"freeText","content":"[***\\[3\\]***](#Xf0528bef64216d9d6f707b444a9ce269548b11a) *Bu madde hükmü; 670 sayılı KHK’nin 8/2/2018 tarihli ve 7091 sayılı Kanun ile, 675 sayılı KHK’nin 6/2/2018 tarihli ve 7082 sayılı Kanun ile kanunlaşması nedeniyle aynen muhafaza edilmiştir.*"}]