[{"type":"header","content":"OLAĞANÜSTÜ HAL KAPSAMINDA BAZI TEDBİRLER ALINMASI HAKKINDA"},{"type":"header","content":"KANUN HÜKMÜNDE KARARNAMENİN KABUL EDİLMESİNE DAİR KANUN[\\[1\\]](#Xc217c44f9d6f9d647df03178eb8b64fb8f54252)"},{"type":"header","content":"Kanun Numarası                    : 7086"},{"type":"header","content":"Kabul Tarihi                           : 6/2/2018"},{"type":"header","content":"Yayımlandığı Resmî Gazete   : Tarih  : 8/3/2018          Sayı  : 30354 (Mükerrer)"},{"type":"header","content":"Yayımlandığı Düstur              : Tertip : 5                      Cilt   : 59"},{"type":"header","content":"Kamu personeline ilişkin tedbirler"},{"type":"madde","maddeStr":"MADDE 1- (1) Terör örgütlerine veya Milli Güvenlik Kurulunca Devletin milli güvenliğine karşı faaliyette bulunduğuna karar verilen yapı, oluşum veya gruplara (İptal ibare: Anayasa Mahkemesinin 24/6/2021 tarihli ve E:2018/81; K:2021/45 sayılı Kararı ile)","number":1,"content":"iltisakı yahut bunlarla irtibatı olan ve ekli (1) sayılı listede yer alan kişiler kamu görevinden başka hiçbir işleme gerek kalmaksızın çıkarılmıştır. Bu kişilere ayrıca herhangi bir tebligat yapılmaz. Haklarında ayrıca özel kanun hükümlerine göre işlem tesis edilir.","subsections":[{"type":"text","content":"\\(2\\) Birinci fıkra gereğince kamu görevinden çıkarılan kişilerin, mahkûmiyet kararı aranmaksızın, rütbe ve/veya memuriyetleri alınır ve bu kişiler görev yaptıkları teşkilata yeniden kabul edilmezler; bir daha kamu hizmetinde istihdam edilemezler, doğrudan veya dolaylı olarak görevlendirilemezler; bunların uhdelerinde bulunan her türlü mütevelli heyet, kurul, komisyon, yönetim kurulu, denetim kurulu, tasfiye kurulu üyeliği ve sair görevleri de sona ermiş sayılır. Bunların silah ruhsatları, gemi adamlığına ilişkin belgeleri ve pilot lisansları iptal edilir ve bu kişiler oturdukları kamu konutlarından veya vakıf lojmanlarından onbeş gün içinde tahliye edilir. Bu kişiler özel güvenlik şirketlerinin kurucusu, ortağı ve çalışanı olamazlar. **(İptal cümle: Anayasa Mahkemesinin 24/6/2021 tarihli ve E:2018/81; K:2021/45 sayılı Kararı ile.)** **(İptal cümle: Anayasa Mahkemesinin 24/6/2021 tarihli ve E:2018/81; K:2021/45 sayılı Kararı ile.)**"},{"type":"text","content":"\\(3\\) Birinci fıkra kapsamında kamu görevinden çıkarılanlar, varsa uhdelerinde taşımış oldukları büyükelçi, vali gibi unvanları ve müsteşar, kaymakam ve benzeri meslek adlarını ve sıfatlarını kullanamazlar ve bu unvan, sıfat ve meslek adlarına bağlı olarak sağlanan haklardan yararlanamazlar."}]},{"type":"header","content":"İade hükümleri"},{"type":"madde","maddeStr":"MADDE 2-","number":2,"content":"(1) Ekli (2) sayılı listede yer alan kamu görevlileri, ilgili kanun hükmünde kararnamenin eki listelerin ilgili sıralarından çıkarılmıştır.","subsections":[{"type":"text","content":"\\(2\\) İlgili kanun hükmünde kararname hükümleri, birinci fıkrada belirtilen kişiler bakımından tüm hüküm ve sonuçlarıyla birlikte ilgili kanun hükmünde kararnamenin yayımı tarihinden geçerli olmak üzere ortadan kalkmış sayılır. Söz konusu personelden bu maddenin yürürlük tarihinden itibaren on gün içerisinde göreve başlamayanlar çekilmiş sayılır. Bu kapsamda göreve başlayanlara, kamu görevinden çıkarıldıkları tarihten göreve başladıkları tarihe kadar geçen süreye tekabül eden mali ve sosyal hakları ödenir. Bu kişiler, kamu görevinden çıkarılmalarından dolayı herhangi bir tazminat talebinde bulunamaz. Bu personelin görevlerine iadesi, kamu görevinden çıkarıldıkları tarihte bulundukları yöneticilik görevi dışında"},{"type":"text","content":"öğrenim durumları ve kazanılmış hak aylık derecelerine uygun kadro ve pozisyonlara atanmak suretiyle de yerine getirilebilir. Bu maddeye ilişkin işlemler ilgili bakanlık ve kurumlar tarafından yürütülür."},{"type":"text","content":"\\(3\\) Olağanüstü hal kapsamında yürürlüğe konulan kanun hükmünde kararnameler gereği öğrencilikle ilişikleri kesilmiş olanlardan bu Kanuna ekli (3) sayılı listede yer alanlar, ilgili kanun hükmünde kararnamenin eki listelerin ilgili sıralarından çıkarılmıştır. İlgili kanun hükmünde kararname hükümleri, bu kişiler bakımından tüm hüküm ve sonuçlarıyla birlikte ilgili kanun hükmünde kararnamenin yayımı tarihinden itibaren ortadan kalkmış sayılır."}]},{"type":"header","content":"Emekli Emniyet Teşkilatı personeline ilişkin tedbirler"},{"type":"madde","maddeStr":"MADDE 3- (1) 4/6/1937 tarihli ve 3201 sayılı Emniyet Teşkilat Kanununun 55 inci maddesinin ondokuzuncu ve yirminci fıkraları ile geçici 27 nci maddesi uyarınca resen emekliye sevk edilenler, kendi isteğiyle emekli olanlar veya Emniyet Teşkilatı Disiplin Tüzüğü hükümlerine göre meslekten veya Devlet memurluğundan çıkarılanlar ile müstafi sayılanlardan milli güvenliğe tehdit oluşturduğu tespit edilen FETÖ/PDY terör örgütüne aidiyeti, iltisakı veya irtibatı olan ve ekli (4) sayılı listede yer alanların rütbeleri alınır. Bu kişiler görev yaptıkları teşkilata ve kamu görevlerine yeniden kabul edilmezler, doğrudan veya dolaylı görevlendirilemezler; ayrıca bunlar uhdelerinde taşımış oldukları mesleki unvanları ve sıfatlarını kullanamazlar ve bu unvan ve sıfatlarına bağlı olarak sağlanan haklardan yararlanamazlar. Bu kişilerin uhdelerinde bulunan her türlü mütevelli heyet, kurul, komisyon, yönetim kurulu, denetim kurulu, tasfiye kurulu üyeliği ve sair görevleri de sona ermiş sayılır. Bunların silah ruhsatları, emekli polis kimlikleri, gemi adamlığına ilişkin belgeleri, pilot lisansları  (İptal ibare: Anayasa Mahkemesinin 24/6/2021 tarihli ve E:2018/81; K:2021/45 sayılı Kararı ile.)","number":3,"content":"iptal edilir. Bu kişiler özel güvenlik şirketlerinin kurucusu, ortağı ve çalışanı olamazlar.","subsections":[]},{"type":"header","content":"Muvazaalı devir işlemleri"},{"type":"header","content":"MADDE 4- (İptal madde: Anayasa Mahkemesinin 24/6/2021 tarihli ve E:2018/81; K:2021/45 sayılı Kararı ile.) (Yeniden Düzenleme:16/11/2022-7421/23 md.)"},{"type":"freeText","content":"(1) 4/12/2004 tarihli ve 5271 sayılı Ceza Muhakemesi Kanununun 133 üncü maddesi uyarınca Tasarruf Mevduatı Sigorta Fonunun kayyım olarak atandığı şirketlerde, soruşturmanın başladığı tarihten 19/7/2018 tarihine kadar ortaklık pay ve haklarına ilişkin olarak şirket ortakları tarafından yapılmış olan devir ve temlik işlemleri, Tasarruf Mevduatı Sigorta Fonu Kurulunun değerlendirmesi sonucu muvazaalı kabul edilmesi halinde geçersiz sayılır ve Tasarruf Mevduatı Sigorta Fonunun talebi üzerine ticaret sicilinden terkin edilir. Geçersiz sayılma işlemine karşı ilgililerce, tebliğden itibaren bir ay içinde şirket merkezinin bulunduğu yer asliye ticaret mahkemesinde dava açılabilir."},{"type":"header","content":"Yürürlük"},{"type":"madde","maddeStr":"MADDE 5-","number":5,"content":"(1) Bu Kanun yayımı tarihinde yürürlüğe girer.","subsections":[]},{"type":"header","content":"Yürütme"},{"type":"madde","maddeStr":"MADDE 6-","number":6,"content":"(1) Bu Kanun hükümlerini Bakanlar Kurulu yürütür.","subsections":[]},{"type":"header","content":"7086 SAYILI KANUNA EK VE DEĞİŞİKLİK GETİREN MEVZUATIN VEYA"},{"type":"header","content":"ANAYASA MAHKEMESİ TARAFINDAN VERİLEN İPTAL KAREARLARININ"},{"type":"header","content":"YÜRÜRLÜĞE GİRİŞ TARİHLERİNİ GÖSTERİR LİSTE"},{"type":"table","content":"<table> <colgroup> <col style=\"width: 33%\" /> <col style=\"width: 33%\" /> <col style=\"width: 33%\" /> </colgroup> <tbody> <tr class=\"odd\"> <td><strong>Değiştiren Kanunun/ KHK’nin veya İptal Eden Anayasa Mahkemesi Kararının Numarası</strong></td> <td><strong>7086 Sayılı Kanunun Değişen veya İptal Edilen Maddeleri</strong></td> <td><strong>Yürürlüğe Giriş Tarihi</strong></td> </tr> <tr class=\"even\"> <td rowspan=\"2\">Anayasa Mahkemesinin 24/6/2021 tarihli ve E:2018/81; K:2021/45 sayılı Kararı ile</td> <td>1 inci maddenin (1) numaralı fıkrası</td> <td>26/1/2022</td> </tr> <tr class=\"odd\"> <td>1 inci maddenin (2) numaralı fıkrası, 3, 4</td> <td><p>Yayımlanmasından başlayarak dokuz ay sonra</p> <p>(26/10/2022)</p></td> </tr> <tr class=\"even\"> <td>7421</td> <td>4</td> <td>26/11/2022</td> </tr> </tbody> </table>"},{"type":"freeText","content":"*[**\\[1\\]**](#Xf4c8113f07524640efcbf4d5822e1fc633a9e60) Bu Kanunun ekinde yer alan listeler için 8/3/2018 tarihli ve 30354 (Mükerrer) sayılı Resmi Gazete’ye bakınız.*"}]