[{"type":"header","content":"ÖĞRETMENLİK MESLEK KANUNU"},{"type":"header","content":"Kanun Numarası                    : 7354"},{"type":"header","content":"Kabul Tarihi                            : 3/2/2022"},{"type":"header","content":"Yayımlandığı Resmî Gazete   : Tarih: 14/2/2022          Sayı: 31750"},{"type":"header","content":"BİRİNCİ BÖLÜM"},{"type":"header","content":"Amaç ve Kapsam"},{"type":"header","content":"Amaç"},{"type":"madde","maddeStr":"MADDE 1 –","number":1,"content":"(1) Bu Kanunun amacı, eğitim ve öğretim hizmetlerini yürütmekle görevli öğretmenlerin atamaları ve mesleki gelişimleri ile kariyer basamaklarında ilerlemelerini düzenlemektir.","subsections":[]},{"type":"header","content":"Kapsam"},{"type":"madde","maddeStr":"MADDE 2 –","number":2,"content":"(1) Bu Kanun, eğitim ve öğretim hizmetlerini yürüten öğretmenleri kapsar.","subsections":[]},{"type":"header","content":"İKİNCİ BÖLÜM"},{"type":"header","content":"Öğretmenlik Mesleği"},{"type":"header","content":"Öğretmenlik"},{"type":"madde","maddeStr":"MADDE 3 –","number":3,"content":"(1) Öğretmenlik, eğitim ve öğretim ile bununla ilgili yönetim görevlerini üzerine alan özel bir ihtisas mesleğidir. Öğretmenler bu görevlerini, Türk Millî Eğitiminin amaçları ve temel ilkeleri ile öğretmenlik mesleği etik ilkelerine uygun olarak ifa etmekle yükümlüdür.","subsections":[{"type":"text","content":"\\(2\\) Öğretmenlerin çalışma şartları, eğitimde kalitenin yükseltilmesi için belirlenen amaçları gerçekleştirmek üzere düzenlenir."},{"type":"text","content":"\\(3\\) Öğretmenlik mesleğine hazırlık; genel kültür, özel alan eğitimi ve pedagojik formasyon/öğretmenlik meslek bilgisi ile sağlanır."},{"type":"text","content":"\\(4\\) Öğretmenlik mesleği; aday öğretmenlik döneminden sonra öğretmen, uzman öğretmen ve başöğretmen olmak üzere üç kariyer basamağına ayrılır."}]},{"type":"header","content":"Öğretmenlerin nitelikleri ve seçimi"},{"type":"madde","maddeStr":"MADDE 4 –","number":4,"content":"(1) Öğretmen adaylarında genel kültür, özel alan eğitimi ve pedagojik formasyon/öğretmenlik meslek bilgisi bakımından aranacak nitelikler Millî Eğitim Bakanlığınca tespit olunur.","subsections":[{"type":"text","content":"\\(2\\) Öğretmenler, öğretmen yetiştiren yükseköğretim kurumlarından ve bunlara denkliği kabul edilen yurt dışı yükseköğretim kurumlarından mezun olanlar arasından seçilir."}]},{"type":"header","content":"Aday öğretmenlik"},{"type":"madde","maddeStr":"MADDE 5 –","number":5,"content":"(1) Özel mevzuatında yer alan hükümler saklı kalmak üzere, aday öğretmenliğe atanabilmek için 14/7/1965 tarihli ve 657 sayılı Devlet Memurları Kanununun 48 inci maddesinde sayılan şartlara ek olarak, yönetmelikle belirlenen yükseköğretim kurumlarından mezun olma, 7/4/2021 tarihli ve 7315 sayılı Güvenlik Soruşturması ve Arşiv Araştırması Kanununa göre güvenlik soruşturması ve arşiv araştırması yapılmış olma ve Millî Eğitim Bakanlığınca ve/veya Ölçme, Seçme ve Yerleştirme Merkezi Başkanlığı tarafından yapılacak sınavlarda başarılı olma şartları aranır.","subsections":[{"type":"text","content":"\\(2\\) Adaylık süresi bir yıldan az iki yıldan çok olamaz. Bu süre içinde, zorunlu hâller dışında aday öğretmenlerin görev yeri değiştirilemez."},{"type":"text","content":"\\(3\\) Aday öğretmenler, eğitim ve uygulamadan oluşan Aday Öğretmen Yetiştirme Programına tabi tutulur. Aday öğretmenlerden adaylık süreci sonunda Adaylık Değerlendirme Komisyonu tarafından yapılan değerlendirme sonucunda başarılı olanlar öğretmenliğe atanır."},{"type":"text","content":"\\(4\\) Aday öğretmenlerden;"},{"type":"text","content":"a\\) Atanma niteliklerinden herhangi birini taşımadığı sonradan anlaşılanların,"},{"type":"text","content":"b\\) Adaylık süresi içinde atanma şartlarından herhangi birini kaybedenlerin,"},{"type":"text","content":"c\\) Adaylık sürecinde aylıktan kesme veya kademe ilerlemesinin durdurulması cezası alanların,"},{"type":"text","content":"ç) Aday öğretmenler için öngörülen Aday Öğretmen Yetiştirme Programına mazeretsiz olarak katılmayanlar ile bu program sonunda Adaylık Değerlendirme Komisyonunca yapılan değerlendirmede başarısız olanların,"},{"type":"text","content":"görevine son verilir ve bunlar üç yıl süreyle öğretmenlik mesleğine alınmaz."},{"type":"text","content":"\\(5\\) Dördüncü fıkranın (ç) bendi kapsamında görevlerine son verilmesi gerekenlerden aday öğretmenliğe başlamadan önce 657 sayılı Kanuna göre memurlukta adaylığı kaldırılarak asıl memurluğa atanmış olanlar, kazanılmış hak aylık derecelerine uygun memur unvanlı kadroya atanır."},{"type":"text","content":"\\(6\\) Aday öğretmenlerin adaylık sürecinde yetiştirilmelerine esas Aday Öğretmen Yetiştirme Programı ve Adaylık Değerlendirme Komisyonunun oluşumu ile aday öğretmenlik sürecine ilişkin diğer usul ve esaslar yönetmelikle düzenlenir."}]},{"type":"header","content":"Öğretmenlik kariyer basamakları"},{"type":"madde","maddeStr":"MADDE 6 –","number":6,"content":"(1) Aday öğretmenlik dâhil öğretmenlikte en az on yıl hizmeti bulunanlardan;","subsections":[{"type":"text","content":"a\\) Mesleki gelişime yönelik 180 saatten az olmamak üzere düzenlenen Uzman Öğretmenlik Eğitim Programını tamamlamış olan,"},{"type":"text","content":"b\\) Mesleki gelişim alanlarında uzman öğretmenlik için öngörülen asgari çalışmaları tamamlamış olan,"},{"type":"text","content":"c\\) Kademe ilerlemesinin durdurulması cezası bulunmayan,"},{"type":"text","content":"öğretmenler uzman öğretmen unvanı için yapılan yazılı sınava başvuruda bulunabilir. Uzman öğretmen unvanı için yapılan yazılı sınavda 70 ve üzeri puan alanlar başarılı sayılır. Yazılı sınavda başarılı olanlara uzman öğretmen sertifikası düzenlenir."},{"type":"text","content":"\\(2\\) Uzman öğretmenlikte en az on yıl hizmeti bulunan ve kademe ilerlemesinin durdurulması cezası bulunmayan uzman öğretmenlerden mesleki gelişime yönelik 240 saatten az olmamak üzere düzenlenen Başöğretmenlik Eğitim Programını tamamlamış olan ve mesleki gelişim alanlarında başöğretmenlik için öngörülen çalışmaları tamamlayanlar başöğretmen unvanı için yapılan yazılı sınava başvuruda bulunabilir. Yazılı sınavda 70 ve üzeri puan alanlar başarılı sayılır. Yazılı sınavda başarılı olanlara başöğretmen sertifikası düzenlenir."},{"type":"text","content":"\\(3\\) Yüksek lisans eğitimini tamamlayanlar uzman öğretmen unvanı için öngörülen, doktora eğitimini tamamlayanlar ise başöğretmen unvanı için öngörülen yazılı sınavdan muaf tutulur."},{"type":"text","content":"(4) Eğitim kurumu yöneticiliği ve sözleşmeli öğretmenlikte geçen süreler öğretmenlik süresinin hesabında dikkate alınır."},{"type":"text","content":"\\(5\\) Öğretmen unvanından, bu göreve atanmanın atamaya yetkili amir tarafından onaylandığı tarihten, uzman öğretmen veya başöğretmen unvanından ise uzman öğretmen/başöğretmen sertifikasının düzenlendiği tarihten itibaren yararlanılır. Uzman öğretmen veya başöğretmen unvanını kazandıktan sonra alan değiştiren ya da ilgili düzenlemelerle alanı kaldırılan veya alanının adı değiştirilen öğretmenler kazandıkları unvanları kullanmaya devam eder."},{"type":"text","content":"\\(6\\) Uzman öğretmen veya başöğretmen unvanı alanlara her unvan için ayrı ayrı olmak üzere bir derece verilir."},{"type":"text","content":"\\(7\\) Kademe ilerlemesinin durdurulması cezası almış olanlar, cezaları özlük dosyasından silindikten sonra uzman öğretmen veya başöğretmen unvanı için başvuruda bulunabilir."},{"type":"text","content":"\\(8\\) Öğretmenlik mesleği kariyer basamaklarında ilerlemeye ilişkin usul ve esaslar yönetmelikle düzenlenir."}]},{"type":"header","content":"ÜÇÜNCÜ BÖLÜM"},{"type":"header","content":"Çeşitli ve Son Hükümler"},{"type":"header","content":"Hüküm bulunmayan hâller"},{"type":"madde","maddeStr":"MADDE 7 –","number":7,"content":"(1) Bu Kanunda hüküm bulunmayan hâllerde; 5/1/1961 tarihli ve 222 sayılı İlköğretim ve Eğitim Kanunu, 657 sayılı Kanun, 14/6/1973 tarihli ve 1739 sayılı Millî Eğitim Temel Kanunu ile diğer kanunların bu Kanun ile çelişmeyen hükümleri uygulanır.","subsections":[]},{"type":"header","content":"MADDE 8 – (1) (14/7/1965 tarihli ve 657 sayılı Kanun ile ilgili olup yerine işlenmiştir.)"},{"type":"freeText","content":"\\(2\\) ** (Mülga:1/7/2022-7417/21 md.)**"},{"type":"header","content":"MADDE 9 – (25/8/2011 tarihli ve 652 sayılı Özel Barınma Hizmeti Veren Kurumlar ve Bazı Düzenlemeler Hakkında Kanun Hükmünde Kararname ile ilgili olup yerine işlenmiştir.)"},{"type":"header","content":"MADDE 10 – (14/6/1973 tarihli ve 1739 sayılı Millî Eğitim Temel Kanunu ile ilgili olup yerine işlenmiştir.)"},{"type":"header","content":"Uzman öğretmen veya başöğretmen unvanına sahip olanlar"},{"type":"madde","maddeStr":"GEÇİCİ MADDE 1 –","number":1,"content":"(1) Bu Kanunun yürürlüğe girdiği tarihte uzman öğretmen veya başöğretmen unvanına sahip olanlar, bu Kanunun sağladığı haklardan yararlanır.","subsections":[]},{"type":"header","content":"Yürürlük"},{"type":"madde","maddeStr":"MADDE 11 –","number":11,"content":"(1) Bu Kanunun 8 inci maddesi 15/1/2023 tarihinde, diğer maddeleri yayımı tarihinde yürürlüğe girer.","subsections":[]},{"type":"header","content":"Yürütme"},{"type":"madde","maddeStr":"MADDE 12 –","number":12,"content":"(1) Bu Kanun hükümlerini Cumhurbaşkanı yürütür.","subsections":[]},{"type":"header","content":"7354 SAYILI KANUNA EK VE DEĞİŞİKLİK GETİREN MEVZUATIN VEYA"},{"type":"header","content":"ANAYASA MAHKEMESİ KARARLARININ YÜRÜRLÜĞE GİRİŞ"},{"type":"header","content":"TARİHİNİ GÖSTERİR TABLO"},{"type":"table","content":"<table> <colgroup> <col style=\"width: 33%\" /> <col style=\"width: 33%\" /> <col style=\"width: 33%\" /> </colgroup> <thead> <tr class=\"header\"> <th><strong>Değiştiren Kanunun/ KHK’nin veya İptal Eden Anayasa Mahkemesi Kararının Numarası</strong></th> <th><strong>7354 Sayılı Kanunun Değişen veya İptal Edilen Maddeleri</strong></th> <th><strong>Yürürlüğe Giriş Tarihi</strong></th> </tr> </thead> <tbody> <tr class=\"odd\"> <td>7417</td> <td>8</td> <td>15/1/2023</td> </tr> <tr class=\"even\"> <td> </td> <td> </td> <td> </td> </tr> </tbody> </table>"}]