[{"type":"header","content":"OLAĞANÜSTÜ HAL KAPSAMINDA KAMU PERSONELİNE İLİŞKİN ALINAN TEDBİRLERE DAİR KANUN HÜKMÜNDE KARARNAMENİN KABUL EDİLMESİNE DAİR KANUN[\\[1\\]](#Xc217c44f9d6f9d647df03178eb8b64fb8f54252)"},{"type":"header","content":"Kanun Numarası                    : 7080"},{"type":"header","content":"Kabul Tarihi                           : 6/2/2018"},{"type":"header","content":"Yayımlandığı Resmî Gazete   : Tarih     : 8/3/2018            Sayı  : 30354 (Mükerrer)"},{"type":"header","content":"Yayımlandığı Düstur              : Tertip    : 5                        Cilt   : 59"},{"type":"header","content":"Amaç ve kapsam"},{"type":"madde","maddeStr":"MADDE 1-","number":1,"content":"(1) Bu Kanun ile 20/7/2016 tarihli ve 2016/9064 sayılı Bakanlar Kurulu Kararıyla ülke genelinde ilan edilen olağanüstü hal kapsamında, kamu personeline ilişkin bazı tedbirlerin alınması amaçlanmaktadır.","subsections":[]},{"type":"header","content":"Kamu personeline ilişkin tedbirler"},{"type":"madde","maddeStr":"MADDE 2- (1) Terör örgütlerine veya Milli Güvenlik Kurulunca Devletin milli güvenliğine karşı faaliyette bulunduğuna karar verilen yapı, oluşum veya gruplara (İptal ibare: Anayasa Mahkemesi’nin 22/9/2021 tarihli ve E.: 2018/75, K.: 2021/61 sayılı Kararı ile)","number":2,"content":"(…) iltisakı yahut bunlarla irtibatı olan;","subsections":[{"type":"text","content":"a\\) Ekli (1) sayılı listede yer alan kişiler kamu görevinden,"},{"type":"text","content":"b\\) Ekli (2) sayılı listede yer alan kişiler Emniyet Genel Müdürlüğü teşkilatından,"},{"type":"text","content":"c\\) Ekli (3) sayılı listede yer alan kişiler Jandarma Genel Komutanlığı teşkilatından,"},{"type":"text","content":"ç) Ekli (4) sayılı listede yer alan kişiler Sahil Güvenlik Komutanlığı teşkilatından,"},{"type":"text","content":"başka hiçbir işleme gerek kalmaksızın çıkarılmıştır. Bu kişilere ayrıca herhangi bir tebligat yapılmaz. Haklarında ayrıca özel kanun hükümlerine göre işlem tesis edilir."},{"type":"text","content":"\\(2\\) Birinci fıkra gereğince kamu görevinden, Emniyet Genel Müdürlüğü teşkilatından, Jandarma Genel Komutanlığı teşkilatından ve Sahil Güvenlik Komutanlığı teşkilatından çıkarılan kişilerin, mahkûmiyet kararı aranmaksızın, rütbe ve/veya memuriyetleri alınır ve bu kişiler görev yaptıkları teşkilata yeniden kabul edilmezler; bir daha kamu hizmetinde istihdam edilemezler, doğrudan veya dolaylı olarak görevlendirilemezler; bunların uhdelerinde bulunan her türlü mütevelli heyet, kurul, komisyon, yönetim kurulu, denetim kurulu, tasfiye kurulu üyeliği ve sair görevleri de sona ermiş sayılır. Bunların silah ruhsatları, gemi adamlığına ilişkin belgeleri ve pilot lisansları iptal edilir ve bu kişiler oturdukları kamu konutlarından veya vakıf lojmanlarından onbeş gün içinde tahliye edilir. Bu kişiler özel güvenlik şirketlerinin kurucusu, ortağı ve çalışanı olamazlar. **(İptal cümle: Anayasa Mahkemesi’nin 22/9/2021 tarihli ve E.: 2018/75, K.: 2021/61 sayılı Kararı ile)** **(İptal cümle: Anayasa Mahkemesi’nin 22/9/2021 tarihli ve E.: 2018/75, K.: 2021/61 sayılı Kararı ile)**"},{"type":"text","content":"\\(3\\) Birinci fıkra kapsamında kamu görevinden çıkarılanlar, varsa uhdelerinde taşımış oldukları büyükelçi, vali gibi unvanları ve müsteşar, kaymakam ve benzeri meslek adlarını ve sıfatlarını kullanamazlar ve bu unvan, sıfat ve meslek adlarına bağlı olarak sağlanan haklardan yararlanamazlar."}]},{"type":"header","content":"Yürürlük"},{"type":"madde","maddeStr":"MADDE 3-","number":3,"content":"(1) Bu Kanun yayımı tarihinde yürürlüğe girer.","subsections":[]},{"type":"header","content":"Yürütme"},{"type":"madde","maddeStr":"MADDE 4-","number":4,"content":"(1) Bu Kanun hükümlerini Bakanlar Kurulu yürütür.","subsections":[]},{"type":"header","content":"7080 SAYILI KANUNA EK VE DEĞİŞİKLİK GETİREN MEVZUATIN VEYA"},{"type":"header","content":"ANAYASA MAHKEMESİ TARAFINDAN VERİLEN İPTAL KAREARLARININ"},{"type":"header","content":"YÜRÜRLÜĞE GİRİŞ TARİHLERİNİ GÖSTERİR LİSTE"},{"type":"table","content":"<table> <colgroup> <col style=\"width: 33%\" /> <col style=\"width: 33%\" /> <col style=\"width: 33%\" /> </colgroup> <tbody> <tr class=\"odd\"> <td><strong>Değiştiren Kanunun/KHK’nin veya İptal Eden Anayasa Mahkemesi Kararının  Numarası</strong></td> <td><strong>7080 sayılı Kanunun değişen veya iptal edilen maddeleri</strong></td> <td><strong>Yürürlüğe Giriş  Tarihi</strong></td> </tr> <tr class=\"even\"> <td rowspan=\"2\">Anayasa Mahkemesi’nin 22/9/2021 tarihli ve E.: 2018/75, K.: 2021/61 sayılı Kararı</td> <td>2 inci maddenin birinci fıkrası</td> <td>2/2/2022</td> </tr> <tr class=\"odd\"> <td>2 inci maddenin ikinci fıkrası</td> <td><p>Yayımı tarihinden başlayarak dokuz ay sonra</p> <p>(2/11/2022)</p></td> </tr> <tr class=\"even\"> <td><strong> </strong></td> <td><strong> </strong></td> <td><strong> </strong></td> </tr> </tbody> </table>"},{"type":"freeText","content":"*[**\\[1\\]**](#Xf4c8113f07524640efcbf4d5822e1fc633a9e60) Bu Kanunun ekinde yer alan listeler için 8/3/2018 tarihli ve 30354 (Mükerrer) sayılı Resmî Gazete’ye bakınız.*"}]