[{"type":"header","content":"SÜRÜCÜ BELGELERİNİN KARŞILIKLI OLARAK TANINMASI VE DEĞİŞİMİNE"},{"type":"header","content":"İLİŞKİN TÜRKİYE CUMHURİYETİ HÜKÜMETİ İLE İTALYAN CUMHURİYETİ"},{"type":"header","content":"HÜKÜMETİ ARASINDA ANLAŞMANIN ONAYLANMASININ"},{"type":"header","content":"UYGUN BULUNDUĞUNA DAİR KANUN"},{"type":"header","content":"Kanun Numarası                    : 7454"},{"type":"header","content":"Kabul Tarihi                           : 5/4/2023"},{"type":"header","content":"Yayımlandığı Resmî Gazete   : Tarih:10/4/2023     Sayı: 32159"},{"type":"madde","maddeStr":"MADDE 1-","number":1,"content":"(1) 5 Temmuz 2022 tarihinde Ankara’da imzalanan “Sürücü Belgelerinin Karşılıklı Olarak Tanınması ve Değişimine İlişkin Türkiye Cumhuriyeti Hükümeti ile İtalyan Cumhuriyeti Hükümeti Arasında Anlaşma”nın onaylanması uygun bulunmuştur.","subsections":[]},{"type":"madde","maddeStr":"MADDE 2-","number":2,"content":"(1) Bu Kanun yayımı tarihinde yürürlüğe girer.","subsections":[]},{"type":"madde","maddeStr":"MADDE 3-","number":3,"content":"(1) Bu Kanun hükümlerini Cumhurbaşkanı yürütür.","subsections":[]}]