[{"type":"header","content":"ÇARŞI VE MAHALLE BEKÇİLERİ KANUNU"},{"type":"header","content":"Kanun Numarası                    : 7245"},{"type":"header","content":"Kabul Tarihi                           : 11/6/2020"},{"type":"header","content":"Yayımlandığı Resmî Gazete   : Tarih : 18/6/2020       Sayı : 31159"},{"type":"header","content":"BİRİNCİ BÖLÜM"},{"type":"header","content":"Amaç, Kapsam ve İstihdam"},{"type":"header","content":"Amaç ve kapsam"},{"type":"madde","maddeStr":"MADDE 1 –","number":1,"content":"(1) Bu Kanunun amacı, çarşı ve mahalle bekçisi olarak istihdam edileceklerde aranan şartlara, çarşı ve mahalle bekçilerinin atama ve adaylık süreçlerine, görev ve yetkileri ile çalışmalarına ilişkin usul ve esasları düzenlemektir.","subsections":[]},{"type":"header","content":"İstihdam"},{"type":"madde","maddeStr":"MADDE 2 –","number":2,"content":"(1) Genel kolluk kuvvetlerine yardımcı olmak üzere, emniyet ve jandarma teşkilatları bünyesinde silahlı bir kolluk olarak çarşı ve mahalle bekçileri istihdam edilir.","subsections":[{"type":"text","content":"\\(2\\) Emniyet ve jandarma teşkilatlarında istihdam edilen çarşı ve mahalle bekçilerinin amirleri meslek hiyerarşileri içinde tespit edilir."}]},{"type":"header","content":"İKİNCİ BÖLÜM"},{"type":"header","content":"Adaylarda Aranacak Şartlar, Sınav, Atama ve Adaylık Süreci"},{"type":"header","content":"Adaylarda aranacak şartlar ve sınav"},{"type":"madde","maddeStr":"MADDE 3 –","number":3,"content":"(1) Çarşı ve mahalle bekçisi olarak istihdam edileceklerde; 14/7/1965 tarihli ve 657 sayılı Devlet Memurları Kanununun 48 inci maddesinde sayılan genel şartlar ile İçişleri Bakanlığınca çıkarılan yönetmelikle belirlenen eğitim, yaş, sağlık ve fiziki yeterlilik gibi özel şartlar aranır.","subsections":[{"type":"text","content":"\\(2\\) Çarşı ve mahalle bekçisi olarak istihdam edilmek için İçişleri Bakanlığınca çıkarılan yönetmelikte belirlenen usul ve esaslara göre yapılacak giriş sınavında başarılı olmak şarttır."}]},{"type":"header","content":"Atama ve adaylık süreci"},{"type":"madde","maddeStr":"MADDE 4 –","number":4,"content":"(1) Sınavlarda başarılı olan, görevini yapmaya engel olabilecek bir hastalık veya engeli bulunmadığı sağlık kurulu raporu ile tespit edilmiş bulunanlar emniyet veya jandarma teşkilatlarına İçişleri Bakanının onayı ile aday memur olarak atanırlar.","subsections":[{"type":"text","content":"\\(2\\) Çarşı ve mahalle bekçilerinin adaylık süresi bir yıldan az iki yıldan fazla olamaz. Adaylık süresi içerisinde en az üç ay süreyle temel ve hazırlayıcı eğitimler verilir."},{"type":"text","content":"\\(3\\) Adaylık süresi içinde temel ve hazırlayıcı eğitim devrelerinin her birinde başarısız olanlarla hâl ve hareketlerinde memuriyetle bağdaşmayacak durumları, göreve devamsızlıkları tespit edilenlerin, aylıktan kesme veya kademe ilerlemesinin durdurulması cezası almış olanların memuriyetle ilişikleri İçişleri Bakanının onayı ile kesilir."}]},{"type":"header","content":"ÜÇÜNCÜ BÖLÜM"},{"type":"header","content":"Görev ve Yetkiler"},{"type":"header","content":"Halka yardım görevi"},{"type":"madde","maddeStr":"MADDE 5 –","number":5,"content":"(1) Çarşı ve mahalle bekçileri, görevli oldukları mülki sınırlar içerisinde halkın istirahat, sağlık ve selametini sağlamak bakımından;","subsections":[{"type":"text","content":"a\\) Yolda hastalanan, kazaya uğrayan, düşüp kalan ve genel durumu itibarıyla yardıma muhtaç olanlara yardım etmek,"},{"type":"text","content":"b\\) Yardıma ihtiyaç duyduğu değerlendirilen, şiddet mağduru veya şiddete ya da istismara uğrama riski taşıyan kadın ve çocukları, kimsesizleri, engellileri ve acizleri en yakın genel kolluk birimlerine teslim etmek,"},{"type":"text","content":"c\\) Bir semt, yer, yol veya sokak sormak için başvuranlara gerekli bilgiyi vermek,"},{"type":"text","content":"ç) Doğum, ölüm, hastalık, kaza, yangın veya afet gibi önemli ve acele hâller sebebiyle, yapılacak yardım isteklerinden gücü dâhilinde olanları öncelikle yerine getirmek,"},{"type":"text","content":"d\\) Büyük tehlike arz eden yangın ve su baskını gibi afetlerde mahalle sakinlerini derhal uyarmak,"},{"type":"text","content":"e\\) Toplum sağlığını ve güvenliğini tehdit eden bir hayvana rastlanıldığında verebileceği zararları engellemek için kişileri alandan uzaklaştırmak, ilgili genel kolluk ve belediyeyi durumdan haberdar etmek,"},{"type":"text","content":"ile görevli ve yetkilidir."}]},{"type":"header","content":"Önleyici ve koruyucu görev ve yetkiler"},{"type":"madde","maddeStr":"MADDE 6 –","number":6,"content":"(1) Çarşı ve mahalle bekçileri;","subsections":[{"type":"text","content":"a\\) Görev saatleri içinde görevlendirildikleri bölgede devriye hizmeti yürütmek,"},{"type":"text","content":"b\\) Görev bölgeleri içinde bulunan konut, iş yeri ve araçlar gibi malların korunmasında sahipleri tarafından noksan alınan tedbirleri tamamlattırmak,"},{"type":"text","content":"c\\) Görev saatleri içerisinde vâkıf oldukları şüpheli durum veya kişileri bağlı bulundukları genel kolluk birimlerine bildirmek,"},{"type":"text","content":"ç) Kamu düzenini bozacak mahiyetteki gösteri, yürüyüş ve karışıklıkların önlenmesi amacıyla genel kolluk kuvvetleri gelinceye kadar önleyici tedbirleri almak,"},{"type":"text","content":"d\\) Görev bölgeleri içinde uyuşturucu madde imal edildiği, satıldığı veya kullanıldığından, kumar oynandığından ya da fuhuş yapıldığından şüphe edilen yerleri bağlı bulundukları genel kolluk birimlerine bildirmek,"},{"type":"text","content":"e\\) Kişilerin can, mal ve ırzına yönelik saldırı ve tehditleri önlemek ve genel kolluk kuvvetleri gelinceye kadar gerekli tedbirleri almak,"},{"type":"text","content":"f\\) Mahalle sakinlerini etkileyen elektrik, su, doğalgaz, kanalizasyon gibi arızaları, bağlı bulunduğu genel kolluk birimleri ile ilgili kurum ve kuruluşlara bildirmek ve görevli ekipler gelinceye kadar gerekli önleyici tedbirleri almak,"},{"type":"text","content":"g\\) Halkın sükûn ve istirahatini bozanları ve başkalarını rahatsız edenleri engellemek,"},{"type":"text","content":"ğ) Sokak, geçit ve meydanları tıkayarak trafiğe mâni olan taşıtların ve diğer engellerin kaldırılmasını sağlamak ve gerektiğinde bağlı bulunduğu genel kolluk birimlerine bildirmek,"},{"type":"text","content":"h\\) Yangın, deprem, su baskını gibi afet ve tehlikelerde genel kolluğu bilgilendirmek ve görevli ekipler gelinceye kadar gerekli önleyici tedbirleri almak,"},{"type":"text","content":"ile görevli ve yetkilidir."}]},{"type":"header","content":"Durdurma ve kimlik sorma"},{"type":"madde","maddeStr":"MADDE 7 –","number":7,"content":"(1) Çarşı ve mahalle bekçileri, görev bölgesi ve çalışma saatleri ile sınırlı olmak kaydıyla kişileri ve araçları;","subsections":[{"type":"text","content":"a\\) Bir suç veya kabahatin işlenmesini önlemek,"},{"type":"text","content":"b\\) Suç işlendikten sonra kaçan faillerin yakalanmasını sağlamak, işlenen suç veya kabahatlerin faillerinin kimliklerini tespit etmek,"},{"type":"text","content":"c\\) Hakkında yakalama emri ya da zorla getirme kararı verilmiş olan kişileri tespit etmek,"},{"type":"text","content":"ç) Kişilerin hayatı, vücut bütünlüğü veya mal varlığı bakımından ya da topluma yönelik mevcut veya muhtemel bir tehlikeyi önlemek,"},{"type":"text","content":"amacıyla durdurabilir."},{"type":"text","content":"\\(2\\) Durdurma yetkisinin kullanılabilmesi için makul bir sebebin bulunması gerekir. Süreklilik arz edecek, fiilî durum ve keyfîlik oluşturacak şekilde durdurma işlemi yapılamaz."},{"type":"text","content":"\\(3\\) Çarşı ve mahalle bekçisi, görevini yerine getirirken kendisinin çarşı ve mahalle bekçisi olduğunu belirleyen belgeyi gösterdikten sonra, durdurduğu kişiye durdurma sebebini bildirir ve durdurma sebebine ilişkin sorular sorabilir, kimliğini veya bulundurulması gerekli diğer belgelerin ibraz edilmesini isteyebilir. Bu kişilere kimliğini ispatlama hususunda gerekli kolaylık gösterilir. Belgesinin bulunmaması, açıklamada bulunmaktan kaçınması veya gerçeğe aykırı beyanda bulunması dolayısıyla ya da sair surette kimliği belirlenemeyen kişi tutularak durumdan derhal genel kolluk görevlileri haberdar edilir."},{"type":"text","content":"\\(4\\) Durdurma süresi, durdurma sebebine esas teşkil eden işlemin gerçekleştirilmesi için ihtiyaç duyulan makul süreden fazla olamaz."},{"type":"text","content":"\\(5\\) Durdurma sebebinin ortadan kalkması hâlinde kişilerin ve araçların ayrılmalarına izin verilir."},{"type":"text","content":"\\(6\\) Çarşı ve mahalle bekçisi, durdurduğu kişi üzerinde veya aracında silah ya da tehlike oluşturan diğer bir eşyanın bulunduğu hususunda yeterli şüphenin varlığı hâlinde, kendisine veya başkalarına zarar verilmesini önlemek amacına yönelik el ile dıştan kontrol dâhil gerekli tedbirleri alabilir. Bu amaçla kişinin üzerindeki elbisenin çıkarılması veya aracın, dışarıdan bakıldığında içerisi görünmeyen bölümlerinin açılması istenemez."}]},{"type":"header","content":"Adli görev ve yetkiler"},{"type":"madde","maddeStr":"MADDE 8 –","number":8,"content":"(1) Çarşı ve mahalle bekçileri, suç işlenirken veya işlendikten sonra, henüz izleri meydanda iken;","subsections":[{"type":"text","content":"a\\) Şüphelileri yakalamak,"},{"type":"text","content":"b\\) Yakaladıkları şüphelilerin kendilerine veya başkalarına zarar vermelerini engelleyici tedbirleri almak,"},{"type":"text","content":"c\\) Suç delillerinin kaybolmaması veya bozulmaması için gerekli muhafaza tedbirlerini almak,"},{"type":"text","content":"ç) Varsa olayın tanıklarının kimlik ve adres bilgilerini tespit ederek genel kolluk birimlerine bildirmek,"},{"type":"text","content":"ile görevli ve yetkilidir."},{"type":"text","content":"\\(2\\) Çarşı ve mahalle bekçileri haklarında tutuklama veya yakalama kararı çıkarılmış kimseleri gördükleri takdirde yakalamak ve bağlı bulunduğu genel kolluk kuvvetlerine teslim etmek ile görevli ve yetkilidir."}]},{"type":"header","content":"Zor ve silah kullanma yetkisi"},{"type":"madde","maddeStr":"MADDE 9 –","number":9,"content":"(1) Çarşı ve mahalle bekçileri 4/7/1934 tarihli ve 2559 sayılı Polis Vazife ve Salâhiyet Kanununun 16 ncı maddesinde belirtilen zor ve silah kullanma yetkisini haizdir.","subsections":[]},{"type":"header","content":"Genel kolluk kuvvetlerine yardım görevi"},{"type":"madde","maddeStr":"MADDE 10 –","number":10,"content":"(1) Çarşı ve mahalle bekçileri mevzuatla genel kolluk kuvvetlerine tevdi edilen görevlerde genel kolluk kuvvetlerine yardımcı olurlar.","subsections":[]},{"type":"header","content":"DÖRDÜNCÜ BÖLÜM"},{"type":"header","content":"Çeşitli ve Son Hükümler"},{"type":"header","content":"Başka görevde çalıştırma yasağı"},{"type":"madde","maddeStr":"MADDE 11 –","number":11,"content":"(1) Çarşı ve mahalle bekçileri kolluk hizmet ve görevleri dışında her ne suretle olursa olsun çalıştırılamazlar.","subsections":[]},{"type":"header","content":"Çalışma saatleri"},{"type":"madde","maddeStr":"MADDE 12 –","number":12,"content":"(1) Çarşı ve mahalle bekçilerinin haftalık çalışma süresi kırk saattir. Emniyet ve asayişin gerektirdiği durumlarda haftada bir gün istirahat verilmek kaydıyla bu süre artırılabilir.","subsections":[{"type":"text","content":"\\(2\\) Günlük çalışma saatleri esas olarak güneşin batış saatinden doğuş saatine kadar olan zaman dilimini kapsayacak şekilde düzenlenir."},{"type":"text","content":"\\(3\\) Çarşı ve mahalle bekçileri güvenlik veya kamu düzeni ile görevi etkileyen zorunluluk hâlleri haricinde birinci ve ikinci fıkralarda belirtilen çalışma süresi ve saatleri dışında çalıştırılamaz. Güvenlik veya kamu düzeni ile görevi etkileyen zorunluluk hâllerine ilişkin usul ve esaslar İçişleri Bakanlığınca çıkarılan yönetmelikle belirlenir."}]},{"type":"header","content":"Disiplin, ödül ve performans değerlendirme"},{"type":"madde","maddeStr":"MADDE 13 –","number":13,"content":"(1) Çarşı ve mahalle bekçilerinin disiplin, ödüllendirme ve performans değerlendirme işlemlerinde istihdam edildikleri genel kolluk kuvvetine göre emniyet ya da jandarma hizmetleri sınıfı mensuplarına uygulanan hükümler uygulanır.","subsections":[]},{"type":"header","content":"Yönetmelik"},{"type":"madde","maddeStr":"MADDE 14 –","number":14,"content":"(1) Çarşı ve mahalle bekçilerinin çalışma usul ve esasları, alacakları meslek içi eğitim, giyecekleri kıyafet ve görevde kullanacakları teçhizatlar ile bu Kanunun uygulanmasına ilişkin diğer hususlar İçişleri Bakanlığınca çıkarılan yönetmelikle belirlenir.","subsections":[]},{"type":"header","content":"Değiştirilen hükümler"},{"type":"header","content":"MADDE 15 – (1) (8/6/1949 tarihli ve 5434 sayılı Türkiye Cumhuriyeti Emekli Sandığı Kanunu ile ilgili olup yerine işlenmiştir.)"},{"type":"freeText","content":"\\(2\\) **(14/7/1965 tarihli ve 657 sayılı Devlet Memurları Kanunu ile ilgili olup yerine işlenmiştir.)**"},{"type":"freeText","content":"\\(3\\) **(10/3/1983 tarihli ve 2803 sayılı Jandarma Teşkilat, Görev ve Yetkileri Kanunu ile ilgili olup yerine işlenmiştir.)**"},{"type":"header","content":"Yürürlükten kaldırılan Kanun ve atıflar"},{"type":"madde","maddeStr":"MADDE 16 –","number":16,"content":"(1) 14/7/1966 tarihli ve 772 sayılı Çarşı ve Mahalle Bekçileri Kanunu yürürlükten kaldırılmıştır.","subsections":[{"type":"text","content":"\\(2\\) Mevzuatta 772 sayılı Kanuna yapılan atıflar bu Kanuna yapılmış sayılır."}]},{"type":"header","content":"Geçiş hükümleri"},{"type":"madde","maddeStr":"GEÇİCİ MADDE 1 –","number":1,"content":"(1) Bu Kanunla çıkarılması öngörülen yönetmelikler bu Kanunun yayımı tarihinden itibaren altı ay içinde çıkarılır.","subsections":[{"type":"text","content":"\\(2\\) Bu Kanuna göre çıkarılacak yönetmelikler yürürlüğe konuluncaya kadar, yürürlükteki yönetmeliklerin bu Kanuna aykırı olmayan hükümlerinin uygulanmasına devam olunur."}]},{"type":"header","content":"Yürürlük"},{"type":"madde","maddeStr":"MADDE 17 –","number":17,"content":"(1) Bu Kanun yayımı tarihinde yürürlüğe girer.","subsections":[]},{"type":"header","content":"Yürütme"},{"type":"madde","maddeStr":"MADDE 18 –","number":18,"content":"(1) Bu Kanun hükümlerini Cumhurbaşkanı yürütür.","subsections":[]}]