[{"type":"freeText","content":"12783"},{"type":"header","content":"OLAĞANÜSTÜ HAL KAPSAMINDA BAZI TEDBİRLER ALINMASI HAKKINDA KANUN HÜKMÜNDE KARARNAMENİN KABUL EDİLMESİNE DAİR KANUN <sup>(1)</sup>"},{"type":"header","content":"Kanun Numarası                       : 7081"},{"type":"header","content":"Kabul Tarihi                              : 6/2/2018"},{"type":"header","content":"Yayımlandığı Resmî Gazete   : Tarih   : 8/3/2018       Sayı : 30354 (Mükerrer)"},{"type":"header","content":"Yayımlandığı Düstur                : Tertip  : 5                      Cilt  : 59"},{"type":"header","content":"Kapsamdan çıkarılan özel öğretim kurum ve kuruluşları"},{"type":"madde","maddeStr":"MADDE 1-","number":1,"content":"(1) Ekli (1) sayılı listede yer alan özel öğretim kurum ve kuruluşları ile özel öğrenci yurdu, 22/7/2016 tarihli ve 667 sayılı Olağanüstü Hal Kapsamında Alınan Tedbirlere İlişkin Kanun Hükmünde Kararnamenin eki (II) sayılı listeden çıkarılmıştır. 667 sayılı Kanun Hükmünde Kararnamenin 2 nci maddesinin birinci fıkrasının (b) bendi ile aynı maddenin ikinci fıkrası hükümleri, bu özel öğretim kurum ve kuruluşları ile özel öğrenci yurdu bakımından tüm hüküm ve sonuçlarıyla birlikte 23/7/2016 tarihinden geçerli olmak üzere ortadan kalkmış sayılır. Buna ilişkin işlemler ilgisine göre Maliye Bakanlığı veya Vakıflar Genel Müdürlüğü tarafından yerine getirilir.","subsections":[]},{"type":"header","content":"Yeniden atanma"},{"type":"madde","maddeStr":"MADDE 2-","number":2,"content":"(1) Hâkimlik ve savcılık mesleğinden kendi istekleriyle emekli olan veya birden fazla çekilenlerden tekrar mesleğe dönmek isteyenler, bu Kanunun yürürlüğe girdiği tarihten itibaren iki ay içinde başvuruda bulunmaları ve mesleğe kabulde aranan nitelikleri kaybetmemiş olmaları şartıyla, ayrıldıkları tarihte almakta oldukları aylık derecesine eşit bir derecenin aynı kademesine Hâkimler ve Savcılar Yüksek Kurulunun ilgili dairesinin kabulü üzerine atanabilirler.","subsections":[]},{"type":"header","content":"Ceza infaz kurumları ve tutukevleri izleme kurulları"},{"type":"madde","maddeStr":"MADDE 3-","number":3,"content":"(1) Ceza infaz kurumları ve tutukevleri izleme kurullarının başkan ve üyelerinin üyelikleri bu maddenin yürürlüğe girdiği tarihte sona erer ve on gün içinde 14/6/2001 tarihli ve 4681 sayılı Ceza İnfaz Kurumları ve Tutukevleri İzleme Kurulları Kanununda belirlenen usule göre yeniden seçim yapılır.","subsections":[]},{"type":"header","content":"Yurtdışında öğrenim görenler"},{"type":"header","content":"MADDE 4- (1) 8/4/1929 tarihli ve 1416 sayılı Ecnebi Memleketlere Gönderilecek Talebe Hakkında Kanuna tabi öğrencilerden, milli güvenliğe tehdit oluşturduğu tespit edilen FETÖ/PDY terör örgütüne aidiyeti, iltisakı veya irtibatı olan ekli (2) sayılı listede yer alanların öğrencilikle ilişikleri kesilmiştir. Bunlar hakkında 22/7/2016 tarihli ve 667 sayılı Olağanüstü Hal Kapsamında Alınan Tedbirlere İlişkin Kanun Hükmünde Kararnamenin 4 üncü maddesinin ikinci ve üçüncü fıkraları hükümleri uygulanır. (İptal cümle: Anayasa Mahkemesi’nin 26/10/2022 tarihli ve E.: 2018/76, K.: 2022/125 sayılı Kararı ile.)"},{"type":"freeText","content":"[***(1) Bu Kanunun ekinde yer alan listeler için 8/3/2018 tarihli ve 30354 (Mükerrer) sayılı Resmi Gazete’ye bakınız.***](http://www.resmigazete.gov.tr/eskiler/2018/03/20180308M1-14.htm)"},{"type":"freeText","content":"12784"},{"type":"header","content":"Ödenmeyecek ikramiyeler"},{"type":"madde","maddeStr":"MADDE 5-","number":5,"content":"(1) 21/3/2007 tarihli ve 5607 sayılı Kaçakçılıkla Mücadele Kanunu kapsamında 1/5/2014 tarihinden önceki uyuşturucu operasyonları nedeniyle anılan Kanuna göre ikramiye ödemesi yapılması gereken kişilerden, terör örgütlerine veya Milli Güvenlik Kurulunca Devletin milli güvenliğine karşı faaliyette bulunduğuna karar verilen yapı, oluşum veya gruplara üyeliği, mensubiyeti, iltisakı veya irtibatı olanlara, bu maddenin yürürlüğe girdiği tarihten sonra herhangi bir ödeme yapılamaz.","subsections":[]},{"type":"header","content":"Emeklilik onayları"},{"type":"madde","maddeStr":"MADDE 6-","number":6,"content":"(1) 20/7/2016 tarihli ve 2016/9064 sayılı Bakanlar Kurulu Kararıyla ilan edilen olağanüstü halin yürürlüğe girdiği 21/7/2016 tarihinden geçerli olmak üzere, 31/5/2006 tarihli ve 5510 sayılı Sosyal Sigortalar ve Genel Sağlık Sigortası Kanununun 48 inci maddesinin ikinci fıkrasında emekliye sevk onayı için öngörülen bir aylık süre olağanüstü hal süresince uygulanmaz.","subsections":[]},{"type":"header","content":"Kamu iştiraklerindeki işçiler"},{"type":"madde","maddeStr":"MADDE 7-","number":7,"content":"(1) Devletin veya kamu tüzel kişilerinin doğrudan doğruya ya da dolaylı olarak katıldığı teşebbüs, ortaklık ve iştirakler ile kamunun hissesi bulunan diğer tüzel kişiler bünyesinde çalışmakta iken, terör örgütlerine veya Milli Güvenlik Kurulunca Devletin milli güvenliğine karşı faaliyette bulunduğuna karar verilen yapı, oluşum veya gruplara üyeliği, mensubiyeti veya iltisakı yahut bunlarla irtibatı olduğu değerlendirilmek suretiyle iş sözleşmesi feshedilen işçiler, bir daha bu teşebbüs ve ortaklıklar ile kamunun hissesi bulunan diğer tüzel kişiler bünyesinde veya diğer kamu kurum ve kuruluşlarında istihdam edilemez, doğrudan veya dolaylı olarak görevlendirilemezler.<sup>(1)</sup>","subsections":[]},{"type":"header","content":"Görevden uzaklaştırılanların iade usulü"},{"type":"madde","maddeStr":"MADDE 8-","number":8,"content":"(1) 15/7/2016 tarihinde gerçekleştirilen darbe teşebbüsü ve terör eylemi sonrasında kamu kurum ve kuruluşlarınca ilgili mevzuatına göre görevden uzaklaştırılan ve yönetici kadrolarında bulunan personelin görevlerine iadesi, halen bulundukları yöneticilik görevi dışında öğrenim durumları ve kazanılmış hak aylık derecelerine uygun kadro ve pozisyonlara atanmak suretiyle de yerine getirilebilir.","subsections":[]},{"type":"header","content":"Bazı yetkilerin iptali"},{"type":"madde","maddeStr":"MADDE 9-","number":9,"content":"(1) 9/1/1985 tarihli ve 3146 sayılı Çalışma ve Sosyal Güvenlik Bakanlığının Teşkilat ve Görevleri Hakkında Kanunun 12 nci maddesinin birinci fıkrasının (l) ve (m) bentleri kapsamında yetkilendirilen kişi, kurum veya kuruluşlardan terör örgütlerine veya Milli Güvenlik Kurulunca Devletin milli güvenliğine karşı faaliyette bulunduğuna karar verilen yapı, oluşum veya gruplara üyeliği, mensubiyeti veya iltisakı yahut bunlarla irtibatı olanların yetkileri Çalışma ve Sosyal Güvenlik Bakanı tarafından oluşturulacak komisyonun teklifi üzerine Çalışma ve Sosyal Güvenlik Bakanının onayı ile iptal edilir.<sup>(2)</sup>","subsections":[{"type":"text","content":"*\\_\\_\\_\\_\\_\\_\\_\\_\\_\\_\\_\\_\\_\\_\\_\\_\\_\\_\\_\\_\\_*"},{"type":"text","content":"*(1) Anayasa Mahkemesi’nin 26/10/2022 tarihli ve E.: 2018/76, K.: 2022/125 sayılı Kararı ile bu maddede yer alan “bir daha bu teşebbüs ve ortaklıklar” ibaresinden sonra gelen “ile kamunun hissesi bulunan diğer tüzel kişiler” ibaresi iptal edilmiştir. Bu kararın Resmî Gazete’de yayımlanmasından başlayarak dokuz ay sonra yürürlüğe gireceği hüküm altına alınmıştır.*"},{"type":"text","content":"*(2) Anayasa Mahkemesi’nin 26/10/2022 tarihli ve E.: 2018/76, K.: 2022/125 sayılı Kararı ile bu madde iptal edilmiştir. Bu kararın Resmî Gazete’de yayımlanmasından başlayarak dokuz ay sonra yürürlüğe gireceği hüküm altına alınmıştır.*"},{"type":"text","content":"12785"}]},{"type":"header","content":"Değiştirilen hükümler"},{"type":"header","content":"MADDE 10- (1) (Mülga: 13/2/2018-7098/EK MADDE 1)"},{"type":"freeText","content":"\\(2\\) **(Mülga: 13/2/2018-7098/EK MADDE 1)**"},{"type":"freeText","content":"\\(3\\) **(Mülga: 13/2/2018-7098/EK MADDE 1)**"},{"type":"header","content":"Yürürlük"},{"type":"madde","maddeStr":"MADDE 11-","number":11,"content":"(1) Bu Kanun yayımı tarihinde yürürlüğe girer.","subsections":[]},{"type":"header","content":"Yürütme"},{"type":"madde","maddeStr":"MADDE 12-","number":12,"content":"(1) Bu Kanun hükümlerini Bakanlar Kurulu yürütür.","subsections":[]},{"type":"header","content":"7081 SAYILI KANUNA EK VE DEĞİŞİKLİK GETİREN MEVZUATIN VEYA"},{"type":"header","content":"ANAYASA MAHKEMESİ İPTAL KARARLARININ"},{"type":"header","content":"YÜRÜRLÜĞE GİRİŞ TARİHLERİNİ GÖSTERİR LİSTE"},{"type":"table","content":"<table> <colgroup> <col style=\"width: 33%\" /> <col style=\"width: 33%\" /> <col style=\"width: 33%\" /> </colgroup> <tbody> <tr class=\"odd\"> <td><strong>Değiştiren Kanunun/KHK’nin veya İptal Eden Anayasa Mahkemesi Kararının Numarası</strong></td> <td><strong>7081 sayılı Kanunun değişen veya iptal edilen maddeleri</strong></td> <td><strong>Yürürlüğe Giriş Tarihi</strong></td> </tr> <tr class=\"even\"> <td>7098</td> <td>10</td> <td>8/3/2018</td> </tr> <tr class=\"odd\"> <td>Anayasa Mahkemesi’nin 26/10/2022 tarihli ve E.: 2018/76, K.: 2022/125 sayılı Kararı</td> <td>4</td> <td>2/3/2023</td> </tr> </tbody> </table>"}]