[{"type":"header","content":"TÜRKİYE KALKINMA VE YATIRIM BANKASI ANONİM ŞİRKETİ"},{"type":"header","content":"HAKKINDA KANUN"},{"type":"header","content":"Kanun Numarası                    : 7147"},{"type":"header","content":"Kabul Tarihi                           : 11/10/2018"},{"type":"header","content":"Yayımlandığı Resmî Gazete   : Tarih : 24/10/2018       Sayı : 30575"},{"type":"madde","maddeStr":"MADDE 1-","number":1,"content":"(1) Bu Kanunun amacı; Türkiye Kalkınma ve Yatırım Bankası Anonim Şirketinin (Banka), çağdaş kalkınma ve yatırım bankacılığı araçlarını kullanarak, ülkemizin kalkınma hedefleri doğrultusunda, sürdürülebilir büyümeye yönelik yatırımların ve projelerin desteklenmesi, sermaye ve fon kaynaklarının etkin kullanımının sağlanması, yurt içi, yurt dışı ve uluslararası ortak yatırımların finanse edilmesi ile kâr ortaklığı veya kiralama esaslı kredi işlemleri dâhil, tüm kalkınma ve yatırım bankacılığı işlevlerinin rekabetçi, dinamik ve etkin bir şekilde yerine getirebilmesini sağlamaktır.","subsections":[]},{"type":"madde","maddeStr":"MADDE 2-","number":2,"content":"(1) Bankanın merkezi, amacı, kaynakları, sermaye yapısı, organları, hesapları, faaliyet konuları ile kârının dağıtımına ilişkin hususlar esas sözleşmesinde belirlenir.","subsections":[{"type":"text","content":"\\(2\\) Bu Kanun ile yürürlükten kaldırılan 14/10/1999 tarihli ve 4456 sayılı Türkiye Kalkınma Bankası Anonim Şirketinin Kuruluşu Hakkında Kanun ile kurulan Türkiye Kalkınma Bankası Anonim Şirketi, bu Kanunun yürürlüğe girdiği tarihte Türkiye Kalkınma ve Yatırım Bankası Anonim Şirketi unvanıyla kalkınma ve yatırım bankası olarak hiçbir hukuki muameleye tabi olmaksızın faaliyetlerine devam eder."}]},{"type":"madde","maddeStr":"MADDE 3-","number":3,"content":"(1) Banka; kanun ya da Cumhurbaşkanlığı kararnamesiyle, kalkınma planı, programı ve stratejik planlar doğrultusunda kaynağı tahsis edilmek suretiyle görevlendirilebilir. Bu görevlendirmelere ilişkin usul ve esaslar ile görevlendirme kapsamında ihtiyaç duyulan kaynağın hangi kurum veya kuruluş bütçesinden karşılanacağı Cumhurbaşkanınca belirlenir.","subsections":[]},{"type":"madde","maddeStr":"MADDE 4-","number":4,"content":"(1) Banka personeli 22/5/2003 tarihli ve 4857 sayılı İş Kanunu hükümlerine göre iş sözleşmesi ile istihdam edilir.","subsections":[{"type":"text","content":"\\(2\\) Bankada 4857 sayılı Kanuna tabi olarak çalışanlarla Banka arasında çıkan ihtilaflarda iş mahkemeleri görevlidir."},{"type":"text","content":"\\(3\\) Personelin aylık ücret ve diğer mali hakları Banka Genel Kurulunca tespit olunur. Genel Kurul bu yetkilerini Yönetim Kuruluna devredebilir. Personel istihdamına ilişkin diğer hususlarda karar almaya Yönetim Kurulu yetkilidir."}]},{"type":"madde","maddeStr":"MADDE 5-","number":5,"content":"(1) Tüzel kişiliği haiz Türkiye Kalkınma Fonu, Banka tarafından hazırlanan Türkiye Kalkınma Fonu İç Tüzüğünün ticaret siciline tescil olmasıyla süresiz olarak kurulur.","subsections":[{"type":"text","content":"\\(2\\) Türkiye Kalkınma Fonunun ve bu Fonun bünyesindeki alt fonların kuruluşu, yapısı, çalışma usul ve esasları, işleyişi, yönetimi, yapacağı işlemler, raporlama esasları, Fonun iç denetimi ve uygulamaya ilişkin diğer hususlar Türkiye Kalkınma Fonu İç Tüzüğü ile belirlenir. Türkiye Kalkınma Fonunun idari, mali ve operasyonel iş ve işlemleri Banka tarafından gerçekleştirilir."}]},{"type":"madde","maddeStr":"MADDE 6-","number":6,"content":"(1) Türkiye Kalkınma Fonunun ve Fona bağlı alt fonların yapısı ve işleyişi ile Bankanın Fonun yönetimiyle ilgili faaliyetleri 6/12/2012 tarihli ve 6362 sayılı Sermaye Piyasası Kanunu ile bu Kanun uyarınca yürürlüğe konulan ikincil mevzuata tabi değildir. Sermaye piyasası aracı ihraçlarında her bir ihraca özgü olarak Bankanın gerek duyması hâlinde 6362 sayılı Kanun ve ilgili mevzuatta öngörülen yöntemler izlenebilir. Türkiye Kalkınma Fonunun yapacağı iş ve işlemlerle ilgili olarak 6362 sayılı Kanun çerçevesinde Kurul ücreti ile herhangi bir ad altında ücret veya masraf ödenmez.","subsections":[{"type":"text","content":"\\(2\\) Türkiye Kalkınma Fonu ve bu Fonun bünyesinde oluşturulacak alt fonların kuruluş ve tescil işlemleri ile İç Tüzüğünün tescil ve ilan işlemleri de dâhil olmak üzere faaliyetleri kapsamında gerçekleştirdikleri işlemlerle ilgili düzenlenen tüm kâğıtlar damga vergisinden, tüm iş ve işlemleri her türlü harçtan, her ne nam adı altında olursa olsun nakden veya hesaben banka ve sigorta muameleleri vergisi mükelleflerine ödedikleri tutarlar ile her ne nam adı altında olursa olsun nakden veya hesaben lehe aldıkları paralar banka ve sigorta muameleleri vergisinden, her türlü kredi kullanım işlemleri kaynak kullanımını destekleme fonundan istisnadır."},{"type":"text","content":"\\(3\\) Türkiye Kalkınma Fonu ile bu Fonun bünyesinde oluşturulacak alt fonlar gelir ve kurumlar vergisinden muaftır. Bu muafiyet, bunların kazanç ve iratları üzerinden 31/12/1960 tarihli ve 193 sayılı Gelir Vergisi Kanunu ile 13/6/2006 tarihli ve 5520 sayılı Kurumlar Vergisi Kanunu uyarınca yapılacak vergi kesintilerini de kapsar."},{"type":"text","content":"\\(4\\) Banka, Türkiye Kalkınma Fonunda sahip olduğu paylar nedeniyle 19/10/2005 tarihli ve 5411 sayılı Bankacılık Kanunu ve ilgili mevzuatta yer alan Konsolide Denetim ve Konsolide Finansal Raporlama ile ilgili hükümlere tabi değildir."},{"type":"text","content":"\\(5\\) Türkiye Kalkınma Fonu tarafından iştirak edilen şirketler ve fonların denetimi, ilgili mevzuatı uyarınca düzenlenen ve münhasıran Sayıştaya sunulan bağımsız denetim raporları esas alınarak Sayıştay tarafından hazırlanan raporun Türkiye Büyük Millet Meclisine sunulması suretiyle yapılır."}]},{"type":"madde","maddeStr":"MADDE 7-","number":7,"content":"(1) Banka ve iştirakleri; 10/2/1954 tarihli ve 6245 sayılı Harcırah Kanununa, 18/11/1960 tarihli ve 132 sayılı Türk Standardları Enstitüsü ile İlgili Bazı Düzenlemeler Hakkında Kanuna, 2/1/1961 tarihli ve 195 sayılı Basın İlan Kurumu Teşkiline Dair Kanuna, 5/1/1961 tarihli ve 237 sayılı Taşıt Kanununa, 8/9/1983 tarihli ve 2886 sayılı Devlet İhale Kanununa, 9/11/1983 tarihli ve 2946 sayılı Kamu Konutları Kanununa, 8/6/1984 tarihli ve 233 sayılı Kamu İktisadi Teşebbüsleri Hakkında Kanun Hükmünde Kararnameye, 22/1/1990 tarihli ve 399 sayılı Kamu İktisadi Teşebbüsleri Personel Rejiminin Düzenlenmesi ve 233 sayılı Kanun Hükmünde Kararnamenin Bazı Maddelerinin Yürürlükten Kaldırılmasına Dair Kanun Hükmünde Kararnameye, 12/4/1990 tarihli ve 3624 sayılı Küçük ve Orta Ölçekli İşletmeleri Geliştirme ve Destekleme İdaresi Başkanlığı Teşvik ve Muafiyetleri Kanununa, 18/5/1994 tarihli ve 527 sayılı Memurlar ve Diğer Kamu Görevlileri ile İlgili Bazı Kanun ve Kanun Hükmünde Kararnamelerde Değişiklik Yapılmasına Dair Kanun Hükmünde Kararnameye, 12 nci maddesi hariç 4/7/2001 tarihli ve 631 sayılı Memurlar ve Diğer Kamu Görevlilerinin Mali ve Sosyal Haklarında Düzenlemeler ile Bazı Kanun ve Kanun Hükmünde Kararnamelerde Değişiklik Yapılması Hakkında Kanun Hükmünde Kararnameye ve yapım ihaleleri hariç 4/1/2002 tarihli ve 4734 sayılı Kamu İhale Kanununa tabi değildir.","subsections":[{"type":"text","content":"\\(2\\) 5411 sayılı Kanunun 53 üncü maddesinin birinci fıkrası Banka hakkında uygulanmaz. Bu madde uyarınca Bankacılık Düzenleme ve Denetleme Kurulu tarafından belirlenen kredilerin sınıflanması, izlenmesi, takibe alınması, karşılık oranları ve teminatlara ilişkin usul ve esaslar Banka Yönetim Kurulunca belirlenir. Banka tarafından ayrılan özel karşılıklar 5411 sayılı Kanunun 53 üncü maddesinin ikinci fıkrası hükmünden yararlanır."},{"type":"text","content":"\\(3\\) Bankanın kullandırdığı kredi işlemleri ile ilgili senetler, makbuzlar, taahhütname, mukavelename, kefaletname ve temliknameler, teminat ve kefalet mektupları, mektup ve telgraflar, dekontlar, münakale, tediye, irsal, teslim, tahsil emirleri ve her nevi kâğıtlar, kayıtlar, defterler, hesap hülasaları, kredi lehtarlarından Bankaca alınacak beyanname, bilanço ve işletme hesabı hülasaları, menkul rehni ve gayrimenkul ipoteği işlemleri, bu şirketlerin Banka emrine tanzim edeceği senetler, reeskont senetleri; damga vergisinden, noter ve tapu harçlarından istisnadır."},{"type":"text","content":"\\(4\\) Bankanın her türlü ihtiyatî tedbir, ihtiyatî haciz ve icranın geri bırakılması taleplerinde teminat şartı aranmaz."},{"type":"text","content":"\\(5\\) Bankanın amaçları doğrultusunda taşınmaz mal alım satımı ile açtığı kredilerin teminatını teşkil eden taşınır ve taşınmaz malların icrada, iflasta veya haricen satışında Banka üzerinde kalması hâlinde satış, devir ve intikal ile ilgili her türlü işlemler, girdiği ihalelerle ilgili işlemler, tahvil ihracı dâhil yurt dışından temin ettiği krediler ve bu kredilere ait işlemler, açılan kredilere mahsuben yapılan tahsilatlar, mahkemeler ve icra daireleri nezdinde açacağı dava, takip ve talepler; teminattan, damga, veraset ve intikal, banka ve sigorta muameleleri vergilerinden ve tüm harçlardan istisnadır."}]},{"type":"madde","maddeStr":"MADDE 8-","number":8,"content":"(1) 14/10/1999 tarihli ve 4456 sayılı Türkiye Kalkınma Bankası Anonim Şirketinin Kuruluşu Hakkında Kanun yürürlükten kaldırılmıştır. Diğer mevzuatta 4456 sayılı Kanuna yapılan atıflar bu Kanuna yapılmış sayılır.","subsections":[]},{"type":"madde","maddeStr":"GEÇİCİ MADDE 1-","number":1,"content":"(1) Bankada, 1/1/2021 tarihinden itibaren 4857 sayılı Kanun hükümlerine tabi olmayan personel çalıştırılmaz.","subsections":[{"type":"text","content":"\\(2\\) Bankanın yeniden yapılanma sürecinde, 4857 sayılı Kanuna tabi çalışmak istemeyen personel bu maddenin yürürlüğe girdiği tarihten itibaren yapılacak ilk Genel Kurul tarihini takip eden doksan gün içinde Bankaya bildirimde bulunur. Bu personel, Aile, Çalışma ve Sosyal Hizmetler Bakanlığınca bir kamu kurumunda göreve başlatılıncaya kadar Bankanın ihtiyaç duyduğu uygun işlerde görevlendirilir. Bu personel, Banka Yönetim Kurulu kararlarına istinaden 30/9/2020 tarihine kadar Aile, Çalışma ve Sosyal Hizmetler Bakanlığına bildirilir. Aile, Çalışma ve Sosyal Hizmetler Bakanlığına bildirilen personelin Bankada herhangi bir statüde tekrar istihdamı mümkün değildir. Bankaca isimleri bildirilen personelin atama teklifleri, Aile, Çalışma ve Sosyal Hizmetler Bakanlığınca 24/11/1994 tarihli ve 4046 sayılı Özelleştirme Uygulamaları Hakkında Kanunun 22 nci maddesinin ikinci, üçüncü, dördüncü ve beşinci fıkralarında belirtilen usul ve esaslar ile gerçekleştirilir. Söz konusu taleplerin yeterli olmaması hâlinde Aile, Çalışma ve Sosyal Hizmetler Bakanlığınca resen aynı usulle atama teklifi yapılır. Ancak, 4046 sayılı Kanunun 22 nci maddesi uyarınca Özelleştirme Fonundan karşılanması öngörülen ödemeler Banka tarafından karşılanır. Personelin nakledileceği kadro ve pozisyonlar; Aile, Çalışma ve Sosyal Hizmetler Bakanlığınca kamu kurum ve kuruluşlarına atama tekliflerinin yapıldığı tarih itibarıyla diğer kanunlardaki hükümlere bakılmaksızın ve başka bir işleme gerek kalmaksızın ihdas, tahsis ve vize edilmiş sayılır. Atama işlemi yapılan personele ilişkin bilgiler ve bu bilgilerdeki değişiklikler en geç on beş gün içinde Aile, Çalışma ve Sosyal Hizmetler Bakanlığına bildirilir. Bu fıkra kapsamında ortaya çıkabilecek tereddütleri gidermeye, gerekli bilgi ve belgeleri istemeye, araştırma ve inceleme yapmaya, uygulamayı yönlendirmeye ilgisine göre Aile, Çalışma ve Sosyal Hizmetler Bakanlığı ve Banka yetkilidir. Bu Kanun ile yürürlükten kaldırılan 4456 sayılı Kanunun geçici 2 nci maddesi kapsamında istihdam edilen personelden bu madde uyarınca nakledileceklere kıdem ve ihbar tazminatı ödenmez ve kıdem tazminatına esas hizmet süreleri emekli ikramiyesi veya iş sonu tazminatının hesabında sayılır."},{"type":"text","content":"\\(3\\) 4857 sayılı Kanuna tabi çalışmak istemeyen personelin, bu maddenin ikinci fıkrasındaki düzenleme doğrultusunda Bankada çalışmaya devam ettirildikleri sürece mevcut statüleri ve unvanlarına ilişkin sosyal ve özlük haklarıyla istihdamlarına devam olunur. Bu kapsamdaki personel ile Devlet memurları için uygulanan yıllık artış oranları emsal alınmak suretiyle sözleşme yapılır. 4046 sayılı Kanunun 22 nci maddesinin dördüncü ve beşinci fıkraları hükümlerinin uygulanmasında, personelin Aile, Çalışma ve Sosyal Hizmetler Bakanlığına bildirim yapıldığı tarihteki görev ve pozisyonu için o yılın 15 Ocak tarihindeki ücret ve diğer mali hakları esas alınır."},{"type":"text","content":"\\(4\\) Bankanın bu maddenin yürürlüğe girdiği tarihteki mevcut personelinden 4857 sayılı Kanun hükümlerine göre Bankada çalışmak isteyenler; bu Kanunun 4 üncü maddesi gereğince bir pozisyona atanıncaya ve ücret ve mali hakları belirleninceye kadar Bankanın ihtiyaç duyduğu uygun işlerde görevlendirilir ve mevcut statü, ücret ve mali haklarıyla istihdamlarına devam olunur. Bunlardan;"},{"type":"text","content":"a\\) 31/5/2006 tarihli ve 5510 sayılı Sosyal Sigortalar ve Genel Sağlık Sigortası Kanununun geçici 4 üncü maddesi uyarınca haklarında 8/6/1949 tarihli ve 5434 sayılı Türkiye Cumhuriyeti Emekli Sandığı Kanunu hükümleri uygulananlar hakkında, işçi statüsüne geçirildikleri tarihten itibaren doksan gün içinde 5510 sayılı Kanunun 4 üncü maddesinin birinci fıkrasının (a) bendine göre sigortalı olma talebinde bulunmayanların 5434 sayılı Kanun ile ilgileri devam ettirilir. Bu şekilde 5434 sayılı Kanunla ilgileri devam ettirilenlerin emeklilik hak ve yükümlülüklerinin tespitinde, önceden emeklilik hak ve yükümlülüklerine esas alınmakta olan kadro, görev veya pozisyonları dikkate alınmaya devam olunur. Ayrıca, bu şekilde ilgi devamında geçen süreleri kıdem aylıklarının hesabında dikkate alınır ve bunların emeklilik keseneğine esas aylık derece ve kademeleri de genel hükümler çerçevesinde yükseltilmeye ve ilerletilmeye devam olunur. Bunlara Bankada geçen çalışma süreleri için kıdem tazminatı ödenmez ve bu süreler emekli ikramiyesinin hesabında dikkate alınır."},{"type":"text","content":"b\\) İşçi statüsüne geçirildikleri tarihten itibaren doksan gün içinde 5510 sayılı Kanunun 4 üncü maddesinin birinci fıkrasının (a) bendine göre sigortalı olma talebinde bulunanların sigorta primleri ile sosyal güvenliğe ilişkin diğer hak ve yükümlülükleri 5510 sayılı Kanunun ilgili hükümlerine göre belirlenir."},{"type":"text","content":"c\\) 5510 sayılı Kanunun yürürlüğe girdiği tarihten sonra göreve başlayan ve aynı Kanunun 4 üncü maddesinin birinci fıkrasının (c) bendi kapsamında sigortalı sayılmak suretiyle sigorta primine esas kazançları aynı Kanunun 80 inci maddesine göre belirlenenler, taleplerine bakılmaksızın 5510 sayılı Kanunun 4 üncü maddesinin birinci fıkrasının (a) bendi kapsamında sigortalı sayılır."},{"type":"text","content":"ç) Bu fıkranın (b) ve (c) bentleri kapsamına girenlerden iş sözleşmesi 25/8/1971 tarihli ve 1475 sayılı İş Kanununun 14 üncü maddesi kapsamında sona erenlere ödenecek kıdem tazminatına esas hizmet süresinin tespitinde emekli ikramiyesine esas hizmet süreleri de dikkate alınır. Ancak, bunlara emekli ikramiyesine esas hizmet süreleri için ödenecek kıdem tazminatı, ilgilinin işçi statüsüne geçirilmeden önceki statüsünün sona erdiği tarihteki emeklilik keseneğine esas aylık unsurları üzerinden ve iş sözleşmesinin sona erdiği tarihteki katsayılar dikkate alınarak hesaplanacak tutarı geçemez."},{"type":"text","content":"\\(5\\) Bu maddenin yürürlüğe girdiği tarihteki mevcut Yönetim Kurulu Başkan ve üyelerinin görevleri Genel Kurulca yenileri seçilinceye kadar devam eder."}]},{"type":"madde","maddeStr":"GEÇİCİ MADDE 2-","number":2,"content":"(1) Banka personelinden emeklilik hakkını kazanmış olanlardan bu maddenin yürürlüğe girdiği tarihten itibaren yüz seksen gün içinde emeklilik başvurusunda bulunanların emekli ikramiyeleri, bu Kanunun yürürlüğe girdiği tarih itibarıyla;","subsections":[{"type":"text","content":"a\\) Yaş haddinden emekliliğine bir yıldan daha az süre kalanlar hariç olmak üzere, yaş haddinden emekliliğine en fazla üç yıl kalanlar için %30,"},{"type":"text","content":"b\\) Yaş haddinden emekliliğine üç yıldan fazla beş yıldan az kalanlar için %40,"},{"type":"text","content":"c\\) Yaş haddinden emekliliğine beş yıl ve daha fazla kalanlar için %50,"},{"type":"text","content":"oranında fazla ödenir."},{"type":"text","content":"\\(2\\) Bu madde uyarınca yapılan emeklilik başvuruları herhangi bir kayda bağlanamaz ve geri alınamaz. Bu kapsamda emekli olan personel Bankada istihdam edilemez."}]},{"type":"madde","maddeStr":"MADDE 9-","number":9,"content":"(1) Bu Kanun yayımı tarihinde yürürlüğe girer.","subsections":[]},{"type":"madde","maddeStr":"MADDE 10-","number":10,"content":"(1) Bu Kanun hükümlerini Cumhurbaşkanı yürütür.","subsections":[]}]