[{"type":"header","content":"OLAĞANÜSTÜ HAL KAPSAMINDA BAZI TEDBİRLER ALINMASI HAKKINDA"},{"type":"header","content":"KANUN HÜKMÜNDE KARARNAMENİN KABUL EDİLMESİNE DAİR KANUN[\\[1\\]](#Xc217c44f9d6f9d647df03178eb8b64fb8f54252)"},{"type":"header","content":"Kanun Numarası                    : 7084"},{"type":"header","content":"Kabul Tarihi                           : 6/2/2018"},{"type":"header","content":"Yayımlandığı Resmî Gazete   : Tarih  : 8/3/2018          Sayı  : 30354 (Mükerrer)"},{"type":"header","content":"Yayımlandığı Düstur              : Tertip : 5                      Cilt   : 59"},{"type":"header","content":"Kamu personeline ilişkin tedbirler"},{"type":"madde","maddeStr":"MADDE 1-","number":1,"content":"(1) Terör örgütlerine veya Milli Güvenlik Kurulunca Devletin milli güvenliğine karşı faaliyette bulunduğuna karar verilen yapı, oluşum veya gruplara üyeliği, mensubiyeti veya iltisakı yahut bunlarla irtibatı olan ve ekli (1) sayılı listede yer alan kişiler kamu görevinden başka hiçbir işleme gerek kalmaksızın çıkarılmıştır. Bu kişilere ayrıca herhangi bir tebligat yapılmaz. Haklarında ayrıca özel kanun hükümlerine göre işlem tesis edilir.","subsections":[{"type":"text","content":"\\(2\\) Birinci fıkra gereğince kamu görevinden çıkarılan kişilerin, mahkûmiyet kararı aranmaksızın, rütbe ve/veya memuriyetleri alınır ve bu kişiler görev yaptıkları teşkilata yeniden kabul edilmezler; bir daha kamu hizmetinde istihdam edilemezler, doğrudan veya dolaylı olarak görevlendirilemezler; bunların uhdelerinde bulunan her türlü mütevelli heyet, kurul, komisyon, yönetim kurulu, denetim kurulu, tasfiye kurulu üyeliği ve sair görevleri de sona ermiş sayılır. Bunların silah ruhsatları, gemi adamlığına ilişkin belgeleri ve pilot lisansları iptal edilir ve bu kişiler oturdukları kamu konutlarından veya vakıf lojmanlarından onbeş gün içinde tahliye edilir. Bu kişiler özel güvenlik şirketlerinin kurucusu, ortağı ve çalışanı olamazlar. Bu kişiler hakkında bakanlıkları ve kurumlarınca ilgili pasaport birimine derhal bildirimde bulunulur. Bu bildirim üzerine pasaport birimlerince pasaportlar iptal edilir."},{"type":"text","content":"\\(3\\) Birinci fıkra kapsamında kamu görevinden çıkarılanlar, varsa uhdelerinde taşımış oldukları büyükelçi, vali gibi unvanları ve müsteşar, kaymakam ve benzeri meslek adlarını ve sıfatlarını kullanamazlar ve bu unvan, sıfat ve meslek adlarına bağlı olarak sağlanan haklardan yararlanamazlar."}]},{"type":"header","content":"Emekli Emniyet Teşkilatı personeline ilişkin tedbirler"},{"type":"madde","maddeStr":"MADDE 2-","number":2,"content":"(1) 4/6/1937 tarihli ve 3201 sayılı Emniyet Teşkilat Kanununun 55 inci maddesinin ondokuzuncu ve yirminci fıkraları ile geçici 27 nci maddesi uyarınca resen emekliye sevk edilenler, kendi isteğiyle emekli olanlar veya Emniyet Teşkilatı Disiplin Tüzüğü hükümlerine göre meslekten veya Devlet memurluğundan çıkarılanlar ile müstafi sayılanlardan milli güvenliğe tehdit oluşturduğu tespit edilen FETÖ/PDY terör örgütüne aidiyeti, iltisakı veya irtibatı olan ve ekli (2) sayılı listede yer alanların rütbeleri alınır. Bu kişiler görev yaptıkları teşkilata ve kamu görevlerine yeniden kabul edilmezler, doğrudan veya dolaylı görevlendirilemezler; ayrıca bunlar uhdelerinde taşımış oldukları mesleki unvanları ve sıfatlarını kullanamazlar ve bu unvan ve sıfatlarına bağlı olarak sağlanan haklardan yararlanamazlar. Bu kişilerin uhdelerinde bulunan her türlü mütevelli heyet, kurul, komisyon, yönetim kurulu, denetim kurulu, tasfiye kurulu üyeliği ve sair görevleri de sona ermiş sayılır. Bunların silah ruhsatları, emekli polis kimlikleri, gemi adamlığına ilişkin belgeleri, pilot lisansları ve ilgili pasaport birimlerince pasaportları iptal edilir. Bu kişiler özel güvenlik şirketlerinin kurucusu, ortağı ve çalışanı olamazlar.","subsections":[]},{"type":"header","content":"İade hükümleri"},{"type":"madde","maddeStr":"MADDE 3-","number":3,"content":"(1) Ekli (3) sayılı listede yer alan kamu görevlileri, ilgili kanun hükmünde kararnamenin eki listelerin ilgili sıralarından çıkarılmıştır.","subsections":[{"type":"text","content":"\\(2\\) İlgili kanun hükmünde kararname hükümleri, birinci fıkrada belirtilen kişiler bakımından tüm hüküm ve sonuçlarıyla birlikte ilgili kanun hükmünde kararnamenin yayımı tarihinden geçerli olmak üzere ortadan kalkmış sayılır. Söz konusu personelden bu maddenin yürürlük tarihinden itibaren on gün içerisinde göreve başlamayanlar çekilmiş sayılır. Bu kapsamda göreve başlayanlara, kamu görevinden çıkarıldıkları tarihten göreve başladıkları tarihe kadar geçen süreye tekabül eden mali ve sosyal hakları ödenir. Bu kişiler, kamu görevinden çıkarılmalarından dolayı herhangi bir tazminat talebinde bulunamaz. Bu personelin görevlerine iadesi, kamu görevinden çıkarıldıkları tarihte bulundukları yöneticilik görevi dışında öğrenim durumları ve kazanılmış hak aylık derecelerine uygun kadro ve pozisyonlara atanmak suretiyle de yerine getirilebilir. Bu maddeye ilişkin işlemler ilgili bakanlık ve kurumlar tarafından yürütülür."}]},{"type":"header","content":"Yurtdışında öğrenim görenler"},{"type":"madde","maddeStr":"MADDE 4","number":4,"content":"- (1) 3/10/2016 tarihli ve 675 sayılı Olağanüstü Hal Kapsamında Bazı Tedbirler Alınması Hakkında Kanun Hükmünde Kararname gereği öğrencilikle ilişikleri kesilmiş olanlardan bu Kanuna ekli (4) sayılı listede yer alan kişi, 675 sayılı Kanun Hükmünde Kararnamenin eki (5) sayılı listenin ilgili sırasından çıkarılmıştır. 675 sayılı Kanun Hükmünde Kararnamenin 4 üncü maddesinin birinci fıkrası, bu kişi bakımından tüm hüküm ve sonuçlarıyla birlikte söz konusu Kanun Hükmünde Kararnamenin yayımı tarihinden itibaren ortadan kalkmış sayılır.","subsections":[]},{"type":"header","content":"Kapatılan ve kapsamdan çıkarılan kurum ve kuruluşlar"},{"type":"madde","maddeStr":"MADDE 5-","number":5,"content":"(1) Terör örgütlerine veya Milli Güvenlik Kurulunca Devletin milli güvenliğine karşı faaliyette bulunduğuna karar verilen yapı, oluşum veya gruplara aidiyeti, iltisakı veya bunlarla irtibatı olan ve ekli (5) sayılı listede yer alan dernekler kapatılmıştır.","subsections":[{"type":"text","content":"\\(2\\) Birinci fıkra kapsamında kapatılan derneklere ait olan taşınırlar ile her türlü mal varlığı, alacak ve haklar, belge ve evrak Hazineye bedelsiz olarak devredilmiş sayılır, bunlara ait taşınmazlar tapuda resen Hazine adına, her türlü kısıtlama ve taşınmaz yükünden ari olarak tescil edilir. Bunların her türlü borçlarından dolayı hiçbir şekilde Hazineden bir hak ve talepte bulunulamaz. Devire ilişkin işlemler ilgili tüm kurumlardan gerekli yardımı almak suretiyle Maliye Bakanlığı tarafından yerine getirilir."},{"type":"text","content":"\\(3\\) Ekli (6) sayılı listede yer alan dernekler, ilgisine göre 18/10/2016 tarihli ve 6749 sayılı Olağanüstü Hal Kapsamında Alınan Tedbirlere İlişkin Kanun Hükmünde Kararnamenin Değiştirilerek Kabul Edilmesine Dair Kanunun eki (III) sayılı listenin ilgili sıralarından ve 31/10/2016 tarihli ve 677 sayılı Olağanüstü Hal Kapsamında Bazı Tedbirler Alınması Hakkında Kanun Hükmünde Kararnamenin eki (6) sayılı listenin ilgili sıralarından çıkarılmıştır. 6749 sayılı Kanunun 2 nci maddesi hükümleri ile 677 sayılı Kanun Hükmünde Kararnamenin 3 üncü maddesinin ikinci fıkrası hükümleri, söz konusu dernekler bakımından tüm hüküm ve sonuçlarıyla birlikte ilgili kanun hükmünde kararnamenin yürürlük tarihinden geçerli olmak üzere ortadan kalkmış sayılır. Buna ilişkin işlemler ilgisine göre İçişleri Bakanlığı ve Maliye Bakanlığı tarafından yerine getirilir."},{"type":"text","content":"\\(4\\) Ekli (7) sayılı listede yer alan gazeteler, ilgisine göre 8/11/2016 tarihli ve 6755 sayılı Olağanüstü Hal Kapsamında Alınması Gereken Tedbirler ile Bazı Kurum ve Kuruluşlara Dair Düzenleme Yapılması Hakkında Kanun Hükmünde Kararnamenin Değiştirilerek Kabul Edilmesine Dair Kanunun eki (3) sayılı listenin ilgili sıralarından ve 3/10/2016 tarihli ve 675 sayılı Olağanüstü Hal Kapsamında Bazı Tedbirler Alınması Hakkında Kanun Hükmünde Kararnamenin eki (7) sayılı listenin ilgili sıralarından çıkarılmıştır. 6755 sayılı Kanunun 2 nci maddesinin üçüncü fıkrası hükümleri ile 675 sayılı Kanun Hükmünde Kararnamenin 5 inci maddesinin birinci fıkrası hükümleri, söz konusu gazeteler bakımından tüm hüküm ve sonuçlarıyla birlikte ilgili kanun hükmünde kararnamenin yürürlük tarihinden geçerli olmak üzere ortadan kalkmış sayılır."}]},{"type":"header","content":"Değişiklik hükümleri[\\[2\\]](#X424ae1dfb199fdaa161d17bdce77f94503db3d6)"},{"type":"madde","maddeStr":"MADDE 6-","number":6,"content":"(1) 15/8/2016 tarihli ve 670 sayılı Olağanüstü Hal Kapsamında Alınması Gereken Tedbirler Hakkında Kanun Hükmünde Kararnamenin 5 inci maddesinin beşinci fıkrası aşağıdaki şekilde değiştirilmiştir;","subsections":[{"type":"text","content":"“(5) Borçların ödenmesinde, kamu idarelerine ödenmesi gereken vergi, resim, harç, fon kesintisi, pay gibi borçlar, çalışanların sigorta primleri, rehinli alacaklar, enerji, iletişim ve su kullanım borçları, çeşidine bakılmaksızın beşyüz Türk Lirasını geçmeyen borçlar ve diğerleri şeklinde sıralama esas alınır. Kapatılan özel öğretim kurum ve kuruluşları, kurs, dershane, öğrenci yurtları ve pansiyonlara avans veya peşin ödeme şeklinde kapatma tarihinden sonraki dönemler için ifa edilmiş olan öğrenim ve barınma bedelleri, yukarıda belirtilen sıraya tabi tutulmaksızın iade edilir.”"},{"type":"text","content":"\\(2\\) 15/8/2016 tarihli ve 672 sayılı Olağanüstü Hal Kapsamında Kamu Personeline İlişkin Alınan Tedbirlere Dair Kanun Hükmünde Kararnamenin eki (1) sayılı listenin Ulaştırma, Denizcilik ve Haberleşme Bakanlığı Merkez/Taşra Teşkilatı başlıklı bölümünün 55 inci sırasının sicil numaralarına ilişkin sütununda yer alan “12447803” ibaresi “13958213” şeklinde değiştirilmiştir."},{"type":"text","content":"\\(3\\) 15/8/2016 tarihli ve 673 sayılı Olağanüstü Hal Kapsamında Bazı Tedbirler Alınması Hakkında Kanun Hükmünde Kararnamenin 5 inci maddesi aşağıdaki şekilde değiştirilmiştir."},{"type":"text","content":"“MADDE 5- (1) 21/3/2007 tarihli ve 5607 sayılı Kaçakçılıkla Mücadele Kanunu kapsamında ikramiye ödemesi yapılması gereken kişilerden; terör örgütlerine aidiyeti, iltisakı veya irtibatı olduğunun değerlendirilmesi üzerine kamu görevinden çıkarılanların paylarına düşen miktarlar ödenmez. Aynı nedenle haklarında adli veya idari soruşturma veya kovuşturma yürütülen kişilerin paylarına düşen miktarlar ise soruşturma veya kovuşturma sonuçlanıncaya kadar 10/12/2013 tarihli ve 5018 sayılı Kamu Malî Yönetimi ve Kontrol Kanunu kapsamında emanete alınır.”"},{"type":"text","content":"\\(4\\) 3/10/2016 tarihli ve 675 sayılı Olağanüstü Hal Kapsamında Bazı Tedbirler Alınması Hakkında Kanun Hükmünde Kararnamenin 10 uncu maddesinin ikinci fıkrasına aşağıdaki cümle eklenmiştir."},{"type":"text","content":"“Birinci fıkranın (b) bendi kapsamındaki borç yükümlülükleri çerçevesinde bu Kanun Hükmünde Kararnamenin yayımlandığı tarihe kadar tahsil edilmiş olan tutarlar geri ödenmez.”"},{"type":"text","content":"\\(5\\) 31/10/2016 tarihli ve 677 sayılı Olağanüstü Hal Kapsamında Bazı Tedbirler Alınması Hakkında Kanun Hükmünde Kararnamenin eki (4) numaralı listenin Yüksek Öğretim Kurumları-İdari Personel başlıklı bölümünün 469 uncu sırasının Unvan sütununda yer alan “Personel Dairesi Başkanı” ibaresi “Veri Hazırlama ve Kontrol İşletmeni” şeklinde, aynı listenin Hâkimler ve Savcılar Yüksek Kurulu başlıklı bölümünün 15 inci sırasının Sicil sütununda yer alan “400373” ibaresi “400185” şeklinde değiştirilmiştir."},{"type":"text","content":"\\(6\\) 31/10/2016 tarihli ve 678 sayılı Olağanüstü Hal Kapsamında Bazı Düzenlemeler Yapılması Hakkında Kanun Hükmünde Kararnamenin 37 nci maddesinin ikinci fıkrasında yer alan “alacaklıdan” ibaresi “borçludan” şeklinde değiştirilmiştir."}]},{"type":"header","content":"Yürürlük"},{"type":"madde","maddeStr":"MADDE 7-","number":7,"content":"(1) Bu Kanunun;","subsections":[{"type":"text","content":"a\\) 6 ncı maddesinin ikinci fıkrası 1/9/2016 tarihinden, beşinci ve altıncı fıkraları 22/11/2016 tarihinden geçerli olmak üzere yayımı tarihinde,"},{"type":"text","content":"b\\) Diğer hükümleri yayımı tarihinde,"},{"type":"text","content":"yürürlüğe girer."}]},{"type":"header","content":"Yürütme"},{"type":"madde","maddeStr":"MADDE 8-","number":8,"content":"(1) Bu Kanun hükümlerini Bakanlar Kurulu yürütür.","subsections":[{"type":"text","content":"*[**\\[1\\]**](#Xf4c8113f07524640efcbf4d5822e1fc633a9e60) Bu Kanunun ekinde yer alan listeler için 8/3/2018 tarihli ve 30354 (Mükerrer) sayılı Resmi Gazete’ye bakınız.*"},{"type":"text","content":"*[**\\[2\\]**](#X6ae359e89ea24432127ac5e463063b1e05d509f) Bu madde hükmü; 670 sayılı KHK’nin 8/2/2018 tarihli ve 7091 sayılı Kanun ile, 672 sayılı KHK’nin 6/2/2018 tarihli ve 7080 sayılı Kanun, 673 sayılı KHK’nin 6/2/2018 tarihli ve 7081 sayılı Kanun, 675 sayılı KHK’nin 6/2/2018  tarihli ve 7082 sayılı Kanun, 677 sayılı KHK’nin 6/2/2018  tarihli ve 7083 sayılı Kanun, 678 sayılı KHK’nin 1/2/2018  tarihli ve 7071 sayılı Kanun  ile  kanunlaşması nedeniyle aynen muhafaza edilmiştir.*"}]}]