[{"type":"header","content":"1924 TARİH VE 491 SAYILI TEŞKİLÂTI ESASİYE KANUNUNUN BAZI"},{"type":"header","content":"HÜKÜMLERİNİN KALDIRILMASI VE BAZI HÜKÜMLERİNİN"},{"type":"header","content":"DEĞİŞTİRİLMESİ HAKKINDA GEÇİCİ KANUNUN BAZI"},{"type":"header","content":"HÜKÜMLERİNİN YÜRÜRLÜKTEN KALDIRILMASI"},{"type":"header","content":"VE NEDEN OLUNAN MAĞDURİYETLERİN"},{"type":"header","content":"GİDERİLMESİ HAKKINDA KANUN"},{"type":"header","content":"Kanun Numarası                    : 7248"},{"type":"header","content":"Kabul Tarihi                           : 23/6/2020"},{"type":"header","content":"Yayımlandığı Resmî Gazete   : Tarih : 1/7/2020         Sayı : 31172"},{"type":"madde","maddeStr":"MADDE 1 –","number":1,"content":"(1) 12/6/1960 tarihli ve 1 sayılı 1924 Tarih ve 491 Sayılı Teşkilâtı Esasiye Kanununun Bazı Hükümlerinin Kaldırılması ve Bazı Hükümlerinin Değiştirilmesi Hakkında Geçici Kanunun 6 ncı maddesi ile 24 üncü maddesinin ikinci fıkrası yürürlükten kaldırılmıştır.","subsections":[]},{"type":"madde","maddeStr":"GEÇİCİ MADDE 1 –","number":1,"content":"(1) 12/6/1960 tarihli ve 1 sayılı Kanunun 6 ncı maddesinin yürürlükten kaldırılması sebebiyle varlığı hukuki dayanaktan mahrum Yüksek Adalet Divanının hükümsüz hale gelen bütün kararlarının adli sicil ve her türlü arşiv kayıtlarından silinmesi, Adalet Bakanlığı tarafından resen yerine getirilir.","subsections":[{"type":"text","content":"\\(2\\) 1 sayılı Kanunun 6 ncı maddesi uyarınca kurulan Yüksek Soruşturma Kurulu ile Yüksek Adalet Divanı tarafından haklarında soruşturma ve kovuşturma yürütülenlerin bu soruşturma ve kovuşturmalar sebebiyle uğradıkları manevî zararlar Hazine tarafından karşılanır. Bu kişilerin malvarlığı değerlerinin müsadere edilmesinden kaynaklanan maddi zararları da karşılanır."},{"type":"text","content":"\\(3\\) İkinci fıkra kapsamında zarar görenler veya mirasçıları tarafından zararlarının karşılanması istemiyle yapılacak başvuruları değerlendirmek ve karara bağlamak üzere, Cumhurbaşkanı tarafından bir Komisyon kurulur. Komisyonun çalışma usul ve esasları, Cumhurbaşkanı tarafından belirlenir. Bu madde kapsamında zararlarının karşılanmasını isteyenler, Komisyonun çalışma usul ve esaslarının Resmi Gazete’de yayımlanmasını izleyen üç ay içinde Komisyona başvurarak ikinci fıkra kapsamındaki zararlarının tazminini isteyebilirler."},{"type":"text","content":"\\(4\\) Komisyon kararlarına karşı, kararın tebliğini izleyen on beş gün içinde bir defaya mahsus olmak üzere Komisyona itiraz başvurusunda bulunulabilir. İtiraz üzerine verilen kararlara karşı ilk derece mahkemesi sıfatıyla Danıştayda dava açılabilir. Bu davalar acele işlerden sayılır."},{"type":"text","content":"\\(5\\) Bu madde uyarınca Komisyona yapılacak başvurular için herhangi bir ad altında ücret talep edilmez. Komisyonun itiraz üzerine verdiği kararlara karşı Danıştayda açılacak davalarda karar ve ilam harcı maktu alınır ve dava sonunda maktu vekâlet ücretine hükmedilir."},{"type":"text","content":"\\(6\\) Komisyon tarafından başvurular değerlendirilirken ihtiyaç duyulan bilgi ve belgeler ilgili gerçek veya tüzel kişilerden istenebilir. Kamu kurum ve kuruluşları, bu husustaki talepleri belirlenen süre içinde yerine getirmek zorundadır."},{"type":"text","content":"\\(7\\) Bu madde kapsamında maddi zararların karşılanması talepleri karara bağlanırken, uğranıldığı kesin olan ancak aradan geçen zaman sebebiyle tutar yönünden tespiti teknik olarak mümkün olmayan zararlar açısından hakkaniyete uygun bir miktarın ödenmesine karar verilir."},{"type":"text","content":"\\(8\\) Kamu kurum ve kuruluşları, Yüksek Soruşturma Kurulu ve Yüksek Adalet Divanına ait her türlü arşivlik ve arşiv belgesini bu maddenin yürürlüğe girdiği tarihten itibaren otuz gün içinde Türkiye Büyük Millet Meclisi Başkanlığına devrederler."}]},{"type":"madde","maddeStr":"MADDE 2 –","number":2,"content":"(1) Bu Kanunun;","subsections":[{"type":"text","content":"a\\) l inci maddesi 27/5/1960 tarihinden itibaren geçerli olmak üzere yayımı tarihinde,"},{"type":"text","content":"b\\) Diğer maddeleri yayımı tarihinde,"},{"type":"text","content":"yürürlüğe girer."}]},{"type":"madde","maddeStr":"MADDE 3 –","number":3,"content":"(1) Bu Kanun hükümlerini Cumhurbaşkanı yürütür.","subsections":[]}]