[{"type":"header","content":"ORMAN KANUNU VE BAZI KANUNLARDA DEĞİŞİKLİK YAPILMASINA"},{"type":"header","content":"DAİR KANUN"},{"type":"header","content":"Kanun Numarası                    : 7442"},{"type":"header","content":"Kabul Tarihi                            : 23/3/2023"},{"type":"header","content":"Yayımlandığı Resmî Gazete   : Tarih : 5/4/2023           Sayı : 32154"},{"type":"header","content":"MADDE 1- 12/6/1933 tarihli ve 2313 sayılı Uyuşturucu Maddelerin Murakabesi Hakkında Kanun ile ilgili olup yerine işlenmiştir."},{"type":"header","content":"MADDE 2, 3, 4, 5- 18/4/2006 tarihli ve 5488 sayılı Tarım Kanunu ile ilgili olup yerine işlenmiştir."},{"type":"header","content":"MADDE 6, 7, 8- 10/7/1953 tarihli ve 6132 sayılı At Yarışları Hakkında Kanun ile ilgili olup yerine işlenmiştir."},{"type":"freeText","content":"            **MADDE 9, 10, 11, 12, 13, 14, 15, 16, 17, 18, 19, 20, 21, 22, 23, 24, 25, 26, 27, 2, 29, 32, 31, 32- 31/8/1956 tarihli ve 6831 sayılı Orman Kanunu** **ile ilgili olup yerine işlenmiştir.**"},{"type":"header","content":"MADDE 33, 34, 35- 3/11/1980 tarihli ve 2330 sayılı Nakdi Tazminat ve Aylık Bağlanması Hakkında Kanun ile ilgili olup yerine işlenmiştir."},{"type":"header","content":"MADDE 36- 21/6/1987 tarihli ve 3402 sayılı Kadastro Kanunu ile ilgili olup yerine işlenmiştir."},{"type":"header","content":"MADDE 37- 3/7/2005 tarihli ve 5403 sayılı Toprak Koruma ve Arazi Kullanımı Kanunu ile ilgili olup yerine işlenmiştir."},{"type":"header","content":"MADDE 38- 4/5/2007 tarihli ve 5648 sayılı Tarım ve Kırsal Kalkınmayı Destekleme Hizmetleri Hakkında Kanun ile ilgili olup yerine işlenmiştir."},{"type":"header","content":"MADDE 39- 19/4/2012 tarihli ve 6292 sayılı Orman Köylülerinin Kalkınmalarının Desteklenmesi ve Hazine Adına Orman Sınırları Dışına Çıkarılan Yerlerin Değerlendirilmesi ile Hazineye Ait Tarım Arazilerinin Satışı Hakkında Kanun ile ilgili olup yerine işlenmiştir."},{"type":"freeText","content":"GEÇİCİ MADDE 1- (1) 6/2/2023 tarihinde meydana gelen depremler nedeniyle olağanüstü hal ilan edilen illerde faaliyet gösteren kooperatifler ile üst kuruluşları, 24/4/1969 tarihli ve 1163 sayılı Kooperatifler Kanunu kapsamında olağan genel kurul toplantılarını 31/12/2023 tarihine kadar, yapı kooperatifleri ve üst kuruluşları ise olağan genel kurullarını 2023 mali yılı olağan genel kurul toplantısı ile birleştirerek 30/6/2024 tarihine kadar yapabilirler. Ancak bu illerde ortakları bulunan tarımsal amaçlı kooperatif birlikleri ile bunların merkez birliklerinin genel kurul toplantıları 31/12/2023 tarihinden önce yapılamaz. Bu tarihlere kadar görev süreleri dolacak olan mevcut organların görev, yetki ve sorumlulukları yapılacak olan genel kurul toplantısına kadar devam eder."},{"type":"freeText","content":"(2) 6/2/2023 tarihinde meydana gelen depremler nedeniyle olağanüstü hal ilan edilen illerde faaliyet gösteren 11/6/2010 tarihli ve 5996 sayılı Veteriner Hizmetleri, Bitki Sağlığı, Gıda ve Yem Kanunu ile 29/6/2004 tarihli ve 5200 sayılı Tarımsal Üretici Birlikleri Kanunu kapsamındaki birliklerin genel kurul toplantıları 31/12/2023 tarihine kadar yapılır. Bu birliklerin üst örgütlenmesi olan merkez birliklerinin genel kurul toplantıları ise 31/12/2023 tarihinden önce yapılamaz. Mevcut organların görev, yetki ve sorumlulukları yapılacak olan genel kurul toplantısına kadar devam eder."},{"type":"madde","maddeStr":"MADDE 40-","number":40,"content":"(1) Bu Kanunun;","subsections":[{"type":"text","content":"a\\) 13 üncü, 14 üncü ve 15 inci maddeleri yayımı tarihinden altı ay sonra,"},{"type":"text","content":"b\\) Diğer maddeleri yayımı tarihinde,"},{"type":"text","content":"yürürlüğe girer."}]},{"type":"madde","maddeStr":"MADDE 41-","number":41,"content":"(1) Bu Kanun hükümlerini Cumhurbaşkanı yürütür.","subsections":[]}]