[{"type":"header","content":"ELEKTRİK PİYASASI KANUNU İLE BAZI KANUNLARDA VE 375 SAYILI KANUN HÜKMÜNDE KARARNAMEDE DEĞİŞİKLİK YAPILMASINA DAİR KANUN"},{"type":"header","content":"Kanun Numarası                    : 7429"},{"type":"header","content":"Kabul Tarihi                           : 22/12/2022"},{"type":"header","content":"Yayımlandığı Resmî Gazete   : Tarih:28/12/2022      Sayı: 32057"},{"type":"header","content":"MADDE 1- 24/11/1994 tarihli ve 4046 sayılı Özelleştirme Uygulamaları Hakkında Kanun ile ilgili olup yerine işlenmiştir."},{"type":"header","content":"MADDE 2- 18/4/2001 tarihli ve 4646 sayılı Doğal Gaz Piyasası Kanunu ile ilgili olup yerine işlenmiştir."},{"type":"header","content":"MADDE 3- 28/3/2002 tarihli ve 4749 sayılı Kamu Finansmanı ve Borç Yönetiminin Düzenlenmesi Hakkında Kanun ile ilgili olup yerine işlenmiştir."},{"type":"header","content":"MADDE 4- 22/5/2003 tarihli ve 4857 sayılı İş Kanunu ile ilgili olup yerine işlenmiştir."},{"type":"header","content":"MADDE 5, 6 - 31/5/2006 tarihli ve 5510 sayılı Sosyal Sigortalar ve Genel Sağlık Sigortası Kanunu ile ilgili olup yerine işlenmiştir."},{"type":"header","content":"MADDE 7, 8, 9- 14/3/2013 tarihli ve 6446 sayılı Elektrik Piyasası Kanunu ile ilgili olup yerine işlenmiştir."},{"type":"header","content":"MADDE 10- 1/2/2018 tarihli ve 7075 sayılı Olağanüstü Hal İşlemleri İnceleme Komisyonu Kurulması Hakkında Kanun Hükmünde Kararnamenin Değiştirilerek Kabul Edilmesine Dair Kanun ile ilgili olup  yerine işlenmiştir."},{"type":"header","content":"MADDE 11, 12- 27/6/1989 tarihli ve 375 sayılı Kanun Hükmünde Kararname ile ilgili olup yerine işlenmiştir."},{"type":"madde","maddeStr":"GEÇİCİ MADDE 1-","number":1,"content":"(1) Türkiye Elektrik Dağıtım Anonim Şirketinin (TEDAŞ) özelleştirme devir işlemleri esnasında TEDAŞ’a devredilmiş olan elektrik tüketiminden kaynaklanan alacaklarından bu maddenin yürürlüğe girdiği tarih itibarıyla asıl alacak tutarı iki bin Türk lirasını aşmayan alacaklar ile Türkiye Cumhuriyeti kimlik numarası, vergi kimlik numarası tespit edilememesi nedeniyle ulaşılamayan, feshedilmiş, ticaret sicilinden terkin edilmiş ve tasfiye edilmiş aboneliklere ilişkin alacakları tüm ferileriyle birlikte terkin edilir.","subsections":[{"type":"text","content":"\\(2\\) Birinci fıkra kapsamında terkin edilen alacaklar için açılan dava ve icra takipleri sona erer. Bu madde kapsamında sona erdirilen icra takipleri için 2/7/1964 tarihli ve 492 sayılı Harçlar Kanunu uyarınca alınması gereken harçlar ile 30/6/1934 tarihli ve 2548 sayılı Ceza Evleriyle Mahkeme Binaları İnşası Karşılığı Olarak Alınacak Harçlar ve Mahkûmlara Ödettirilecek Yiyecek Bedelleri Hakkında Kanunun 1 inci maddesinde düzenlenen harç alınmaz. Evvelce alınan harçlar iade edilmez. Bu madde kapsamında takibi sona eren dava ve icra dosyaları ile ilgili olarak yargılama gideri ve vekâlet ücreti talebinde bulunulamaz."},{"type":"text","content":"(3) TEDAŞ’ın elektrik tüketiminden kaynaklanan ve özelleştirme devir işlemleri esnasında TEDAŞ’a devredilmiş birinci fıkra kapsamı dışında kalan alacakları aşağıdaki hükümler uyarınca yapılandırılır."},{"type":"text","content":"a\\) Vadesi 1/10/2021 tarihi (bu tarih dâhil) itibarıyla geldiği hâlde bu maddenin yürürlüğe girdiği tarih itibarıyla ödenmemiş ve yapılandırılmamış olan alacaklarının asıllarının tamamının, 2023 yılının Eylül ayının son gününe kadar TEDAŞ’a yazılı başvuruda bulunulması ve ödenmesi gereken tutarın ilk taksitinin 2023 yılının Ekim ayının son gününe kadar ve bakiyesinin her yılın ekim ayı son gününe kadar toplam beş eşit taksitte ödenmesi şartıyla, bu alacakların ödenen kısmına isabet eden ferilerinin tahsilinden vazgeçilir. Bu bent hükümlerine uygun olarak ödeme yapıldığı takdirde, bu maddenin yürürlüğe girdiği tarihten sonraki sürelere herhangi bir faiz, zam ve katsayı uygulanmaz. Tarımsal sulamada kullanılan elektrik tüketiminden kaynaklanan alacakların bu bentte belirtilen taksit ödeme zamanını, alacakların bulunduğu bölgeler, iller, ürünlerin hasat dönemleri dikkate alınarak değiştirmeye TEDAŞ Yönetim Kurulu yetkilidir."},{"type":"text","content":"b\\) Bu fıkranın (a) bendine göre ödenmesi gereken taksitlerden birinin süresinde ödenmemesi hâlinde ödenmeyen veya eksik ödenen taksit tutarının (a) bendine göre izleyen taksit ile birlikte gecikilen süre ve kesri için 21/7/1953 tarihli ve 6183 sayılı Amme Alacaklarının Tahsil Usulü Hakkında Kanunun 51 inci maddesine göre belirlenen gecikme zammı oranında hesaplanacak geç ödeme zammı ile birlikte ödenmesi şartıyla bu madde hükümlerinden yararlanmaya devam edilir."},{"type":"text","content":"c\\) Bu fıkra kapsamında belirlenen şartlara göre ödemelerin yapılmaması hâlinde bu fıkra hükümlerinden yararlanma hakkı kaybedilir."},{"type":"text","content":"ç) Bu fıkra hükümlerinden yararlanma hakkının kaybedilmesi hâlinde borçlular ödedikleri tutarlar ve süre kadar bu fıkra hükümlerinden yararlanırlar."},{"type":"text","content":"d\\) Bu fıkra kapsamına giren alacaklarla ilgili olarak davaya konu olmuş ya da icra takibi başlatılmış tüm alacaklara 23/2/2017 tarihli ve 6824 sayılı Bazı Alacakların Yeniden Yapılandırılması ile Bazı Kanun ve Kanun Hükmünde Kararnamelerde Değişiklik Yapılmasına Dair Kanunun 2 nci maddesinin birinci fıkrasının (i), (j), (k), (1) ve (m) bentleri gereğince işlem yapılır."},{"type":"text","content":"e\\) Bu fıkranın yürürlüğe girdiği tarihten önce kısmen tahsil edilmiş olan alacakların bakiyesinin bu fıkra hükümlerine göre yapılandırılması hâlinde tahsil edilen tutarların reddi ve iadesi yapılmaz."},{"type":"text","content":"f\\) Bu fıkra kapsamına giren tüm alacaklarla ilgili olarak 2027 yılı Ekim ayı son gününe kadar ilgili kanunlarda öngörülen zamanaşımı süreleri işlemez."},{"type":"text","content":"g\\) Bu fıkranın uygulanmasına ilişkin usul ve esaslar TEDAŞ tarafından belirlenir."}]},{"type":"madde","maddeStr":"MADDE 13-","number":13,"content":"(1) Bu Kanun yayımı tarihinde yürürlüğe girer.","subsections":[]},{"type":"madde","maddeStr":"MADDE 14-","number":14,"content":"(1) Bu Kanun hükümlerini Cumhurbaşkanı yürütür.","subsections":[]}]