[{"type":"header","content":"TÜRKİYE TURİZM TANITIM VE GELİŞTİRME"},{"type":"header","content":"AJANSI HAKKINDA KANUN"},{"type":"header","content":"Kanun Numarası                    : 7183"},{"type":"header","content":"Kabul Tarihi                           : 11/7/2019"},{"type":"header","content":"Yayımlandığı Resmî Gazete   : Tarih : 15/7/2019         Sayı : 30832"},{"type":"header","content":"BİRİNCİ BÖLÜM"},{"type":"header","content":"Amaç, Kapsam ve Tanımlar"},{"type":"header","content":"Amaç ve kapsam"},{"type":"madde","maddeStr":"MADDE 1 –","number":1,"content":"(1) Bu Kanunun amacı; Türkiye’nin turizm hedeflerine ulaşmasını teminen; turizm imkân ve fırsatlarının dünyada tanıtılmasına, turizm potansiyelinin tüm yönleri ile değerlendirilerek ülke ekonomisine kazandırılmasına, turizm yatırımlarının, turizmin ülke ekonomisindeki payının ve turizm sektörünün hizmet kalitesinin artırılmasına yönelik faaliyetlerde bulunmak, destek ve kaynak sağlamak amacıyla Türkiye Turizm Tanıtım ve Geliştirme Ajansının kurulması, yönetimi, denetimi, gelirleri ve faaliyetlerine ilişkin usul ve esasları düzenlemektir.","subsections":[{"type":"text","content":"\\(2\\) Bu Kanun; Türkiye Turizm Tanıtım ve Geliştirme Ajansının kuruluşu, yönetimi, denetimi, faaliyet konuları ve gelirlerine ilişkin usul ve esasları kapsar."}]},{"type":"header","content":"Tanımlar"},{"type":"madde","maddeStr":"MADDE 2 –","number":2,"content":"(1) Bu Kanunda geçen;","subsections":[{"type":"text","content":"a\\) Ajans: Türkiye Turizm Tanıtım ve Geliştirme Ajansını,"},{"type":"text","content":"b\\) Bakan: Kültür ve Turizm Bakanını,"},{"type":"text","content":"c\\) Bakanlık: Kültür ve Turizm Bakanlığını,"},{"type":"text","content":"ifade eder."}]},{"type":"header","content":"İKİNCİ BÖLÜM"},{"type":"header","content":"Kuruluş, Faaliyet Alanı ve Gelirler"},{"type":"header","content":"Kuruluş"},{"type":"madde","maddeStr":"MADDE 3 –","number":3,"content":"(1) Bu Kanunda yazılı olan görevleri yerine getirmek ve yetkileri kullanmak üzere Bakanlıkla ilgili, tüzel kişiliği haiz, bu Kanunda belirtilen hususlar dışında özel hukuk hükümlerine tabi, Türkiye Turizm Tanıtım ve Geliştirme Ajansı kurulmuştur.","subsections":[{"type":"text","content":"\\(2\\) Ajansın organları; Yönetim Kurulu, İcra Kurulu ve Danışma Kuruludur."},{"type":"text","content":"\\(3\\) **(Değişik:3/11/2022-7420/36 md.)** Ajansın karar organı Yönetim Kuruludur. Yönetim Kurulu; Tanıtma Genel Müdürlüğünden sorumlu Bakan Yardımcısının başkanlığında, Tanıtma Genel Müdürü, Türk Hava Yolları Yönetim Kurulu Başkanı, Devlet Hava Meydanları İşletmesi Genel Müdürlüğü tarafından işletilenler hariç olmak üzere havalimanı ve terminal işletmelerini temsilen en yüksek cirosu olan ilk iki işletme arasından her üç yılda bir sırayla görevlendirecekleri bir kişi, Bakanlıktan turizm işletmesi belgeli bileşik tesisler ile konaklama tesislerinin bulundukları coğrafi bölge bazında temsilini sağlamak üzere Marmara ve Akdeniz Bölgelerinden üçer üye, Ege Bölgesinden iki üye, Karadeniz, İç Anadolu, Doğu Anadolu ve Güneydoğu Anadolu Bölgelerinden birer üye olacak şekilde her belge bir oy yerine geçmek suretiyle kendi aralarında yapılacak seçim sonucunda üç yıl süreyle Yönetim Kurulunda görevlendirecekleri on iki kişi, seyahat acentası işletme belgesi sahiplerinin ilgili mevzuatı uyarınca kendi aralarında yapacakları seçimle belirlenecek bir kişi ve Bakanlıktan turizm işletme belgeli yeme-içme ve eğlence tesisleri ile deniz turizmi tesislerinin temsilini sağlamak üzere ülke çapında yapılacak seçimle üç yıl süreyle belirlenecek bir kişi olmak üzere toplam on sekiz üyeden oluşur. Bakanlıktan turizm işletmesi belgeli tesislerin temsilcilerinin seçimlerine ilişkin işlemler Ajans tarafından yürütülür."},{"type":"text","content":"\\(4\\) Ajansın yürütme organı İcra Kuruludur. İcra Kurulu; Tanıtma Genel Müdürlüğünden sorumlu Bakan Yardımcısının Başkanlığında, Tanıtma Genel Müdürü, Bakanlıktan turizm işletmesi belgeli tesislerden Marmara, Akdeniz ve Ege Bölgelerini temsil eden Yönetim Kurulu üyeleri arasından Bakan Yardımcısı tarafından seçilen üç üye olmak üzere toplam beş üyeden oluşur.[\\[1\\]](#Xc217c44f9d6f9d647df03178eb8b64fb8f54252)"},{"type":"text","content":"\\(5\\) Yönetim Kuruluna ve İcra Kuruluna danışmanlık etmek ve tavsiyelerde bulunmak üzere Danışma Kurulu oluşturulur. Türkiye Odalar ve Borsalar Birliği Başkanı, Türkiye Seyahat Acenteleri Birliği Başkanı, Türkiye Otelciler Federasyonu Başkanı, Türkiye Otelciler Birliği Başkanı, dönüşümlü olarak görev yapmak üzere otel yöneticileri derneklerinden en fazla üyesi olan iki derneğin başkanlarından biri, Türkiye Turizm Yatırımcıları Derneği Başkanı ile Turizm Restoran Yatırımcıları ve Gastronomi İşletmeleri Derneği Başkanı ve Türkiye Belediyeler Birliği Başkanı Ajansın Danışma Kurulunun doğal üyesidir.[\\[2\\]](#X424ae1dfb199fdaa161d17bdce77f94503db3d6)"},{"type":"text","content":"\\(6\\) Ajansın Yönetim Kurulu, İcra Kurulu ve Danışma Kurulunun yetki ve görevleri, Ajans yöneticisinin atanması, Ajansın teşkilat yapısı ile çalışmasına ilişkin usul ve esaslar Bakanlık tarafından yürürlüğe konulan yönetmelikle belirlenir."},{"type":"text","content":"\\(7\\) Yönetim Kurulu, İcra Kurulu ve Danışma Kurulu üyelerine bu görevlerinden dolayı herhangi bir ücret veya huzur hakkı ödenmez."}]},{"type":"header","content":"Faaliyet alanları"},{"type":"madde","maddeStr":"MADDE 4 –","number":4,"content":"(1) Ajans, Bakanlıkça belirlenen turizm strateji ve politikaları doğrultusunda;","subsections":[{"type":"text","content":"a\\) Türkiye’nin turizm hedeflerine ulaşmasına ve turizm olanaklarının dünyada tanıtılmasına ve pazarlanmasına ilişkin strateji geliştirir ve tanıtım faaliyetlerini yürütür."},{"type":"text","content":"b\\) Turizm sektörü ve pazarının ihtiyaçlarını ve eğilimlerini belirleyerek ilgililere tavsiyelerde bulunur."},{"type":"text","content":"c\\) Turizm potansiyelinin tüm yönleri ile değerlendirilerek ülke ekonomisine kazandırılmasına, turizm yatırımlarının ve turizmin ülke ekonomisindeki payının artırılmasına yönelik çalışmaları yapar."},{"type":"text","content":"ç) Turizm sektörünün hizmet kalitesinin ve niteliğinin artırılması amacıyla gerekli tüm çalışmaları yürütür."},{"type":"text","content":"d\\) Turizmin ülke ekonomisindeki payının artırılması amacıyla bu Kanunda belirtilen amaçları gerçekleştirmek üzere diğer her türlü faaliyet, iş ve işlemleri yapabilir, destek ve kaynak sağlayabilir."},{"type":"text","content":"\\(2\\) Ajans, faaliyetleri ile ilgili olarak yurt içi ve yurt dışından hibe alabilir."}]},{"type":"header","content":"Ajansın gelirleri"},{"type":"madde","maddeStr":"MADDE 5 –","number":5,"content":"(1) Ajansın gelirleri;","subsections":[{"type":"text","content":"a\\) Genel bütçeden aktarılan tutarlardan,"},{"type":"text","content":"b\\) 6 ncı maddeye göre alınacak turizm paylarından,"},{"type":"text","content":"c\\) Her türlü bağış ve yardımlardan,"},{"type":"text","content":"ç) Ajansın faaliyetlerinden elde edilen gelirlerden,"},{"type":"text","content":"d\\) Diğer gelirlerden,"},{"type":"text","content":"oluşur."},{"type":"text","content":"\\(2\\) Ajansın gelirlerinin en az yüzde seksen beşi, ülke turizminin tanıtılmasına yönelik faaliyetlerin, kalan kısmı ise diğer faaliyetlerin finansmanında kullanılır."},{"type":"text","content":"\\(3\\) Ajansın bütçesi, Ajansın yıllık program ve faaliyetleri dikkate alınarak İcra Kurulu tarafından bir yıllık olarak hazırlanır ve her yıl ağustos ayı sonuna kadar Yönetim Kuruluna sunulur. Yönetim Kurulu tarafından incelendikten sonra uygun bulunan Ajansın bütçesi Bakan onayı ile yürürlüğe girer. Bütçe yılı takvim yılıdır, bütçe dışı harcama yapılamaz. Yönetim Kurulu yıllara sâri harcama yapmaya yetkilidir. Ajans bütçesinde cari yıl içinde harcanmayan tutarlar bir sonraki yıl bütçesine devredilir."},{"type":"text","content":"\\(4\\) Ajans bütçesinin hazırlanması, uygulanması, harcamaların yapılması ve muhasebeleştirilmesine ilişkin usul ve esaslar ilgili kurumların görüşü çerçevesinde Bakanlıkça çıkarılan yönetmelikte düzenlenir."}]},{"type":"header","content":"Turizm payı"},{"type":"madde","maddeStr":"MADDE 6 –","number":6,"content":"(1) Ajansın kuruluş amaçlarının gerçekleştirilmesi ve faaliyetlerin finansmanında kullanılmak üzere turizm payı alınır.","subsections":[{"type":"text","content":"\\(2\\) Turizm payı;"},{"type":"text","content":"a\\) Bileşik tesisler ile konaklama tesislerinden binde yedi buçuk,"},{"type":"text","content":"b\\) Bakanlıktan belgeli yeme-içme ve eğlence tesislerinden binde yedi buçuk,"},{"type":"text","content":"c\\) Deniz turizmi tesisleri ile Bakanlıktan belgeli deniz turizmi araçlarından binde yedi buçuk,"},{"type":"text","content":"ç) Seyahat acentalarından (münferit uçak bileti satışları hariç) on binde yedi buçuk,"},{"type":"text","content":"d\\) Havayolu işletmelerinden (ticari yolcu taşımacılığı faaliyetlerinden) on binde yedi buçuk,"},{"type":"text","content":"e\\) Devlet Hava Meydanları İşletmesi Genel Müdürlüğü tarafından işletilenler hariç olmak üzere havalimanı ve terminal işletmelerinden binde iki,"},{"type":"text","content":"oranında olmak üzere bu ticari işletmelerin yatırımcısı veya işletmecisi olan gerçek veya tüzel kişilerin bu işletmelerdeki faaliyetleri sonucunda elde ettikleri net satış ve kira gelirlerinin toplamı üzerinden alınır. Kış, termal, sağlık, kırsal ve nitelikli spor turizmi gibi Bakanlık tarafından teşvik edilmesi uygun görülen turizm türlerinde faaliyet gösteren tesisler için bu oranlar yüzde elli indirimli olarak uygulanır."},{"type":"text","content":"\\(3\\) Turizm payı, 25/10/1984 tarihli ve 3065 sayılı Katma Değer Vergisi Kanununa göre vergi mükellefinin tabi olduğu vergilendirme dönemini takip eden ayın yirmi dördüncü günü sonuna kadar ilgililerin gelir veya kurumlar vergisi yönünden bağlı olduğu vergi dairesine, gelir veya kurumlar vergisi mükellefiyeti bulunmayanlar tarafından ise Gelir İdaresi Başkanlığınca belirlenecek vergi dairesine beyan edilerek aynı ayın yirmi altıncı günü akşamına kadar ödenir. Vergi dairesi tarafından turizm payının beyan, tarh, tahakkuk ve tahsili ile red ve iadesinde; 4/1/1961 tarihli ve 213 sayılı Vergi Usul Kanunu ve 21/7/1953 tarihli ve 6183 sayılı Amme Alacaklarının Tahsil Usulü Hakkında Kanun hükümleri uygulanır, tahsil edilen turizm payının yüzde beşi, genel bütçe geliri olarak ayrıldıktan sonra kalan kısmı emanet hesabına alınır ve en geç takip eden ayın yirminci günü Ajansın banka hesabına aktarılır."},{"type":"text","content":"\\(4\\) Ödenen turizm payı, kurumlar vergisi ve gelir vergisi mükellefleri tarafından matraha esas kazancın tespitinde gider olarak dikkate alınır."},{"type":"text","content":"\\(5\\) Bu maddenin uygulanması sırasında ortaya çıkabilecek hukuki ihtilafların çözümünde vergi mahkemeleri yetkilidir."},{"type":"text","content":"\\(6\\) Turizm payına ilişkin beyannamelerin verilme sürelerini, kapsama girenlerin turizm türleri, vergi veya mükellefiyet türleri itibarıyla ayrı ayrı veya birlikte aylık veya üç aylık dönemler hâlinde tespit etmeye, beyannamelerin; şekil, içerik ve eklerini belirlemeye, elektronik ortamda gönderilmesine zorunluluk getirmeye, yetki verilmiş gerçek veya tüzel kişiler aracı kılınarak gönderilmesi hususunda izin vermeye, bu kişileri aracı kılmaya veya zorunlu tutmaya ve uygulamaya, 1/6/1989 tarihli ve 3568 sayılı Serbest Muhasebeci Mali Müşavirlik ve Yeminli Mali Müşavirlik Kanunu kapsamında kalan meslek mensuplarına onaylatılmasına veya imzalatılmasına ilişkin usul ve esaslar ile turizm payının beyan ve ödeme sürelerini kanuni süresinden itibaren bir ayı geçmeyecek şekilde yeniden belirlemeye, Bakanlığın görüşünü alarak Hazine ve Maliye Bakanlığı yetkilidir."}]},{"type":"header","content":"ÜÇÜNCÜ BÖLÜM"},{"type":"header","content":"Son Hükümler"},{"type":"header","content":"Denetim"},{"type":"madde","maddeStr":"MADDE 7 –","number":7,"content":"(1) Ajansın Kamu Gözetimi, Muhasebe ve Denetim Standartları Kurumu tarafından yayımlanan Türkiye Finansal Raporlama Standartlarına uygun olarak hazırlanan yıllık finansal tabloları bağımsız denetime tabidir. Bağımsız denetim, Kamu Gözetimi, Muhasebe ve Denetim Standartları Kurumu tarafından kamu yararını ilgilendiren kuruluşların denetimini yapmak üzere yetkilendirilen bağımsız denetim kuruluşlarının en az üçünden teklif alınmak suretiyle İcra Kurulu tarafından yaptırılır.","subsections":[{"type":"text","content":"\\(2\\) Denetim sonucunda düzenlenen bağımsız denetim raporları Sayıştaya gönderilir. Sayıştay, münhasıran kendisine sunulan bağımsız denetim raporlarını esas alarak hazırlayacağı raporu Türkiye Büyük Millet Meclisine sunar."}]},{"type":"header","content":"Muafiyet ve istisnalar"},{"type":"madde","maddeStr":"MADDE 8 –","number":8,"content":"(1) Ajans, her türlü dava ve icra işleminde teminat yatırma mükellefiyetlerinden muaftır.","subsections":[{"type":"text","content":"\\(2\\) Ajans, bu Kanun kapsamındaki faaliyetleri nedeniyle düzenlenecek kâğıtlara ilişkin damga vergisinden muaftır."},{"type":"text","content":"\\(3\\) Ajans, 4/1/2002 tarihli ve 4734 sayılı Kamu İhale Kanununa, 14/7/1965 tarihli ve 657 sayılı Devlet Memurları Kanununa, 18/5/1994 tarihli ve 527 sayılı Memurlar ve Diğer Kamu Görevlileri ile İlgili Bazı Kanun ve Kanun Hükmünde Kararnamelerde Değişiklik Yapılmasına Dair Kanun Hükmünde Kararnameye, 4/7/2001 tarihli ve 631 sayılı Memurlar ve Diğer Kamu Görevlilerinin Mali ve Sosyal Haklarında Düzenlemeler ile Bazı Kanun ve Kanun Hükmünde Kararnamelerde Değişiklik Yapılması Hakkında Kanun Hükmünde Kararnameye ve bu Kanunun 7 nci maddesinin ikinci fıkrası hükmü hariç 3/12/2010 tarihli ve 6085 sayılı Sayıştay Kanununa tabi değildir.[\\[3\\]](#Xcd2106d7bad008753f2338f3adbb3432843d57e)"},{"type":"text","content":"\\(4\\) Ajansta, 22/5/2003 tarihli ve 4857 sayılı İş Kanununa tabi personel istihdam edilir. Kamu kurum ve kuruluşlarına personel alınmasına dair mevzuat hükümleri Ajans tarafından istihdam edilecek personel hakkında uygulanmaz."}]},{"type":"header","content":"Yönetmelik"},{"type":"madde","maddeStr":"MADDE 9 –","number":9,"content":"(1) Bu Kanunun uygulanmasıyla ilgili usul ve esaslar; 6 ncı maddenin uygulanmasıyla ilgili olanlar hakkında Hazine ve Maliye Bakanlığının görüşü alınmak suretiyle, Bakanlık tarafından yürürlüğe konulan yönetmelikle belirlenir.","subsections":[]},{"type":"header","content":"Yönetim Kuruluna üye seçilmesi"},{"type":"madde","maddeStr":"GEÇİCİ MADDE 1 –","number":1,"content":"(1) Ajansın Yönetim Kurulunda görev alması amacıyla; Devlet Hava Meydanları İşletmesi Genel Müdürlüğü tarafından işletilenler hariç olmak üzere havalimanı ve terminal işletmelerinin görevlendireceği üye ve Bakanlıktan turizm işletmesi belgeli tesislerin bulundukları coğrafi bölge bazında görevlendirecekleri üyelerin seçimi işlemleri, Bakanlık tarafından yürürlüğe konulan yönetmelikle belirlenecek usul ve esaslara göre bu Kanunun yürürlüğe girdiği tarihten itibaren en geç altı ay içinde Ajans tarafından yapılır. Bu seçim yapılıncaya kadar, Ajans Yönetim Kurulu üyeleri, havalimanı ve terminal işletmeleri ve Bakanlıktan turizm işletmesi belgeli tesislerin temsilcileri arasından Bakan tarafından atanır.","subsections":[{"type":"text","content":"\\(2\\) Seyahat acentası işletme belgesi sahiplerinin kendi aralarından ilgili mevzuatı uyarınca seçimle belirleyecekleri üyenin yerine, bu seçim yapılıncaya kadar seyahat acentası işletme belgesi sahiplerinin arasından Bakan tarafından bir üye Yönetim Kuruluna atanır."}]},{"type":"header","content":"Deniz turizmi araçlarından turizm payının tahsili"},{"type":"header","content":"GEÇİCİ MADDE 2- (Ek:3/11/2022-7420/38 md.)"},{"type":"freeText","content":"\\(1\\) Bu Kanunun 6 ncı maddesinde belirtilen turizm payı, Bakanlıktan belgeli deniz turizmi araçlarından 31/12/2022 tarihine kadar alınır."},{"type":"header","content":"Yürürlük"},{"type":"madde","maddeStr":"MADDE 10 –","number":10,"content":"(1) Bu Kanunun;","subsections":[{"type":"text","content":"a\\) 6 ncı maddesi 1/10/2019 tarihinde,"},{"type":"text","content":"b\\) Diğer maddeleri yayımı tarihinde,"},{"type":"text","content":"yürürlüğe girer."}]},{"type":"header","content":"Yürütme"},{"type":"madde","maddeStr":"MADDE 11 –","number":11,"content":"(1) Bu Kanun hükümlerini Cumhurbaşkanı yürütür.","subsections":[]},{"type":"header","content":"7183 SAYILI KANUNA EK VE DEĞİŞİKLİK GETİREN MEVZUATIN VEYA"},{"type":"header","content":"ANAYASA MAHKEMESİ KARARLARININ YÜRÜRLÜĞE GİRİŞ"},{"type":"header","content":"TARİHLERİNİ GÖSTERİR TABLO"},{"type":"table","content":"<table> <colgroup> <col style=\"width: 33%\" /> <col style=\"width: 33%\" /> <col style=\"width: 33%\" /> </colgroup> <tbody> <tr class=\"odd\"> <td><p><strong>Değiştiren Kanunun/</strong></p> <p><strong>KHK’nin veya İptal Eden Anayasa Mahkemesi Kararının Numarası</strong></p></td> <td><strong>7183 Sayılı Kanunun Değişen veya İptal Edilen Maddeleri</strong></td> <td><strong>Yürürlüğe Giriş Tarihi</strong></td> </tr> <tr class=\"even\"> <td>7194</td> <td>3</td> <td>7/12/2019</td> </tr> <tr class=\"odd\"> <td>7201</td> <td>8</td> <td>24/12/2019</td> </tr> <tr class=\"even\"> <td>7420</td> <td>3, Geçici Madde 2</td> <td>9/11/2022</td> </tr> <tr class=\"odd\"> <td> </td> <td> </td> <td> </td> </tr> </tbody> </table>"},{"type":"freeText","content":"[\\[1\\]](#Xf4c8113f07524640efcbf4d5822e1fc633a9e60) *3/11/2022 tarihli ve 7420 sayılı Kanunun 36 ncı maddesiyle bu fıkrada yer alan “Bakan tarafından” ibaresi “Bakan Yardımcısı tarafından” şeklinde değiştirilmiştir.*"},{"type":"freeText","content":"*[**\\[2\\]**](#X6ae359e89ea24432127ac5e463063b1e05d509f) 5/12/2019 tarihli ve 7194 sayılı Kanunun 43 üncü maddesiyle, bu fıkrada yer alan “temsilcisi” ibareleri “Başkanı” şeklinde ve “temsilcilerinden” ibaresi “başkanlarından” şeklinde değiştirilmiştir.*"},{"type":"freeText","content":"*[**\\[3\\]**](#Xf0528bef64216d9d6f707b444a9ce269548b11a)  21/12/2019 tarihli ve 7201 sayılı Kanunun 15 inci maddesiyle, bu fıkraya “Kamu İhale Kanununa” ibaresinden sonra gelmek üzere “, 14/7/1965 tarihli ve 657 sayılı Devlet Memurları Kanununa, 18/5/1994 tarihli ve 527 sayılı Memurlar ve Diğer Kamu Görevlileri ile İlgili Bazı Kanun ve Kanun Hükmünde Kararnamelerde Değişiklik Yapılmasına Dair Kanun Hükmünde Kararnameye, 4/7/2001 tarihli ve 631 sayılı Memurlar ve Diğer Kamu Görevlilerinin Mali ve Sosyal Haklarında Düzenlemeler ile Bazı Kanun ve Kanun Hükmünde Kararnamelerde Değişiklik Yapılması Hakkında Kanun Hükmünde Kararnameye” ibaresi eklenmiştir.*"}]