[{"type":"header","content":"TÜRKİYE CUMHURİYETİ İLE BİRLEŞİK ARAP EMİRLİKLERİ ARASINDA"},{"type":"header","content":"KAPSAMLI EKONOMİK ORTAKLIK ANLAŞMASI VE ANLAŞMADA"},{"type":"header","content":"DEĞİŞİKLİK YAPILMASINA DAİR NOTALARIN ONAYLANMASININ"},{"type":"header","content":"UYGUN BULUNDUĞUNA DAİR KANUN"},{"type":"table","content":"<table> <colgroup> <col style=\"width: 50%\" /> <col style=\"width: 50%\" /> </colgroup> <tbody> <tr class=\"odd\"> <td><strong><u>Kanun No. 7449</u></strong></td> <td><strong><u>Kabul Tarihi: 30/3/2023</u></strong></td> </tr> </tbody> </table>"},{"type":"madde","maddeStr":"MADDE 1-","number":1,"content":"(1) 3 Mart 2023 tarihinde Abu Dabi’de imzalanan “Türkiye Cumhuriyeti ile Birleşik Arap Emirlikleri Arasında Kapsamlı Ekonomik Ortaklık Anlaşması” ve Anlaşmada değişiklik yapılmasına dair “Notalar”ın onaylanması uygun bulunmuştur.","subsections":[]},{"type":"madde","maddeStr":"MADDE 2-","number":2,"content":"(1) Bu Kanun yayımı tarihinde yürürlüğe girer.","subsections":[]},{"type":"madde","maddeStr":"MADDE 3-","number":3,"content":"(1) Bu Kanun hükümlerini Cumhurbaşkanı yürütür.","subsections":[]}]