[{"type":"header","content":"KARAYOLLARI TRAFİK KANUNU İLE BAZI KANUNLARDA"},{"type":"header","content":"DEĞİŞİKLİK YAPILMASI HAKKINDA KANUN"},{"type":"header","content":"Kanun Numarası                    : 7148"},{"type":"header","content":"Kabul Tarihi                           : 18/10/2018"},{"type":"header","content":"Yayımlandığı Resmî Gazete   : Tarih : 26/10/2018       Sayı : 30577"},{"type":"madde","maddeStr":"MADDE 1- 2-3","number":1,"content":"-(4/6/1937 tarihli ve 3201 sayılı Emniyet Teşkilât Kanunu ile ilgili olup yerine işlenmiştir.)","subsections":[]},{"type":"madde","maddeStr":"MADDE 4-","number":4,"content":"5-(10/2/1954 tarihli ve 6245 sayılı Harcırah Kanunu ile ilgili olup yerine işlenmiştir.)","subsections":[]},{"type":"madde","maddeStr":"MADDE 6-","number":6,"content":"(15/5/1959 tarihli ve 7269 sayılı Umumi Hayata Müessir Afetler Dolayısiyle Alınacak Tedbirlerle Yapılacak Yardımlara Dair Kanunu ile ilgili olup yerine işlenmiştir.)","subsections":[]},{"type":"madde","maddeStr":"MADDE 7-","number":7,"content":"(23/2/1961 tarihli ve 257 sayılı Er ve Erbaş Harçlıkları Kanunu ile ilgili olup yerine işlenmiştir.)","subsections":[]},{"type":"madde","maddeStr":"MADDE 8-","number":8,"content":"(22/6/1978 tarihli ve 2155 sayılı Bazı Kamu Personeline Tayın Bedeli Verilmesi Hakkında Kanunu ile ilgili olup yerine işlenmiştir.)","subsections":[]},{"type":"madde","maddeStr":"MADDE 9-10","number":9,"content":"-(9/7/1982 tarihli ve 2692 sayılı Sahil Güvenlik Komutanlığı Kanunu ile ilgili olup yerine işlenmiştir.)","subsections":[]},{"type":"madde","maddeStr":"MADDE 11- 12-13","number":11,"content":"-(10/3/1983 tarihli ve 2803 sayılı Jandarma Teşkilat, Görev ve Yetkileri Kanunu ile ilgili olup yerine işlenmiştir.)","subsections":[]},{"type":"madde","maddeStr":"MADDE 14- 15-16-17-18-19-20-21-22-23-24-25-26-","number":14,"content":"(13/10/1983 tarihli ve 2918 sayılı Karayolları Trafik Kanunu ile ilgili olup yerine işlenmiştir.)","subsections":[]},{"type":"madde","maddeStr":"MADDE 27-","number":27,"content":"(28/5/1988 tarihli ve 3466 sayılı Uzman Jandarma Kanunu ile ilgili olup yerine işlenmiştir.)","subsections":[]},{"type":"madde","maddeStr":"MADDE 28- (","number":28,"content":"12/4/1991 tarihli ve 3713 sayılı Terörle Mücadele Kanunu ile ilgili olup yerine işlenmiştir.)","subsections":[]},{"type":"madde","maddeStr":"MADDE 29-","number":29,"content":"(26/10/1994 tarihli ve 4045 sayılı Güvenlik Soruşturması, Bazı Nedenlerle Görevlerine Son Verilen Kamu Personeli ile Kamu Görevine Alınmayanların Haklarının Geri Verilmesine Ve 1402 Numaralı Sıkıyönetim Kanununda Değişiklik Yapılmasına İlişkin Kanun ile ilgili olup yerine işlenmiştir.)","subsections":[]},{"type":"madde","maddeStr":"MADDE 30-","number":30,"content":"(25/2/1998 tarihli ve 4342 sayılı Mera Kanunu ile ilgili olup yerine işlenmiştir.)","subsections":[]},{"type":"madde","maddeStr":"MADDE 31-","number":31,"content":"(26/5/2005 tarihli ve 5355 sayılı Mahallî İdare Birlikleri Kanunu ile ilgili olup yerine işlenmiştir.)","subsections":[]},{"type":"madde","maddeStr":"MADDE 32-","number":32,"content":"(25/4/2006 tarihli ve 5490 sayılı Nüfus Hizmetleri Kanunu ile ilgili olup yerine işlenmiştir.)","subsections":[]},{"type":"madde","maddeStr":"MADDE 33-","number":33,"content":"(21/3/2007 tarihli ve 5607 sayılı Kaçakçılıkla Mücadele Kanunu ile ilgili olup yerine işlenmiştir.)","subsections":[]},{"type":"madde","maddeStr":"MADDE 34-","number":34,"content":"(7/5/2009 tarihli ve 5898 sayılı Uçucu Maddelerin Zararlarından İnsan Sağlığının Korunmasına Dair Kanun ile ilgili olup yerine işlenmiştir.)","subsections":[]},{"type":"madde","maddeStr":"MADDE 35-","number":35,"content":"(4/4/2013 tarihli ve 6458 sayılı Yabancılar ve Uluslararası Koruma Kanunu ile ilgili olup yerine işlenmiştir.)","subsections":[]},{"type":"madde","maddeStr":"MADDE 36-37-38-39-40-41-42-43-44-45-46-","number":36,"content":"31/1/2018 tarihli ve 7068 sayılı Genel Kolluk Disiplin Hükümleri Hakkında Kanun Hükmünde Kararnamenin Kabul Edilmesine Dair Kanun ile ilgili olup yerine işlenmiştir.)","subsections":[]},{"type":"madde","maddeStr":"MADDE 47-","number":47,"content":"(1) Ekli (1) sayılı Listede adları yazılı köyleri kapsamak ve Derecik beldesi merkez olmak üzere Hakkâri ilinde Derecik adıyla bir ilçe ve aynı adla belediye kurulmuştur.","subsections":[{"type":"text","content":"\\(2\\) Bir defaya mahsus olmak üzere 5/1/1961 tarihli ve 237 sayılı Taşıt Kanununun 10 uncu maddesinin birinci fıkrasının uygulanmaması kaydıyla, bu maddeyle yeni kurulacak ilçenin kaymakamlığı için, 23/12/2017 tarihli ve 7066 sayılı 2018 Yılı Merkezi Yönetim Bütçe Kanununa bağlı (T) cetvelinin (T-02) sırasından bir adet binek otomobil alınır."},{"type":"text","content":"\\(3\\) Bu madde uyarınca yeni kurulan ilçedeki kamu kurum ve kuruluşlarına ait hizmet binaları ve lojmanların yapımı, satın alınması, kiralanması, bakım ve onarımı için gerekli ödenek, 2018 Yılı Merkezi Yönetim Bütçe Kanununun Yedek Ödenek Tertibinden Hazine ve Maliye Bakanlığınca karşılanır."},{"type":"text","content":"\\(4\\) Bu maddenin uygulanmasıyla ilgili tereddütleri gidermeye, düzenleyici işlemler yapmaya İçişleri Bakanlığı yetkilidir."}]},{"type":"madde","maddeStr":"MADDE 48-","number":48,"content":"(1) Bu Kanun yayımı tarihinde yürürlüğe girer.","subsections":[]},{"type":"madde","maddeStr":"MADDE 49-","number":49,"content":"(1) Bu Kanun hükümlerini Cumhurbaşkanı yürütür.","subsections":[{"type":"text","content":"25/10/2018"}]},{"type":"header","content":"(1) SAYILI LİSTE"},{"type":"header","content":"HAKKÂRİ İLİ DERECİK İLÇESİNE BAĞLANAN KÖYLER"},{"type":"table","content":"<table> <colgroup> <col style=\"width: 33%\" /> <col style=\"width: 33%\" /> <col style=\"width: 33%\" /> </colgroup> <tbody> <tr class=\"odd\"> <td><strong>SIRA NO</strong></td> <td><strong>BİRİMİN ADI</strong></td> <td><strong>İLÇESİ</strong></td> </tr> <tr class=\"even\"> <td>1</td> <td>Anadağ</td> <td>Şemdinli</td> </tr> <tr class=\"odd\"> <td>2</td> <td>Gelişen</td> <td>Şemdinli</td> </tr> <tr class=\"even\"> <td>3</td> <td>Ortaklar</td> <td>Şemdinli</td> </tr> <tr class=\"odd\"> <td>4</td> <td>Uslu</td> <td>Şemdinli</td> </tr> </tbody> </table>"}]