[{"type":"header","content":"DİJİTAL HİZMET VERGİSİ İLE BAZI KANUNLARDA VE 375 SAYILI KANUN HÜKMÜNDE KARARNAMEDE DEĞİŞİKLİK YAPILMASI HAKKINDA KANUN"},{"type":"header","content":"Kanun Numarası                    : 7194"},{"type":"header","content":"Kabul Tarihi                           : 5/12/2019"},{"type":"header","content":"Yayımlandığı Resmî Gazete   : Tarih : 7/12/2019         Sayı : 30971"},{"type":"header","content":"BİRİNCİ BÖLÜM"},{"type":"header","content":"Verginin Konusu, Tanımlar, Mükellef ve Vergi Sorumlusu, Muafiyet ve İstisnalar"},{"type":"header","content":"Verginin konusu"},{"type":"madde","maddeStr":"MADDE 1 –","number":1,"content":"(1) Türkiye’de sunulan aşağıdaki hizmetlerden elde edilen hasılat, dijital hizmet vergisine tabidir:","subsections":[{"type":"text","content":"a\\) Dijital ortamda sunulan her türlü reklam hizmetleri (reklam kontrol ve performans ölçüm hizmetleri, kullanıcılarla ilgili veri iletimi ve yönetimi gibi hizmetler ile reklamın sunulmasına ilişkin teknik hizmetler dâhil)"},{"type":"text","content":"b\\) Sesli, görsel veya dijital herhangi bir içeriğin (bilgisayar programları, uygulamalar, müzik, video, oyunlar, oyun içi uygulamalar ve benzerleri dâhil) dijital ortamda satışı ile bu içeriklerin dijital ortamda dinlenmesine, izlenmesine, oynanmasına veya elektronik cihazlara kaydedilmesine veya bu cihazlarda kullanılmasına yönelik dijital ortamda sunulan hizmetler"},{"type":"text","content":"c\\) Kullanıcıların birbirleriyle etkileşime geçebilecekleri dijital ortamların sağlanması ve işletilmesi hizmetleri (kullanıcılar arasında bir mal veya hizmetin satılmasına veya satılmasının kolaylaştırılmasına yönelik sunulan hizmetler dâhil)"},{"type":"text","content":"\\(2\\) Birinci fıkrada sayılan hizmetlere yönelik dijital ortamda dijital hizmet sağlayıcıları tarafından verilen aracılık hizmetlerinden elde edilen hasılat da dijital hizmet vergisine tabidir."}]},{"type":"header","content":"Tanımlar"},{"type":"madde","maddeStr":"MADDE 2 –","number":2,"content":"(1) Bu Kanunun uygulanmasında;","subsections":[{"type":"text","content":"a\\) Dijital ortam: Fiziki olarak karşı karşıya gelmeksizin, çevrim içi faaliyetin gerçekleştirildiği her türlü ortamı,"},{"type":"text","content":"b\\) Dijital hizmet sağlayıcıları: 1 inci maddede sayılan hizmetleri sunanları,"},{"type":"text","content":"c\\) Hasılatın elde edilmesi: Hasılatın mahiyet ve tutar itibarıyla kesinlik kazanmış olmasını,"},{"type":"text","content":"ç) Hizmetin Türkiye’de sunulması: Hizmetin Türkiye’de sunulmasını, hizmetten Türkiye’de faydalanılmasını, hizmetin Türkiye’de bulunan kişilere yönelik gerçekleştirilmesini veya hizmetin Türkiye’de değerlendirilmesini (Değerlendirmeden maksat, hizmetin karşılığını teşkil eden ödemenin Türkiye’de yapılması veya ödeme yurt dışında yapılmışsa, Türkiye’de ödeyenin veya nam ve hesabına ödeme yapılanın hesaplarına intikal ettirilmesi veya kârından ayrılmasıdır. Şu kadar ki, dijital ortamda sunulan reklam hizmetinin Türkiye’de bulunmayan kişilere yönelik gerçekleştirilmesi durumunda hizmet Türkiye’de değerlendirilmiş sayılmaz.),"},{"type":"text","content":"d\\) Finansal muhasebe açısından konsolide grup: Uluslararası Finansal Raporlama Standartları veya Türkiye Finansal Raporlama Standartları uyarınca konsolide finansal tablolarda yer alan tüm işletmeleri,"},{"type":"text","content":"ifade eder."}]},{"type":"header","content":"Mükellef ve vergi sorumlusu"},{"type":"madde","maddeStr":"MADDE 3 –","number":3,"content":"(1) Dijital hizmet vergisinin mükellefi, dijital hizmet sağlayıcılarıdır. Bunların, 31/12/1960 tarihli ve 193 sayılı Gelir Vergisi Kanunu ile 13/6/2006 tarihli ve 5520 sayılı Kurumlar Vergisi Kanunu bakımından tam mükellef olup olmaması, dar mükellefiyette söz konusu faaliyetleri Türkiye’de bulunan iş yeri veya daimi temsilcileri vasıtasıyla gerçekleştirip gerçekleştirmemesi dijital hizmet vergisi mükellefiyetine tesir etmez.","subsections":[{"type":"text","content":"\\(2\\) Mükellefin Türkiye içinde ikametgâhının, iş yerinin, kanuni ve iş merkezlerinin bulunmaması hâlleri ile gerekli görülen diğer hâllerde Hazine ve Maliye Bakanlığı, vergi alacağının emniyet altına alınması amacıyla vergiye tabi işlemlere taraf olanlar ile işleme ve ödemeye aracılık edenleri verginin ödenmesinden sorumlu tutabilir."}]},{"type":"header","content":"Muafiyet ve istisnalar"},{"type":"madde","maddeStr":"MADDE 4 –","number":4,"content":"(1) İlgili hesap döneminden önceki hesap döneminde, 1 inci maddede sayılan hizmetlere ilişkin, Türkiye’de elde edilen hasılatı 20 milyon Türk lirasından veya dünya genelinde elde edilen hasılatı 750 milyon avrodan veya muadili yabancı para karşılığı Türk lirasından az olanlar dijital hizmet vergisinden muaftır. Mükellefin, finansal muhasebe açısından konsolide bir grubun üyesi olması hâlinde, bu hadlerin uygulanmasında grubun verginin konusuna giren hizmetlere ilişkin elde ettiği toplam hasılat dikkate alınır.","subsections":[{"type":"text","content":"\\(2\\) İlgili hesap dönemi içerisinde birinci fıkrada yer alan hadlerin her ikisinin de aşılması hâlinde muafiyet sona erer ve haddin aşıldığı vergilendirme dönemini takip eden dördüncü vergilendirme döneminden itibaren dijital hizmet vergisi mükellefiyeti başlar. Söz konusu hadlerin aşılıp aşılmadığının tespitinde, hesap döneminin üçer aylık dönemlerinin sonu itibarıyla ilgili hesap dönemi içinde elde edilen kümülatif hasılat dikkate alınır."},{"type":"text","content":"\\(3\\) Arka arkaya iki hesap dönemi boyunca birinci fıkradaki hadlerden herhangi birinin altında kalanların vergi muafiyeti, izleyen hesap döneminden itibaren tekrar başlar."},{"type":"text","content":"\\(4\\) Cumhurbaşkanı, birinci fıkrada yer alan hadleri verginin konusuna giren hizmet türlerine göre ayrı ayrı veya birlikte sıfıra kadar indirmeye veya üç katına kadar artırmaya yetkilidir."},{"type":"text","content":"\\(5\\) Hazine ve Maliye Bakanlığı, muafiyetin tespiti ve uygulanması amacıyla bildirim ve belgelendirme yükümlülüğü getirmeye ve maddenin uygulanmasına ilişkin usul ve esasları belirlemeye yetkilidir. Bu kapsamda bildirim ve belgelendirme yükümlülüklerini tam ve zamanında doğru olarak yerine getirmeyenlere, yükümlülüklerini yerine getirmeleri için otuz gün ek süre verilir. Verilen ek süre içerisinde, bildirim ve belgelendirme yükümlülüklerini tam ve zamanında doğru olarak yerine getirmeyenler bu maddede yer alan muafiyetten yararlanamaz."},{"type":"text","content":"\\(6\\) Dijital ortamda yapılan aşağıdaki hizmetlerden elde edilen hasılat dijital hizmet vergisinden istisnadır ve bu hizmetlerden elde edilen hasılat birinci fıkradaki hadlerin tespitinde dikkate alınmaz:"},{"type":"text","content":"a\\) 4/2/1924 tarihli ve 406 sayılı Telgraf ve Telefon Kanununun ek 37 nci maddesi kapsamında üzerinden Hazine payı ödenen hizmetler"},{"type":"text","content":"b\\) 13/7/1956 tarihli ve 6802 sayılı Gider Vergileri Kanununun 39 uncu maddesi kapsamında üzerinden özel iletişim vergisi alınan hizmetler"},{"type":"text","content":"c\\) 19/10/2005 tarihli ve 5411 sayılı Bankacılık Kanununun 4 üncü maddesi kapsamındaki hizmetler"},{"type":"text","content":"ç) 28/2/2008 tarihli ve 5746 sayılı Araştırma, Geliştirme ve Tasarım Faaliyetlerinin Desteklenmesi Hakkında Kanunun 2 nci maddesinde tanımlanan Ar-Ge merkezlerinde Ar-Ge faaliyetleri neticesinde oluşturulan ürünlerin satışı ile münhasıran bu ürünler üzerinden sunulan hizmetler"},{"type":"text","content":"d\\) 20/6/2013 tarihli ve 6493 sayılı Ödeme ve Menkul Kıymet Mutabakat Sistemleri, Ödeme Hizmetleri ve Elektronik Para Kuruluşları Hakkında Kanunun 12 nci maddesi kapsamında yer alan ödeme hizmetleri"},{"type":"text","content":"\\(7\\) Dijital hizmet vergisine ilişkin istisna ve muafiyetler, ancak bu Kanuna hüküm eklenmek veya bu Kanunda değişiklik yapılmak suretiyle düzenlenir. Diğer kanunlarda yer alan istisna veya muafiyet hükümleri bu vergi bakımından geçersizdir."}]},{"type":"header","content":"İKİNCİ BÖLÜM"},{"type":"header","content":"Verginin Matrahı, Oranı ve Hesabı"},{"type":"header","content":"Verginin matrahı, oranı ve hesabı"},{"type":"madde","maddeStr":"MADDE 5 –","number":5,"content":"(1) Dijital hizmet vergisinin matrahı, ilgili vergilendirme döneminde verginin konusuna giren hizmetler nedeniyle elde edilen hasılattır. Hasılatın döviz ile hesaplanması hâlinde döviz, hasılatın elde edildiği tarihte geçerli olan Türkiye Cumhuriyet Merkez Bankası döviz alış kuru üzerinden Türk parasına çevrilir.","subsections":[{"type":"text","content":"\\(2\\) Verginin matrahından gider, maliyet ve vergi adı altında indirim yapılmaz. Dijital hizmet vergisi, fatura ve fatura yerine geçen belgelerde ayrıca gösterilmez."},{"type":"text","content":"\\(3\\) Dijital hizmet vergisi oranı %7,5’tir."},{"type":"text","content":"\\(4\\) Dijital hizmet vergisi, matraha oranın uygulanması suretiyle hesaplanır. Bu şekilde hesaplanan vergiden herhangi bir indirim yapılmaz."},{"type":"text","content":"\\(5\\) Cumhurbaşkanı, üçüncü fıkrada belirtilen oranı, hizmet türleri itibarıyla ayrı ayrı veya birlikte %1’e kadar indirmeye, iki katına kadar artırmaya yetkilidir."}]},{"type":"header","content":"ÜÇÜNCÜ BÖLÜM"},{"type":"header","content":"Vergilendirme Dönemi, Verginin Beyanı, Tarhı ve Ödenmesi ile Vergi Güvenliği"},{"type":"header","content":"Vergilendirme dönemi, verginin beyanı, tarhı ve ödenmesi"},{"type":"madde","maddeStr":"MADDE 6 –","number":6,"content":"(1) Dijital hizmet vergisinde vergilendirme dönemi, takvim yılının birer aylık dönemleridir. Ancak Hazine ve Maliye Bakanlığı, hizmet türlerine ve mükelleflerin faaliyet hacimlerine göre birer aylık vergilendirme dönemi yerine üçer aylık vergilendirme dönemi tespit etmeye yetkilidir.","subsections":[{"type":"text","content":"\\(2\\) Dijital hizmet vergisi, mükellefin beyanı üzerine tarh olunur. 3 üncü maddenin ikinci fıkrasının uygulandığı durumlarda, bu beyan vergi kesintisi yapmakla sorumlu tutulanlar tarafından yapılır."},{"type":"text","content":"\\(3\\) Mükellefler ve vergi kesintisi yapmakla sorumlu tutulanlar, dijital hizmet vergisi beyannamelerini, vergilendirme dönemini takip eden ayın sonuna kadar ilgili vergi dairesine vermekle yükümlüdürler."},{"type":"text","content":"\\(4\\) Dijital hizmet vergisi, katma değer vergisi mükellefiyeti bulunan hizmet sağlayıcıları için bu vergi bakımından bağlı bulundukları vergi dairesince, bulunmayanlar bakımından Hazine ve Maliye Bakanlığınca belirlenecek vergi dairesince tarh olunur."},{"type":"text","content":"\\(5\\) Dijital hizmet vergisi, mükellef veya vergi sorumlusu olan gerçek veya tüzel kişi adına tarh olunur. Adi ortaklıklarda, verginin ödenmesinden müteselsilen sorumlu olmak üzere, ortaklardan herhangi biri adına tarhiyat yapılır."},{"type":"text","content":"\\(6\\) Beyanname vermek mecburiyetinde olan mükellefler ile vergi kesmekle sorumlu tutulanlar, bir vergilendirme dönemine ait dijital hizmet vergisini beyanname verme süresi içinde öderler."},{"type":"text","content":"\\(7\\) Dijital hizmet vergisi mükelleflerince ödenen dijital hizmet vergisi, bu mükellefler tarafından gelir ve kurumlar vergisine esas safi kazancın tespitinde gider olarak indirilebilir."},{"type":"text","content":"\\(8\\) Hazine ve Maliye Bakanlığı, dijital hizmet vergisi beyannamesinin ve eklerinin şekil ve muhtevasını belirlemeye, faaliyetin gereğini göz önünde tutarak mükellefin müracaatı üzerine veya resen tarh yerini tayin etmeye, mükellef veya vergi sorumlularına sadece vergiye tabi hizmetlerin sunulduğu dönemler için beyanname verdirmeye, verginin beyan ve ödeme zamanı ile tahsiline ilişkin usul ve esasları belirlemeye, bildirim ve belgelendirme yükümlülüğü getirmeye ve buna ilişkin usul ve esasları belirlemeye yetkilidir."}]},{"type":"header","content":"Vergi güvenliği"},{"type":"madde","maddeStr":"MADDE 7 –","number":7,"content":"(1) 4/1/1961 tarihli ve 213 sayılı Vergi Usul Kanunu kapsamına giren vergilere ilişkin beyanname verme ve ödeme yükümlülüklerini süresinde yerine getirmeyen bu Kanun kapsamındaki dijital hizmet sağlayıcılarına veya Türkiye’deki yetkili temsilcisine, bu yükümlülüklerin yerine getirilmesi için dijital hizmet vergisini tarha yetkili vergi dairesi tarafından internet sayfalarındaki iletişim araçları, alan adı, IP adresi ve benzeri kaynaklarla elde edilen bilgiler kullanılarak 213 sayılı Kanunda sayılan tebligat yöntemleri, elektronik posta veya diğer tüm iletişim araçları ile ihtarda bulunulabilir ve bu durum Gelir İdaresi Başkanlığının internet sitesinde ilan edilir.","subsections":[{"type":"text","content":"\\(2\\) İlandan itibaren otuz gün içinde bu yükümlülüklerin yerine getirilmemesi hâlinde, dijital hizmet sağlayıcılarının sunmuş oldukları hizmetlere erişimin, bu yükümlülükler yerine getirilinceye kadar engellenmesine Hazine ve Maliye Bakanlığınca karar verilir ve bu karar erişim sağlayıcılarına bildirilmek üzere Bilgi Teknolojileri ve İletişim Kurumuna gönderilir. Engelleme kararlarının gereği bildirimden itibaren yirmi dört saat içinde erişim sağlayıcıları tarafından yerine getirilir."},{"type":"text","content":"\\(3\\) Bu maddenin uygulanmasına ilişkin usul ve esaslar, Ulaştırma ve Altyapı Bakanlığının görüşü alınarak Hazine ve Maliye Bakanlığınca belirlenir."}]},{"type":"header","content":"DÖRDÜNCÜ BÖLÜM"},{"type":"header","content":"Bazı Kanunlarda ve 375 Sayılı Kanun Hükmünde Kararnamede Değişiklik"},{"type":"header","content":"Yapılmasına İlişkin Düzenlemeler"},{"type":"header","content":"MADDE 8- 9- (13/7/1956 tarihli ve 6802 sayılı Gider Vergileri Kanunu ile ilgili olup yerine işlenmiştir.)"},{"type":"header","content":"MADDE 10- 11- 12- 13- 14- 15- 16- 17- 18- 19- 20- 21- 22- (31/12/1960 tarihli ve 193 sayılı Gelir Vergisi Kanunu ile ilgili olup yerine işlenmiştir.)"},{"type":"header","content":"MADDE 23- 24- 25- 26- 27- 28- 29- (4/1/1961 tarihli ve 213 sayılı Vergi Usul Kanunu ile ilgili olup yerine işlenmiştir.)"},{"type":"header","content":"MADDE 30- 31- 32- 33- 34- 35- 36- 37- (29/7/1970 tarihli ve 1319 sayılı Emlak Vergisi Kanunu ile ilgili olup yerine işlenmiştir.)"},{"type":"header","content":"MADDE 38- 39- (14/9/1972 tarihli ve 1618 sayılı Seyahat Acentaları ve Seyahat Acentaları Birliği Kanunu ile ilgili olup yerine işlenmiştir.)"},{"type":"header","content":"MADDE 40- (21/5/1986 tarihli ve 3289 sayılı Gençlik ve Spor Hizmetleri Kanunu ile ilgili olup yerine işlenmiştir.)"},{"type":"header","content":"MADDE 41- (25/3/1987 tarihli ve 3332 sayılı Sermaye Piyasasının Teşviki, Sermayenin Tabana Yaygınlaştırılması ve Ekonomiyi Düzenlemede Alınacak Tedbirler İle 5422 Sayılı Kurumlar Vergisi Kanunu, 213 Sayılı Vergi Usul Kanunu ve 3182 Sayılı Bankalar Kanununda Değişiklik Yapılması Hakkında Kanun ile ilgili olup yerine işlenmiştir.)"},{"type":"header","content":"MADDE 42- (6802 sayılı Gider Vergileri Kanunu ile ilgili olup yerine işlenmiştir.)"},{"type":"header","content":"MADDE 43- (11/7/2019 tarihli ve 7183 sayılı Türkiye Turizm Tanıtım ve Geliştirme Ajansı Hakkında Kanun ile ilgili olup yerine işlenmiştir.)"},{"type":"header","content":"MADDE 44- 45- (4/1/2002 tarihli ve 4734 sayılı Kamu İhale Kanunu ile ilgili olup yerine işlenmiştir.)"},{"type":"header","content":"MADDE 46- 47- (28/3/2002 tarihli ve 4749 sayılı Kamu Finansmanı ve Borç Yönetiminin Düzenlenmesi Hakkında Kanun ile ilgili olup yerine işlenmiştir.)"},{"type":"header","content":"MADDE 48- (31/5/2006 tarihli ve 5510 sayılı Sosyal Sigortalar ve Genel Sağlık Sigortası Kanunu ile ilgili olup yerine işlenmiştir.)"},{"type":"header","content":"MADDE 49- (3/6/2007 tarihli ve 5684 sayılı Sigortacılık Kanunu ile ilgili olup yerine işlenmiştir.)"},{"type":"header","content":"MADDE 50- (8/11/2016 tarihli ve 6755 sayılı Olağanüstü Hal Kapsamında Alınması Gereken Tedbirler ile Bazı Kurum ve Kuruluşlara Dair Düzenleme Yapılması Hakkında Kanun Hükmünde Kararnamenin Değiştirilerek Kabul Edilmesine Dair Kanun ile ilgili olup yerine işlenmiştir.)"},{"type":"header","content":"MADDE 51- (27/6/1989 tarihli ve 375 sayılı Kanun Hükmünde Kararname ile ilgili olup yerine işlenmiştir.)"},{"type":"header","content":"Yürürlük"},{"type":"madde","maddeStr":"MADDE 52 –","number":52,"content":"(1) Bu Kanunun;","subsections":[{"type":"text","content":"a\\) 1 inci ila 7 nci maddeleri bu Kanunun yayım tarihini izleyen üçüncü ay başında,"},{"type":"text","content":"b\\) 9 uncu ve 42 nci maddeleri 1/1/2023 tarihinde,[\\[1\\]](#Xc217c44f9d6f9d647df03178eb8b64fb8f54252)"},{"type":"text","content":"c\\) 10 uncu ve 15 inci maddeleri 1/1/2020 tarihinden itibaren elde edilen gelirlere uygulanmak üzere yayımı tarihinde,"},{"type":"text","content":"ç) 11 inci ve 12 nci maddeleri bu Kanunun yayım tarihini izleyen ay başında,"},{"type":"text","content":"d\\) 13 üncü ve 14 üncü maddeleri 1/1/2020 tarihinden itibaren başlayan vergilendirme dönemi gelir ve kazançlarına uygulanmak üzere yayımı tarihinde,"},{"type":"text","content":"e\\) 17 nci maddesi 1/1/2019 tarihinden itibaren elde edilen gelirlere uygulanmak üzere yayımı tarihinde,"},{"type":"text","content":"f\\) 18 inci maddesi 1/1/2020 tarihinden itibaren verilmesi gereken yıllık gelir ve kurumlar vergisi beyannamelerinde uygulanmak üzere yayımı tarihinde,"},{"type":"text","content":"g\\) 21 inci maddesinin 193 sayılı Kanunun geçici 72 nci maddesinde yer alan “31/12/2019” ibaresini “31/12/2023” şeklinde değiştiren hükmü yayımı tarihinde, diğer hükümleri 1/1/2020 tarihinden itibaren elde edilen gelirlere uygulanmak üzere yayımı tarihinde,"},{"type":"text","content":"ğ) 23 üncü, 25 inci, 27 nci ve 28 inci maddeleri, 32 nci maddesiyle 1319 sayılı Kanuna eklenen 44 üncü maddenin dördüncü fıkrası ve 40 ıncı maddesi 1/1/2020 tarihinde,"},{"type":"text","content":"h\\) Diğer hükümleri yayımı tarihinde,"},{"type":"text","content":"yürürlüğe girer."}]},{"type":"header","content":"Yürütme"},{"type":"madde","maddeStr":"MADDE 53 –","number":53,"content":"(1) Bu Kanun hükümlerini Cumhurbaşkanı yürütür.","subsections":[]},{"type":"header","content":"7194 SAYILI KANUNA EK VE DEĞİŞİKLİK GETİREN MEVZUATIN VEYA ANAYASA MAHKEMESİ TARAFINDAN VERİLEN İPTAL KARARLARININ YÜRÜRLÜĞE GİRİŞ TARİHLERİNİ GÖSTERİR TABLO"},{"type":"table","content":"<table> <colgroup> <col style=\"width: 33%\" /> <col style=\"width: 33%\" /> <col style=\"width: 33%\" /> </colgroup> <tbody> <tr class=\"odd\"> <td><p><strong>Değiştiren Kanunun/</strong></p> <p><strong>KHK’nin veya İptal Eden Anayasa Mahkemesi Kararının Numarası</strong></p></td> <td><strong>7194 Sayılı Kanunun Değişen veya İptal Edilen Maddeleri</strong></td> <td><strong>Yürürlüğe Giriş Tarihi</strong></td> </tr> <tr class=\"even\"> <td>7226</td> <td>52</td> <td>26/3/2020</td> </tr> <tr class=\"odd\"> <td>7256</td> <td>52</td> <td>17/11/2020</td> </tr> <tr class=\"even\"> <td>7338</td> <td>52</td> <td>26/10/2021</td> </tr> </tbody> </table>"},{"type":"freeText","content":"*[**\\[1\\]**](#Xf4c8113f07524640efcbf4d5822e1fc633a9e60) 14/10/2021 tarihli ve 7338 sayılı Kanunun 61 inci maddesiyle bu bentte yer alan “1/1/2022” ibaresi “1/1/2023” şeklinde değiştirilmiştir.*"}]