[{"type":"header","content":"YENİ KORONAVİRÜS (COVID-19) SALGINININ EKONOMİK VE"},{"type":"header","content":"SOSYAL HAYATA ETKİLERİNİN AZALTILMASI HAKKINDA KANUN İLE"},{"type":"header","content":"BAZI KANUNLARDA DEĞİŞİKLİK YAPILMASINA DAİR KANUN"},{"type":"header","content":"Kanun Numarası                    : 7244"},{"type":"header","content":"Kabul Tarihi                           : 16/4/2020"},{"type":"header","content":"Yayımlandığı Resmî Gazete   : Tarih : 17/4/2020         Sayı : 31102"},{"type":"header","content":"Bazı alacakların ertelenmesi, alınmaması veya yapılandırılması"},{"type":"madde","maddeStr":"MADDE 1 –","number":1,"content":"(1) Yeni koronavirüs (Covid-19) salgını kaynaklı zorlayıcı sebep gerekçesiyle;","subsections":[{"type":"text","content":"a\\) Hazine taşınmazlarına ilişkin olarak sözleşmeye istinaden ödenmesi gereken bedeller ile ecrimisil bedellerinden 1/4/2020 tarihinden itibaren 3 aylık döneme ilişkin tahsil edilmesi gerekenleri başvuru şartı aranmaksızın 3 ay süreyle ertelemeye Çevre ve Şehircilik Bakanı yetkilidir. Bu süreler, bitiminden itibaren Çevre ve Şehircilik Bakanı tarafından 3 aya kadar uzatılabilir. Bu alacaklar ertelenen süre sonunda ertelenen süre kadar aylık eşit taksitler halinde, herhangi bir gecikme zammı ve faiz uygulanmadan tahsil edilir."},{"type":"text","content":"b\\) Turizm tesisi maksadıyla verilen izinler hariç olmak üzere 31/8/1956 tarihli ve 6831 sayılı Orman Kanunu gereğince Devlet ormanlarında gerçek ve özel hukuk tüzel kişileri adına verilen izinler ile Orman Genel Müdürlüğü tarafından 8/9/1983 tarihli ve 2886 sayılı Devlet İhale Kanunu gereğince kiraya verilen mesire yerleri ve taşınmazlardan 1/4/2020 tarihinden itibaren 3 aylık döneme ilişkin tahsil edilmesi gereken bedeller başvuru şartı aranmaksızın 3 ay süreyle ertelenir. Bu süreleri bitiminden itibaren 3 aya kadar uzatmaya Tarım ve Orman Bakanı yetkilidir. Bu alacaklar ertelenen süre sonunda, ertelenen süre kadar aylık eşit taksitler halinde, herhangi bir gecikme zammı ve faiz uygulanmadan tahsil edilir. Ayrıca verilen izinlerin erteleme dönemi içerisinde tahakkuk eden ilk yıl bedellerine karşılık banka teminat mektubu alınarak yer teslimi yapılabilir."},{"type":"text","content":"c\\) 9/8/1983 tarihli ve 2873 sayılı Millî Parklar Kanununa tabi yerlerde 2886 sayılı Kanun hükümlerine göre yapılan kiralamalardan 1/4/2020 tarihinden itibaren 3 aylık döneme ilişkin tahsil edilmesi gereken bedeller başvuru şartı aranmaksızın 3 ay süreyle ertelenir. Bu süreleri bitiminden itibaren 3 aya kadar uzatmaya Tarım ve Orman Bakanı yetkilidir. Bu alacaklar ertelenen süre sonunda, ertelenen süre kadar aylık eşit taksitler halinde, herhangi bir gecikme zammı ve faiz uygulanmadan tahsil edilir."},{"type":"text","content":"ç) Büyükşehir belediyeleri, belediyeler, il özel idareleri ve bağlı kuruluşları ile bunların üyesi olduğu mahalli idare birliklerinin mülkiyetinde veya tasarrufunda olan taşınmazlara ilişkin olarak ilgili mevzuatınca yapılan satış, ecrimisil ve kiralamadan kaynaklanan bedellerin veya tutarların, 19/3/2020 tarihinden itibaren 3 aylık döneme ilişkin tahsil edilmesi gereken kısımlarının 3 ay ertelenmesine büyükşehir belediyeleri, belediyeler, il özel idareleri ve birliklerde meclis; bağlı kuruluşlarda ise yetkili karar organı yetkilidir. Bu süreler, bitiminden itibaren ilgisine göre Çevre ve Şehircilik Bakanı veya İçişleri Bakanı tarafından 3 aya kadar uzatılabilir. Söz konusu alacaklar ertelenen süre sonunda, ertelenen süre kadar aylık eşit taksitler halinde, herhangi bir gecikme zammı ve faiz uygulanmadan tahsil edilir. Faaliyetleri durdurulan veya faaliyette bulunamayan işletmelerin faaliyette bulunmadığı döneme ilişkin olarak kira bedelleri tahsil edilmez."},{"type":"text","content":"d\\) Büyükşehir belediyeleri, belediyeler ve bağlı kuruluşlarının gelir vergisi tevkifatı beyan ve ödeme süreleri, tüm sosyal sigorta prim ödemeleri ile 3/7/1968 tarihli ve 1053 sayılı Belediye Teşkilâtı Olan Yerleşim Yerlerine İçme, Kullanma ve Endüstri Suyu Temini Hakkında Kanunun 4 üncü maddesi uyarınca Devlet Su İşleri Genel Müdürlüğüne yaptığı yıllık taksit ödemelerinden, bu maddenin yürürlüğe girdiği tarihten itibaren 3 aylık döneme ilişkin tahsil edilmesi gerekenler 3 ay ertelenir. Bu süreler, bitiminden itibaren 3 aya kadar Cumhurbaşkanı tarafından uzatılabilir. Bunlar ertelenen süre sonunda, ertelenen süre kadar aylık eşit taksitler halinde, herhangi bir gecikme zammı ve faiz uygulanmadan tahsil edilir. Erteleme süresince 4/1/1961 tarihli ve 213 sayılı Vergi Usul Kanununda yer alan tarh ve ceza kesme zamanaşımı süreleri işlemez ve zamanaşımı işlemeyen süreler kadar uzar."},{"type":"text","content":"e\\) Büyükşehir belediyeleri, belediyeler ve bağlı kuruluşlarının konutlara ve faaliyetleri durdurulan veya faaliyette bulunamayan işyerlerine ilişkin su tüketimine bağlı alacakları, bu maddenin yürürlüğe girdiği tarihten itibaren 3 aylık döneme ilişkin tahsil edilmesi gerekenlerle sınırlı olmak üzere belediye meclisi tarafından 3 ay ertelenebilir. Bu süreler, bitiminden itibaren 3 aya kadar belediye meclisince uzatılabilir. Bu alacaklar ertelenen süre sonunda, ertelenen süre kadar aylık eşit taksitler halinde, herhangi bir gecikme zammı ve faiz uygulanmadan tahsil edilir."},{"type":"text","content":"f\\) Büyükşehir belediyeleri ile belediyeler, kendisinden izin veya ruhsat almak ya da hat kiralamak suretiyle çalışan gerçek ve tüzel kişilere, toplu taşıma hizmetinin kesintisiz olarak yürütülebilmesiyle sınırlı olacak şekilde, bu maddenin yürürlüğe girdiği tarihten itibaren 3 aylık süreyle sınırlı olmak üzere meclis kararıyla; gelir desteği ödemesi yapabilir, belirlenen döneme tekabül eden ruhsat, izin, hat kirası borçlarını faizsiz olarak 3 ay erteleyebilir. Çevre ve Şehircilik Bakanı bu süreleri, bitiminden itibaren 3 aya kadar uzatmaya yetkilidir. Ruhsat, izin, hat kirası borçları ertelenen süre sonunda, ertelenen süre kadar aylık eşit taksitler halinde, herhangi bir gecikme zammı ve faiz uygulanmadan tahsil edilir."},{"type":"text","content":"g\\) Faaliyetleri durdurulan veya faaliyette bulunamayan işletmelerin yıllık ilan ve reklam vergileri ile yıllık çevre temizlik vergilerinin, faaliyetleri durdurulan veya faaliyette bulunulamayan dönemlere isabet eden kısmı alınmaz."},{"type":"text","content":"ğ) 16/8/1961 tarihli ve 351 sayılı Yüksek Öğrenim Kredi ve Yurt Hizmetleri Kanununun 16 ncı maddesi kapsamındaki kredi borçları, bu maddenin yürürlüğe girdiği tarihten itibaren 3 aylık döneme ilişkin tahsil edilmesi gerekenlerle sınırlı olmak üzere, başvuru şartı aranmaksızın 3 ay süreyle ertelenir. Bu süreler, bitiminden itibaren Gençlik ve Spor Bakanı tarafından 3 aya kadar uzatılabilir. Söz konusu borçlar ertelenen süre sonunda, ertelenen süre kadar aylık taksitler halinde, herhangi bir gecikme zammı, faiz veya Yİ-ÜFE uygulanmadan tahsil edilir."},{"type":"text","content":"h\\) Tarım satış kooperatifleri birliklerinin 1/6/2000 tarihli ve 4572 sayılı Tarım Satış Kooperatif ve Birlikleri Hakkında Kanunun geçici 4 üncü maddesi uyarınca yeniden yapılandırılan ve yılda bir taksit olmak üzere ödenen Destekleme ve Fiyat İstikrar Fonu (DFİF) kaynaklı kredi borçlarının 2020 yılına ait borç taksit ödemesi, faizsiz olarak 2021 yılına ertelenmiş, 2021 yılı dahil daha sonraki yıllarda ödenecek taksit tutarları da faizsiz olarak birer yıl ertelenmiştir."},{"type":"text","content":"ı) 14/9/1972 tarihli ve 1618 sayılı Seyahat Acentaları ve Seyahat Acentaları Birliği Kanununun 35 inci maddesinde düzenlenen yıllık aidat 2020 yılında alınmaz."},{"type":"text","content":"i\\) Türkiye Elektrik Dağıtım Anonim Şirketi’nin (TEDAŞ) elektrik tüketiminden kaynaklanan alacakları (özelleştirme devir işlemleri sırasında TEDAŞ’a devredilmiş olan alacaklar) aşağıdaki hükümler uyarınca yapılandırılır."},{"type":"text","content":"j\\) **(Ek:24/12/2020-7261/37 md.)** Mülkiyeti Vakıflar Genel Müdürlüğüne ve mazbut vakıflara ait taşınmazlardan; yapım, onarım veya restorasyon karşılığı uzun süreli kiralananlar dışında kalanların kira dönemi kısmen veya tamamen 2021 yılını kapsayan kira sözleşmelerinde, bu kira dönemi için kira artışı yapılmaz."},{"type":"text","content":"l\\) Vadesi 1/2/2020 tarihi (bu tarih dâhil) itibarıyla geldiği hâlde bu maddenin yürürlüğe girdiği tarih itibarıyla ödenmemiş ve 23/2/2017 tarihli ve 6824 sayılı Bazı Alacakların Yeniden Yapılandırılması ile Bazı Kanun ve Kanun Hükmünde Kararnamelerde Değişiklik Yapılmasına Dair Kanunun 2 nci maddesi ve geçici 1 inci maddesi uyarınca yapılandırılmamış olan alacaklarının asıllarının tamamının, 2021 yılının Eylül ayı sonuna kadar TEDAŞ’a iletilmek üzere dağıtım/perakende satış şirketlerine veya TEDAŞ’a yazılı başvuruda bulunulması ve ödenmesi gereken tutarın ilk taksiti 2021 yılının Ekim ayının son gününe kadar ödenmek üzere ve her yıl ilk taksitin tekabül ettiği ayda toplam üç eşit taksitte ödenmesi şartıyla, bu alacakların ödenen kısmına isabet eden fer’ilerinin tahsilinden vazgeçilir. Bu alt bent hükümlerine uygun ödeme yapıldığı takdirde, bu maddenin yürürlüğe girdiği tarihten sonraki sürelere herhangi bir faiz, zam ve katsayı uygulanmaz."},{"type":"text","content":"2\\) Bu bent kapsamına giren alacaklarla ilgili olarak dava açılması ya da icra takibi yapılması hâlinde 6824 sayılı Kanunun 2 nci maddesinin birinci fıkrasının (i), (j), (k), (l) ve (m) bentleri gereğince işlem yapılır."},{"type":"text","content":"3\\) Bu bent kapsamına giren tüm alacaklarla ilgili olarak, 1/2/2020 tarihinden itibaren 2023 yılı Ekim ayı son gününe kadar ilgili kanunlarda öngörülen zamanaşımı süreleri işlemez."},{"type":"text","content":"4\\) Bu bent kapsamına giren alacaklara karşılık bu maddenin yürürlüğe girdiği tarihten önce tahsil edilmiş olan tutarların bu bent hükümlerine dayanılarak red ve iadesi yapılmaz."},{"type":"text","content":"5\\) Bu bent kapsamında belirlenen ödemelerin süresinde gerçekleştirilmemesi halinde bu bent hükümlerinden yararlanma hakkı kaybedilir."},{"type":"text","content":"6\\) Bu bendin uygulanmasına ilişkin usul ve esaslar TEDAŞ tarafından belirlenir."}]},{"type":"header","content":"Süre uzatımı, toplantı erteleme ve uzaktan çalışma[\\[1\\]](#Xc217c44f9d6f9d647df03178eb8b64fb8f54252)"},{"type":"madde","maddeStr":"MADDE 2 –","number":2,"content":"(1) Yeni koronavirüs (Covid-19) salgını kaynaklı zorlayıcı sebep gerekçesiyle;","subsections":[{"type":"text","content":"a\\) 10/2/2005 tarihli ve 5300 sayılı Tarım Ürünleri Lisanslı Depoculuk Kanunu kapsamında verilmiş olup 2020 yılı içinde geçerlilik süresi dolacak olan lisansların geçerlilik süresi bir yıl uzatılmıştır."},{"type":"text","content":"b\\) 10/6/1946 tarihli ve 4922 sayılı Denizde Can ve Mal Koruma Hakkında Kanun kapsamında ticaret gemilerine düzenlenen ve 11/3/2020 tarihi ile 31/7/2020 tarihi aralığında süresi dolan veya dolacak denize elverişlilik belgelerinin süresi, 1/8/2020 tarihine kadar uzatılır. Bu süreyi, bitiminden itibaren 3 aya kadar uzatmaya Ulaştırma ve Altyapı Bakanı yetkilidir."},{"type":"text","content":"c\\) 4922 sayılı Kanunun 3 üncü maddesi kapsamında yapılacak denetlemeler 1/8/2020 tarihine kadar ertelenir. Bu süreyi 3 aya kadar uzatmaya Ulaştırma ve Altyapı Bakanı yetkilidir."},{"type":"text","content":"ç) 4/11/2004 tarihli ve 5253 sayılı Dernekler Kanunu ve 22/11/2001 tarihli ve 4721 sayılı Türk Medeni Kanununa göre dernekler tarafından verilecek bildirim ve beyannameler ile dernek genel kurul toplantıları 31/7/2020 tarihine kadar ertelenir. Bu süre, üçer aylık sürelerle üç defaya kadar İçişleri Bakanınca uzatılabilir. Ertelenen genel kurul toplantıları, ertelemenin sona erdiği tarihten itibaren 30 gün içinde yapılır. Mevcut organların görev, yetki ve sorumlulukları erteleme süresi sonrasında yapılacak ilk genel kurula kadar devam eder.[\\[2\\]](#X424ae1dfb199fdaa161d17bdce77f94503db3d6)"},{"type":"text","content":"d\\) 24/4/1969 tarihli ve 1163 sayılı Kooperatifler Kanunu kapsamındaki genel kurul toplantıları 31/7/2020 tarihine kadar ertelenir. Bu süre, ilgili Bakan tarafından üçer aylık sürelerle üç defaya kadar uzatılabilir. Ertelenen genel kurul toplantıları, ertelemenin sona erdiği tarihten itibaren altı ay içinde yapılır. Mevcut organların görev, yetki ve sorumlulukları erteleme süresi sonrasında yapılacak ilk genel kurula kadar devam eder. <sup>(2)[\\[3\\]](#Xcd2106d7bad008753f2338f3adbb3432843d57e)</sup>"},{"type":"text","content":"e\\) 11/6/2010 tarihli ve 5996 sayılı Veteriner Hizmetleri, Bitki Sağlığı, Gıda ve Yem Kanunu ile 29/6/2004 tarihli ve 5200 sayılı Tarımsal Üretici Birlikleri Kanunu kapsamındaki genel kurul toplantıları 31/7/2020 tarihine kadar ertelenir. Bu süre, Tarım ve Orman Bakanınca üçer aylık sürelerle üç defaya kadar uzatılabilir. Ertelenen genel kurul toplantıları, ertelemenin sona erdiği tarihten itibaren üç ay içinde yapılır. Mevcut organların görev, yetki ve sorumlulukları erteleme süresi sonrasında yapılacak ilk genel kurula kadar devam eder. <sup>(2)</sup>"},{"type":"text","content":"f\\) 18/5/2004 tarihli ve 5174 sayılı Türkiye Odalar ve Borsalar Birliği ile Odalar ve Borsalar Kanununun 61 inci maddesi uyarınca 2020 yılı Mayıs ayı içinde yapılması gereken Birlik Genel Kurulu, bir sonraki yıl Genel Kurulu ile birlikte yapılır."},{"type":"text","content":"g\\) 18/1/1984 tarihli ve 2972 sayılı Mahalli İdareler ile Mahalle Muhtarlıkları ve İhtiyar Heyetleri Seçimi Hakkında Kanunun 33 üncü maddesine göre yapılması gereken seçimler 2020 yılında yapılmaz."},{"type":"text","content":"ğ) 28/2/2008 tarihli ve 5746 sayılı Araştırma, Geliştirme ve Tasarım Faaliyetlerinin Desteklenmesi Hakkında Kanun kapsamında Ar-Ge ve tasarım merkezlerinde yürütülen faaliyetlerin Ar-Ge ve tasarım merkezleri dışında da yapılmasına; 26/6/2001 tarihli ve 4691 sayılı Teknoloji Geliştirme Bölgeleri Kanunu kapsamında Bölge sınırları içinde yürütülen faaliyetlerin Bölge dışında da yürütülmesine 11/10/2020 tarihinden itibaren 1 yıl süreyle sınırlı olmak üzere, Sanayi ve Teknoloji Bakanı tarafından izin verilebilir. **(Mülga cümle:RG-16/10/2020-7254/11 md.)** (…) İzin verilmesi durumunda, Sanayi ve Teknoloji Bakanlığının bilgilendirilmesi kaydıyla, 5746 sayılı Kanun ile 4691 sayılı Kanun kapsamındaki indirim, istisna, destek ve teşviklerden yararlanmaya devam edilir.<sup>(1)</sup>"},{"type":"text","content":"h\\) 25/6/2001 tarihli ve 4688 sayılı Kamu Görevlileri Sendikaları ve Toplu Sözleşme Kanununun 30 uncu maddesinin ikinci fıkrasının (a) bendinde öngörülen tespit 2020 yılı için 15 Temmuz 2020 tarihi esas alınarak gerçekleştirilir ve en geç 31 Temmuz 2020 tarihine kadar Aile, Çalışma ve Sosyal Hizmetler Bakanlığına gönderilir. Aynı fıkranın (b) bendi uyarınca yapılacak tespit ise 15 Temmuz 2020 tarihi esas alınarak yapılır ve Eylül ayının ilk haftasında Resmi Gazetede yayımlanır. Bu süreleri 15 Mayıs 2021 tarihine kadar uzatmaya Cumhurbaşkanı yetkilidir."},{"type":"text","content":"ı) 18/10/2012 tarihli ve 6356 sayılı Sendikalar ve Toplu İş Sözleşmesi Kanunu kapsamındaki yetki tespitlerinin verilmesi, toplu iş sözleşmelerinin yapılması, toplu iş uyuşmazlıklarının çözümü ile grev ve lokavta ilişkin süreler bu maddenin yürürlüğe girdiği tarihten itibaren üç ay süreyle uzatılmıştır. Cumhurbaşkanı, bu bentte yer alan üç aylık süreyi bitiminden itibaren üç aya kadar uzatmaya yetkilidir."},{"type":"text","content":"i\\) Hazinenin özel mülkiyetindeki taşınmazların satışı, kiraya verilmesi, trampası, arsa veya kat karşılığı inşaat yaptırılması ve sınırlı ayni hak tesisi işlemleri ile Devletin hüküm ve tasarrufu altındaki yerlerin kiraya verilmesi ve kullanma izni verilmesi ihaleleri, 31/7/2020 tarihine kadar hizmet bedeli karşılığında Çevre ve Şehircilik Bakanlığının bağlı ve ilgili kuruluşları ile bunların iştiraklerine ait teknik altyapı kullanılmak suretiyle elektronik ortamda yapılabilir. Bu süre Çevre ve Şehircilik Bakanınca 3 aya kadar uzatılabilir. Bu ihalelere ilişkin usul ve esaslar Çevre ve Şehircilik Bakanlığı tarafından belirlenir."},{"type":"text","content":"j\\) **(Ek:RG-16/10/2020-7254/11 md.)** Mülkiyeti Vakıflar Genel Müdürlüğü ve mazbut vakıflara ait taşınmazların yapım veya onarım karşılığı kiralama, restorasyon veya onarım karşılığı kiralama ve kat karşılığı inşaat modeliyle yapım işlerinde 11/3/2020 tarihinden itibaren 31/12/2020 tarihine kadar inşai faaliyetlere ilişkin olarak süre uzatımı vermeye ve mülkiyeti Vakıflar Genel Müdürlüğü ve mazbut vakıflara ait taşınmazlara ilişkin olarak kira sözleşmelerine istinaden ödenmesi gereken bedeller ile ecrimisil bedellerinden 11/3/2020 tarihinden itibaren tahsil edilmesi gerekenleri başvuru şartı aranmaksızın 31/12/2020 tarihine kadar ertelemeye Kültür ve Turizm Bakanı yetkilidir. Bu alacaklar ertelenen süre sonunda ertelenen süre kadar aylık eşit taksitler halinde, herhangi bir gecikme zammı ve faiz uygulanmadan tahsil edilir."},{"type":"text","content":"k\\) **(Ek:RG-16/10/2020-7254/11 md.)** Kültür ve Turizm Bakanlığına tahsisli veya tasarrufundaki taşınmazların maktu bedel esas alınarak Döner Sermaye İşletmesi tarafından üçüncü kişilere kiraya verilmesine ilişkin sözleşmelere istinaden ödenmesi gereken bedellerden 11/3/2020 tarihinden itibaren tahsil edilmesi gerekenleri başvuru şartı aranmaksızın 31/12/2020 tarihine kadar ertelemeye Kültür ve Turizm Bakanı yetkilidir. Bu süreler bitiminden itibaren Kültür ve Turizm Bakanı tarafından 3 aya kadar uzatılabilir. Bu alacaklar ertelenen süre sonunda, ertelenen süre kadar aylık eşit taksitler halinde, herhangi bir gecikme zammı ve faiz uygulanmadan tahsil edilir."},{"type":"text","content":"l\\) **(Ek:11/11/2020-7256/44 md.) ** 31/10/2006 tarihli ve 5553 sayılı Tohumculuk Kanunu kapsamında 2020 yılında yapılması gereken genel kurul toplantıları 31/12/2020 tarihine kadar ertelenir. Bu süre, Tarım ve Orman Bakanınca dört aya kadar uzatılabilir. Ertelenen genel kurul toplantıları, ertelemenin sona erdiği tarihten itibaren üç ay içinde yapılır. Mevcut organların görev, yetki ve sorumlulukları erteleme süresi sonrasında yapılacak ilk genel kurula kadar devam eder."}]},{"type":"header","content":"MADDE 3 – (14/9/1972 tarihli ve 1618 sayılı Seyahat Acentaları ve Seyahat Acentaları Birliği Kanunu ile ilgili olup yerine işlenmiştir.)"},{"type":"header","content":"MADDE 4 – (4/11/1981 tarihli ve 2547 sayılı Yükseköğretim Kanunu ile ilgili olup yerine işlenmiştir.)"},{"type":"header","content":"MADDE 5 – (24/5/1983 tarihli ve 2828 sayılı Sosyal Hizmetler Kanunu ile ilgili olup yerine işlenmiştir.)"},{"type":"header","content":"MADDE 6 – 7 – 8 – (25/8/1999 tarihli ve 4447 sayılı İşsizlik Sigortası  Kanunu ile ilgili olup yerine işlenmiştir.)"},{"type":"header","content":"MADDE 9 – (22/5/2003 tarihli ve 4857 sayılı İş Kanununa ile ilgili olup yerine işlenmiştir.)"},{"type":"header","content":"MADDE 10 – (10/12/2003 tarihli ve 5018 sayılı Kamu Malî Yönetimi ve Kontrol Kanunu ile ilgili olup yerine işlenmiştir.)"},{"type":"header","content":"MADDE 11 – (21/3/2007 tarihli ve 5607 sayılı Kaçakçılıkla Mücadele Kanunu ile ilgili olup yerine işlenmiştir.)"},{"type":"header","content":"MADDE 12 – (13/1/2011 tarihli ve 6102 sayılı Türk Ticaret Kanunu ile ilgili olup yerine işlenmiştir.)"},{"type":"header","content":"MADDE 13 – 14 – (14/1/2015 tarihli ve 6585 sayılı Perakende Ticaretin Düzenlenmesi Hakkında Kanun ile ilgili olup yerine işlenmiştir.)"},{"type":"header","content":"MADDE 15 –16 – (19/8/2016 tarihli ve 6741 sayılı Türkiye Varlık Fonu Yönetimi Anonim Şirketinin Kurulması ile Bazı Kanunlarda Değişiklik Yapılmasına Dair Kanun ile ilgili olup yerine işlenmiştir.)"},{"type":"header","content":"Yürürlük"},{"type":"madde","maddeStr":"MADDE 17 –","number":17,"content":"(1) Bu Kanunun;","subsections":[{"type":"text","content":"a\\) 2 nci maddesinin birinci fıkrasının (ç), (d), (e) ve (ğ) bentleri 10/3/2020 tarihinden itibaren geçerli olmak üzere yayımı tarihinde,"},{"type":"text","content":"b\\) 8 inci maddesi 29/2/2020 tarihinden itibaren uygulanmak üzere yayımı tarihinde,"},{"type":"text","content":"c\\) Diğer maddeleri yayımı tarihinde,"},{"type":"text","content":"yürürlüğe girer."}]},{"type":"header","content":"Yürütme"},{"type":"madde","maddeStr":"MADDE 18 –","number":18,"content":"(1) Bu Kanun hükümlerini Cumhurbaşkanı yürütür.","subsections":[]},{"type":"header","content":"7244 SAYILI KANUNA EK VE DEĞİŞİKLİK GETİREN MEVZUATIN YÜRÜRLÜĞE GİRİŞ TARİHİNİ GÖSTERİR LİSTE"},{"type":"table","content":"<table> <colgroup> <col style=\"width: 33%\" /> <col style=\"width: 33%\" /> <col style=\"width: 33%\" /> </colgroup> <tbody> <tr class=\"odd\"> <td><strong>Değiştiren Kanunun/ KHK’nin Numarası</strong></td> <td><strong>7244 Sayılı Kanunun Değişen veya İptal Edilen Maddeleri</strong></td> <td><strong>Yürürlüğe Giriş Tarihi</strong></td> </tr> <tr class=\"even\"> <td>7254</td> <td>2</td> <td>16/10/2020</td> </tr> <tr class=\"odd\"> <td>7256</td> <td>2</td> <td>17/11/2020</td> </tr> <tr class=\"even\"> <td>7261</td> <td>1</td> <td>30/12/2020</td> </tr> <tr class=\"odd\"> <td>7333</td> <td>2</td> <td>28/7/2021</td> </tr> </tbody> </table>"},{"type":"freeText","content":"*[**\\[1\\]**](#Xf4c8113f07524640efcbf4d5822e1fc633a9e60) 16/10/2020 tarihli ve 7254 sayılı Kanunun 11 inci fıkrasıyla bu maddenin birinci fıkrasının (ğ) bendinde yer alan “11/3/2020” ibaresi “11/10/2020” şeklinde, “4 ay süreyle” ibaresi “1 yıl süreyle” şeklinde değiştirilmiştir.*"},{"type":"freeText","content":"*[**\\[2\\]**](#X6ae359e89ea24432127ac5e463063b1e05d509f) 11/11/2020 tarihli ve 7256 sayılı Kanunun 44 üncü maddesiyle, 2 nci maddesinin birinci fıkrasının (ç), (d) ve (e) bentlerinde yer alan “3 aya” ibaresi “üçer aylık sürelerle üç defaya” şeklinde değiştirilmiştir.*"},{"type":"freeText","content":"*[**\\[3\\]**](#Xf0528bef64216d9d6f707b444a9ce269548b11a) 18/7/2021 tarihli ve 7333 sayılı Kanunun 21 inci maddesiyle, bu bendin üçüncü cümlesinde yer alan “üç ay” ibaresi “altı ay” şeklinde değiştirilmiştir.*"}]