[{"type":"header","content":"KUZEY ATLANTİK ANTLAŞMASINA FİNLANDİYA CUMHURİYETİNİN"},{"type":"header","content":"KATILIMINA İLİŞKİN PROTOKOLÜN ONAYLANMASININ"},{"type":"header","content":"UYGUN BULUNDUĞUNA DAİR KANUN"},{"type":"header","content":"Kanun Numarası                    : 7448"},{"type":"header","content":"Kabul Tarihi                           : 30/3/2023"},{"type":"header","content":"Yayımlandığı Resmî Gazete   : Tarih: 1/4/2023          Sayı: 32150"},{"type":"madde","maddeStr":"MADDE 1-","number":1,"content":"(1) 5 Temmuz 2022 tarihinde Brüksel’de imzalanan “Kuzey Atlantik Antlaşmasına Finlandiya Cumhuriyetinin Katılımına İlişkin Protokol”ün onaylanması uygun bulunmuştur.","subsections":[]},{"type":"madde","maddeStr":"MADDE 2-","number":2,"content":"(1) Bu Kanun yayımı tarihinde yürürlüğe girer.","subsections":[]},{"type":"madde","maddeStr":"MADDE 3-","number":3,"content":"(1) Bu Kanun hükümlerini Cumhurbaşkanı yürütür.","subsections":[]}]