[{"type":"header","content":"İSTANBUL FİNANS MERKEZİ KANUNU"},{"type":"header","content":"Kanun Numarası                    : 7412"},{"type":"header","content":"Kabul Tarihi                           : 22/6/2022"},{"type":"header","content":"Yayımlandığı Resmî Gazete   : Tarih: 28/6/2022          Sayı: 31880"},{"type":"header","content":"Amaç ve kapsam"},{"type":"madde","maddeStr":"MADDE 1-","number":1,"content":"(1) Bu Kanunun amacı; Türkiye Cumhuriyeti’nin finansal rekabet gücünü uluslararası alanda artırmak, finansal piyasalar ile ürün ve hizmetlerin gelişmesine ve derinleşmesine katkıda bulunmak, uluslararası finans ve sermaye piyasalarına entegrasyonu güçlendirmek ve bu sayede İstanbul Finans Merkezinin önde gelen küresel finans merkezlerinden biri olmasını sağlamaktır.","subsections":[{"type":"text","content":"\\(2\\) Bu Kanun, İstanbul Finans Merkezi alanını, İstanbul Finans Merkezinin yönetilmesine ve işletilmesine dair hükümleri, İstanbul Finans Merkezinde gerçekleştirilen faaliyetleri ve bu faaliyetlere dair teşvik, indirim, istisna ve muafiyetleri düzenlemektedir."}]},{"type":"header","content":"Tanımlar ve kısaltmalar"},{"type":"madde","maddeStr":"MADDE 2-","number":2,"content":"(1) Bu Kanunun uygulanmasında;","subsections":[{"type":"text","content":"a\\) Finansal faaliyetler:"},{"type":"text","content":"1\\) 20/2/1930 tarihli ve 1567 sayılı Türk Parasının Kıymetini Koruma Hakkında Kanun,"},{"type":"text","content":"2\\) 28/3/2001 tarihli ve 4632 sayılı Bireysel Emeklilik Tasarruf ve Yatırım Sistemi Kanunu,"},{"type":"text","content":"3\\) 19/10/2005 tarihli ve 5411 sayılı Bankacılık Kanunu,"},{"type":"text","content":"4\\) 23/2/2006 tarihli ve 5464 sayılı Banka Kartları ve Kredi Kartları Kanunu,"},{"type":"text","content":"5\\) 3/6/2007 tarihli ve 5684 sayılı Sigortacılık Kanunu,"},{"type":"text","content":"6\\) 21/11/2012 tarihli ve 6361 sayılı Finansal Kiralama, Faktoring, Finansman ve Tasarruf Finansman Şirketleri Kanunu,"},{"type":"text","content":"7\\) 6/12/2012 tarihli ve 6362 sayılı Sermaye Piyasası Kanunu,"},{"type":"text","content":"8\\) 20/6/2013 tarihli ve 6493 sayılı Ödeme ve Menkul Kıymet Mutabakat Sistemleri, Ödeme Hizmetleri ve Elektronik Para Kuruluşları Hakkında Kanun,"},{"type":"text","content":"kapsamında belirtilen faaliyetleri, hizmetleri ve işlemleri,"},{"type":"text","content":"b\\) Finansal kuruluşlar: Finansal faaliyette bulunan tüzel kişileri, bunların şubelerini, irtibat bürolarını, temsilciliklerini ve ulusal varlık fonlarını,"},{"type":"text","content":"c\\) İFM: Ekli (1) sayılı koordinatlı kroki ve liste ile tespit edilen İstanbul Finans Merkezi Bölgesini,"},{"type":"text","content":"ç) Kapsam dışı alan: İFM sınırları içerisinde yer alan, ofis alanı dışında kalan ve ofis kullanım amacı dışına özgülenmiş alışveriş merkezi, otel ve benzeri yerlerden oluşan alanı,"},{"type":"text","content":"d\\) Katılımcı: Katılımcı belgesi alarak ofis alanında faaliyet gösterecek gerçek ve tüzel kişileri, bunların şubeleri ile temsilciliklerini, adi ortaklıkları, irtibat bürolarını, bölgesel yönetim merkezlerini ve ulusal varlık fonlarını,"},{"type":"text","content":"e\\) Katılımcı belgesi: Katılımcıya ofis alanında yer alan ilgili bağımsız bölüm ve ortak alanlardan yararlanma imkânı veren; düzenlenmesine, askıya alınmasına ve iptal edilmesine ilişkin usul ve esasların uygulama yönetmeliğinde belirlendiği belgeyi,"},{"type":"text","content":"f\\) Ofis alanı: Katılımcı belgesi almak suretiyle İFM sınırları içerisinde kullanılabilen, ofis kullanım amacına özgülenmiş bağımsız bölümlerden oluşan alanı,"},{"type":"text","content":"g\\) Yönetici şirket: Bu Kanun kapsamında verilen görev ve yetkileri kullanmak üzere Türkiye Varlık Fonu tarafından kurulan ve özel hukuk hükümlerine tabi olarak faaliyet gösteren anonim şirketi,"},{"type":"text","content":"ifade eder."}]},{"type":"header","content":"Alan ve katılımcı belgesi"},{"type":"madde","maddeStr":"MADDE 3-","number":3,"content":"(1) Ekli (1) sayılı koordinatlı kroki ve liste ile tespit edilen alan, bu Kanun ve ilgili diğer kanunlar kapsamında yer alan faaliyetlerin yürütüleceği İFM olarak belirlenmiştir.","subsections":[{"type":"text","content":"\\(2\\) Kapsam dışı alan hakkında 6 ncı, 7 nci ve 8 inci maddeler uygulanmaz."},{"type":"text","content":"\\(3\\) Ofis alanında faaliyet göstermek üzere katılımcılara Cumhurbaşkanlığı Finans Ofisi tarafından katılımcı belgesi verilir."},{"type":"text","content":"\\(4\\) Katılımcı belgesi verilmesine, katılımcı belgesi muafiyet koşullarına, katılımcı belgesinin askıya alınması ve iptaline ilişkin hususlar dâhil katılımcı belgesine dair usul ve esaslar uygulama yönetmeliğinde düzenlenir."}]},{"type":"header","content":"Tek durak büro"},{"type":"madde","maddeStr":"MADDE 4-","number":4,"content":"(1) Katılımcıların faaliyetlerine ilişkin izin, ruhsat, lisans ve benzeri onay başvuruları ile bunların çalışanlarına ve bu çalışanların bakmakla yükümlü olduğu kişilere ilişkin izin ve onay gibi başvuruların yapılabilmesi ve bu başvuru süreçlerinin hızlandırılması amacıyla kamu kurum ve kuruluşlarının ilgili birimlerinin görev alacağı tek durak büro oluşturulur.","subsections":[{"type":"text","content":"\\(2\\) Tek durak büroda; Çalışma ve Sosyal Güvenlik Bakanlığı, Çevre, Şehircilik ve İklim Değişikliği Bakanlığı, Hazine ve Maliye Bakanlığı, İçişleri Bakanlığı, Ticaret Bakanlığı temsilcileri ile bu bakanlıklarca gerekli görülmesi hâlinde bunların bağlı, ilgili, ilişkili kuruluşları veya bu bakanlıkların denetiminde olan kamu kurum ve kuruluşlarının temsilcileri ve ilgili ilçe belediyesi temsilcileri yer alır."},{"type":"text","content":"\\(3\\) İFM’de gerçekleştirilecek iş ve işlemlerin tek elden takibini yapmak ve tek durak büroda yer alan kamu kurum ve kuruluşları arasındaki koordinasyonu sağlamak amacıyla tek durak büro, ilgili mevzuat hükümleri saklı kalmak kaydıyla, Cumhurbaşkanlığı Finans Ofisi tarafından sevk ve idare edilir. İhtiyaç duyulması hâlinde farklı bakanlık, kamu kurum ve kuruluşları da tek durak büroya dâhil edilebilir. Tek durak büronun işleyişine dair usul ve esaslar uygulama yönetmeliğinde düzenlenir."}]},{"type":"header","content":"Finansal hizmet ihracatı"},{"type":"madde","maddeStr":"MADDE 5-","number":5,"content":"(1) Katılımcı belgesi alarak finansal faaliyet gösteren kuruluşların yurt dışında yerleşik kişilere sundukları finansal hizmetler, hizmetten nihai olarak yurt dışında faydalanılması koşuluyla, finansal hizmet ihracatı olarak değerlendirilir.","subsections":[{"type":"text","content":"\\(2\\) Finansal kuruluşların kendi nam ve hesabına gerçekleştirdikleri türev işlemleri, portföylerine varlık alma veya portföylerinden varlık satma işlemleri ile yurt içinde yerleşik kişilerin tasarruflarını yurt dışına çıkaran faaliyetleri, hizmetleri ve işlemleri finansal hizmet ihracatı olarak değerlendirilmez."}]},{"type":"header","content":"Vergi ve diğer mali yükümlülüklere ilişkin istisna ve indirimler"},{"type":"madde","maddeStr":"MADDE 6-","number":6,"content":"(1) Katılımcı belgesi almış finansal kuruluşlar tarafından İFM’de gerçekleştirilen finansal hizmet ihracatı niteliğindeki;","subsections":[{"type":"text","content":"a\\) Faaliyetler kapsamında elde edilen kazançların %75’i kurumlar vergisi matrahının tespitinde, kurumlar vergisi beyannamesi üzerinde ayrıca gösterilmek şartıyla, kurum kazancından indirilir."},{"type":"text","content":"b\\) İşlemler ile bu işlemler nedeniyle lehe alınan paralar banka ve sigorta muameleleri vergisinden müstesnadır."},{"type":"text","content":"c\\) Faaliyetlere ilişkin işlemler her türlü harçtan, bu işlemlere ilişkin düzenlenen kâğıtlar damga vergisinden müstesnadır."},{"type":"text","content":"\\(2\\) Katılımcı belgesi almış finansal kuruluşların İFM’de istihdam ettikleri personele ödenen aylık ücretin gerçek safi değerinin; yurt dışında en az beş yıllık mesleki tecrübeye sahip kişilerde %60’ı, yurt dışında en az on yıllık mesleki tecrübeye sahip kişilerde ise %80’i gelir vergisinden müstesnadır. Bu fıkra kapsamında belirtilen istisna, İFM’de çalışmaya başlamadan önceki son üç yılda Türkiye’de çalışmamış olan personelin ücret gelirlerine uygulanır."},{"type":"text","content":"\\(3\\) İFM’de yer alan taşınmazların kiralanmasına dair işlemler her türlü harçtan ve bu işlemlere ilişkin düzenlenen kâğıtlar damga vergisinden müstesnadır."},{"type":"text","content":"\\(4\\) En az üç ülkede aktif olarak faaliyet gösteren katılımcıların bölgesel hazine ve finansal yönetim merkezleri hakkında da bu madde hükümleri uygulanır."}]},{"type":"header","content":"Ortak düzenlemeler"},{"type":"madde","maddeStr":"MADDE 7-","number":7,"content":"(1) Katılımcıların tutmak zorunda oldukları defterler ile düzenleyecekleri belgelerin yabancı para birimiyle tutulabilmesi ve düzenlenebilmesine ilişkin olarak, 4/1/1961 tarihli ve 213 sayılı Vergi Usul Kanunu ile 13/1/2011 tarihli ve 6102 sayılı Türk Ticaret Kanunu hükümlerine bağlı olmaksızın düzenleme yapmaya Hazine ve Maliye Bakanlığı yetkilidir.","subsections":[{"type":"text","content":"\\(2\\) Katılımcıların kendi aralarında ve İFM’de yürüttükleri faaliyetler kapsamında düzenlenen her nevi muamele, mukavele ve muhabere hakkında 10/4/1926 tarihli ve 805 sayılı İktisadi Müesseselerde Mecburi Türkçe Kullanılması Hakkında Kanunun 1 inci ve 3 üncü maddeleri uygulanmaz."},{"type":"text","content":"\\(3\\) Katılımcıların kendi aralarında İFM’de yürüttükleri faaliyetler kapsamında, katılımcıların faaliyetlerinin tabi olduğu mevzuata aykırı olmaması kaydıyla, özel hukuka tabi olarak yaptıkları her nevi işlem ve sözleşmelerde serbestçe hukuk seçimi yapılabilir."},{"type":"text","content":"\\(4\\) En az üç ülkede aktif olarak faaliyet gösteren katılımcıların bölgesel hazine ve finansal yönetim merkezleri hakkında da bu madde hükümleri uygulanır."}]},{"type":"header","content":"Yabancı personel istihdamı"},{"type":"madde","maddeStr":"MADDE 8-","number":8,"content":"(1) İFM’de faaliyet gösterecek katılımcılar ile en az üç ülkede aktif olarak faaliyet gösteren katılımcıların bölgesel hazine ve finansal yönetim merkezleri, Çalışma ve Sosyal Güvenlik Bakanlığı tarafından 28/7/2016 tarihli ve 6735 sayılı Uluslararası İşgücü Kanunu uyarınca düzenlenen çalışma izni ile yabancı uyruklu personel çalıştırabilir. Bu kapsamda yapılacak çalışma izni başvuruları 6735 sayılı Kanunun 16 ncı maddesi çerçevesinde istisnai olarak değerlendirilir.","subsections":[]},{"type":"header","content":"Taşınmazlara ilişkin düzenlemeler"},{"type":"madde","maddeStr":"MADDE 9-","number":9,"content":"(1) İFM’de bulunan taşınmazlar, yalnızca projesinde ve yönetim planında belirlenen amaçlar doğrultusunda kullanılabilir. İFM’de her tür ve ölçekteki mekânsal plan, parselasyon planı, arsa ve arazi düzenlemesi, jeolojik ve jeoteknik etüt, mikro bölgeleme, harita ve kentsel tasarım projeleri yapmaya, yaptırmaya ve onaylamaya Çevre, Şehircilik ve İklim Değişikliği Bakanlığı yetkilidir.","subsections":[{"type":"text","content":"\\(2\\) İFM yönetim planı ve işletme projesi, yönetici şirket tarafından hazırlanarak resen tescil ettirilir."},{"type":"text","content":"\\(3\\) Katılımcı belgesinin herhangi bir sebeple iptal edilmesi durumunda, katılımcıların İFM’de faaliyette bulunmak üzere yaptıkları kira sözleşmesi de kendiliğinden sona erer. Kira sözleşmesi tapuya şerh edilmişse yönetici şirketin talebiyle şerh terkin edilir. Bu şekilde sona eren kira sözleşmelerine konu taşınmazların tahliyesi hakkında 4/12/1984 tarihli ve 3091 sayılı Taşınmaz Mal Zilyedliğine Yapılan Tecavüzlerin Önlenmesi Hakkında Kanun hükümleri uygulanır."}]},{"type":"header","content":"Yönetmelik"},{"type":"madde","maddeStr":"MADDE 10-","number":10,"content":"(1) Bu Kanunun uygulanmasına ilişkin usul ve esaslar ile diğer hususlar Cumhurbaşkanı tarafından çıkarılan uygulama yönetmeliğinde düzenlenir.","subsections":[]},{"type":"header","content":"Kurumlar vergisine ve harçlara ilişkin ilave muafiyet"},{"type":"madde","maddeStr":"GEÇİCİ MADDE 1-","number":1,"content":"(1) 6 ncı maddenin birinci fıkrasının (a) bendinde yer alan %75 oranı, kurumların 2022 ila 2031 yılları vergilendirme dönemlerine ait kurum kazançları için %100 olarak uygulanır. Bu dönemler özel hesap dönemi tayin edilen kurumlar için ilgili yıllar içinde başlayan hesap dönemlerini kapsar.","subsections":[{"type":"text","content":"\\(2\\) Katılımcı belgesi almış finansal kuruluşların İFM’de bulunan merkez ve şubelerinden, 2/7/1964 tarihli ve 492 sayılı Harçlar Kanunu gereğince alınması gereken finansal faaliyet harçları, bu Kanunun yürürlük tarihinden itibaren beş yıl süreyle alınmaz. Kanunun yürürlük tarihi itibarıyla tahakkuk etmiş harçlar terkin edilmez, tahsil olunanlar iade edilmez."}]},{"type":"header","content":"İstanbul Finans Merkezi Bölgesinin yönetilmesine dair geçiş hükmü"},{"type":"madde","maddeStr":"GEÇİCİ MADDE 2-","number":2,"content":"(1) İFM’de tüm altyapı ve üstyapının işletilmesi, yönetilmesi, bağımsız bölümlerin ve alanların kiralanması ile kamuya ait olan ve imar planında belirlenen fonksiyonlar doğrultusunda ilgili kurumlara tahsis edilmiş alanlar hariç olmak üzere umumi hizmetlere ayrılmış yol, meydan, yeşil alan, park ve benzeri yerlere dair her türlü yönetim faaliyeti yirmi yıl süreyle yönetici şirket tarafından gerçekleştirilir.","subsections":[{"type":"text","content":"\\(2\\) 23/6/1965 tarihli ve 634 sayılı Kat Mülkiyeti Kanunu kapsamında kat malikleri kurulu, ada temsilciler kurulu ve toplu yapı temsilciler kuruluna ait yetkiler İFM’de bulunan taşınmazlar açısından yirmi yıl süreyle yönetici şirket tarafından kullanılır."}]},{"type":"header","content":"Yürürlük"},{"type":"madde","maddeStr":"MADDE 11-","number":11,"content":"(1) Bu Kanun yayımı tarihinde yürürlüğe girer.","subsections":[]},{"type":"header","content":"Yürütme"},{"type":"madde","maddeStr":"MADDE 12-","number":12,"content":"(1) Bu Kanun hükümlerini Cumhurbaşkanı yürütür.","subsections":[{"type":"text","content":"[**Eki için tıklayınız.**](https://www.resmigazete.gov.tr/eskiler/2022/06/20220628-16-1.pdf)"}]}]