[{"type":"header","content":"OLAĞANÜSTÜ HAL KAPSAMINDA BAZI TEDBİRLER ALINMASI HAKKINDA"},{"type":"header","content":"KANUN HÜKMÜNDE KARARNAMENİN KABUL EDİLMESİNE DAİR KANUN[\\[1\\]](#Xc217c44f9d6f9d647df03178eb8b64fb8f54252)"},{"type":"header","content":"Kanun Numarası                    : 7089"},{"type":"header","content":"Kabul Tarihi                           : 7/2/2018"},{"type":"header","content":"Yayımlandığı Resmî Gazete   : Tarih  : 8/3/2018          Sayı  : 30354 (Mükerrer)"},{"type":"header","content":"Yayımlandığı Düstur              : Tertip : 5                      Cilt   : 59"},{"type":"header","content":"Kamu personeline ilişkin tedbirler"},{"type":"madde","maddeStr":"MADDE 1-","number":1,"content":"(1) Terör örgütlerine veya Milli Güvenlik Kurulunca Devletin milli güvenliğine karşı faaliyette bulunduğuna karar verilen yapı, oluşum veya gruplara üyeliği, mensubiyeti veya iltisakı yahut bunlarla irtibatı olan ve ekli (1) sayılı listede yer alan kişiler kamu görevinden başka hiçbir işleme gerek kalmaksızın çıkarılmıştır. Bu kişilere ayrıca herhangi bir tebligat yapılmaz. Haklarında ayrıca özel kanun hükümlerine göre işlem tesis edilir.","subsections":[{"type":"text","content":"\\(2\\) Birinci fıkra gereğince kamu görevinden çıkarılan kişilerin, mahkûmiyet kararı aranmaksızın rütbe ve/veya memuriyetleri alınır ve bu kişiler görev yaptıkları teşkilata yeniden kabul edilmezler; bir daha kamu hizmetinde istihdam edilemezler, doğrudan veya dolaylı olarak görevlendirilemezler; bunların uhdelerinde bulunan her türlü mütevelli heyet, kurul, komisyon, yönetim kurulu, denetim kurulu, tasfiye kurulu üyeliği ve sair görevleri de sona ermiş sayılır. Bunların silah ruhsatları, gemi adamlığına ilişkin belgeleri ve pilot lisansları iptal edilir ve bu kişiler oturdukları kamu konutlarından veya vakıf lojmanlarından onbeş gün içinde tahliye edilir. Bu kişiler özel güvenlik şirketlerinin kurucusu, ortağı ve çalışanı olamazlar. Bu kişiler hakkında bakanlıkları ve kurumlarınca ilgili pasaport birimine derhal bildirimde bulunulur. Bu bildirim üzerine pasaport birimlerince pasaportlar iptal edilir."},{"type":"text","content":"\\(3\\) Birinci fıkra kapsamında kamu görevinden çıkarılanlar, varsa uhdelerinde taşımış oldukları büyükelçi, vali gibi unvanları ve müsteşar, kaymakam ve benzeri meslek adlarını ve sıfatlarını kullanamazlar ve bu unvan, sıfat ve meslek adlarına bağlı olarak sağlanan haklardan yararlanamazlar."}]},{"type":"header","content":"İade hükümleri"},{"type":"madde","maddeStr":"MADDE 2-","number":2,"content":"(1) Ekli (2) sayılı listede yer alan kamu görevlileri, ilgili kanun hükmünde kararnamenin eki listelerin ilgili sıralarından çıkarılmıştır.","subsections":[{"type":"text","content":"\\(2\\) İlgili kanun hükmünde kararname hükümleri, birinci fıkrada belirtilen kişiler bakımından tüm hüküm ve sonuçlarıyla birlikte ilgili kanun hükmünde kararnamenin yayımı tarihinden geçerli olmak üzere ortadan kalkmış sayılır. Söz konusu personelden bu maddenin yürürlük tarihinden itibaren on gün içerisinde göreve başlamayanlar çekilmiş sayılır. Bu kapsamda"},{"type":"text","content":"göreve başlayanlara, kamu görevinden çıkarıldıkları tarihten göreve başladıkları tarihe kadar geçen süreye tekabül eden mali ve sosyal hakları ödenir. Bu kişiler, kamu görevinden çıkarılmalarından dolayı herhangi bir tazminat talebinde bulunamaz. Bu personelin görevlerine iadesi, kamu görevinden çıkarıldıkları tarihte bulundukları yöneticilik görevi dışında öğrenim durumları ve kazanılmış hak aylık derecelerine uygun kadro ve pozisyonlara atanmak suretiyle de yerine getirilebilir. Bu maddeye ilişkin işlemler ilgili bakanlık ve kurumlar tarafından yürütülür."}]},{"type":"header","content":"Rütbesi alınan emekli Türk Silahlı Kuvvetleri personeli"},{"type":"madde","maddeStr":"MADDE 3-","number":3,"content":"(1) Türk Silahlı Kuvvetlerinden emekliye sevk edilen, kendi isteğiyle emekli olan, 31/1/2013 tarihli ve 6413 sayılı Türk Silahlı Kuvvetleri Disiplin Kanunu hükümlerine göre Silahlı Kuvvetlerden ayırma cezası alan, Devlet memurluğundan çıkarılan, sözleşmeleri fesih edilen, müstafi sayılan veya istifa eden subay, sözleşmeli subay, astsubay, sözleşmeli astsubay, Devlet memuru, işçi, uzman erbaş, sözleşmeli erbaş ve erler ile 27/7/1967 tarihli ve 926 sayılı Türk Silâhlı Kuvvetleri Personel Kanununun geçici 32 nci maddesi kapsamında haklarında işlem tesis edilenlerden; terör örgütlerine veya Milli Güvenlik Kurulunca Devletin milli güvenliğine karşı faaliyette bulunduğuna karar verilen yapı, oluşum veya gruplara üyeliği, mensubiyeti veya iltisakı yahut bunlarla irtibatı olduğu değerlendirilen ve ekli (3) sayılı listede yer alanların rütbeleri alınır ve emekli kimlikleri iptal edilir. Bu kişiler kamu görevine yeniden kabul edilmezler, doğrudan veya dolaylı görevlendirilemezler. Ayrıca bunlar uhdelerinde taşımış oldukları mesleki unvanları ve sıfatlarını kullanamazlar ve bu unvan ve sıfatlarına bağlı olarak sağlanan haklardan yararlanamazlar. Bu kişilerin uhdelerinde bulunan her türlü mütevelli heyet, kurul, komisyon, yönetim kurulu, denetim kurulu, tasfiye kurulu üyeliği ve sair görevleri de sona ermiş sayılır. Bunların silah ruhsatları, gemi adamlığına ilişkin belgeleri, pilot lisansları ve ilgili pasaport birimlerince pasaportları iptal edilir. Bu kişiler özel güvenlik şirketlerinin kurucusu, ortağı ve çalışanı olamazlar.","subsections":[]},{"type":"header","content":"Kurum ve kuruluşlara ilişkin tedbirler"},{"type":"madde","maddeStr":"MADDE 4-","number":4,"content":"(1) Ekli (4) sayılı listede yer alan dernek, ilgili kanun hükmünde kararnamenin eki listenin ilgili sırasından çıkarılmıştır. İlgili kanun hükmünde kararname hükümleri, söz konusu dernek bakımından tüm hüküm ve sonuçlarıyla birlikte ilgili kanun hükmünde kararnamenin yürürlük tarihinden geçerli olmak üzere ortadan kalkmış sayılır. Buna ilişkin işlemler ilgisine göre İçişleri Bakanlığı ve Maliye Bakanlığı tarafından yerine getirilir.","subsections":[]},{"type":"header","content":"Yurtdışında öğrenim görenler"},{"type":"madde","maddeStr":"MADDE 5","number":5,"content":"- (1) 8/4/1929 tarihli ve 1416 sayılı Ecnebi Memleketlere Gönderilecek Talebe Hakkında Kanuna tabi öğrencilerden, terör örgütlerine veya Milli Güvenlik Kurulunca Devletin milli güvenliğine karşı faaliyette bulunduğuna karar verilen yapı, oluşum veya gruplara aidiyeti, iltisakı veya bunlarla irtibatı olan ve ekli (5) sayılı listede yer alanların öğrencilikle ilişikleri kesilmiştir. Bunlar hakkında 18/10/2016 tarihli ve 6749 sayılı Olağanüstü Hal Kapsamında Alınan Tedbirlere İlişkin Kanun Hükmünde Kararnamenin Değiştirilerek Kabul Edilmesine Dair Kanunun 4 üncü maddesinin ikinci ve üçüncü fıkraları hükümleri uygulanır. Bunların bu kapsamda gördükleri eğitimlere ilişkin olarak denklik işlemleri yapılmaz ve bunlar söz konusu eğitimleri kapsamındaki akademik unvan ve derecelerine bağlı haklardan yararlanamazlar.","subsections":[{"type":"text","content":"\\(2\\) Ekli (6) sayılı listede yer alan kişi, ilgili kanun hükmünde kararnamenin eki listenin ilgili sırasından çıkarılmıştır. İlgili kanun hükmünde kararname hükümleri, bu kişi bakımından tüm hüküm ve sonuçlarıyla birlikte ilgili kanun hükmünde kararnamenin yayımı tarihinden itibaren ortadan kalkmış sayılır."}]},{"type":"header","content":"Geri alınan madalyalar"},{"type":"madde","maddeStr":"MADDE 6-","number":6,"content":"(1) Terör örgütlerine veya Milli Güvenlik Kurulunca Devletin milli güvenliğine karşı faaliyette bulunduğuna karar verilen yapı, oluşum veya gruplara aidiyeti, iltisakı veya bunlarla irtibatı olan ve ekli (7) sayılı listede yer alan kişilere 24/10/1983 tarihli ve 2933 sayılı Madalya ve Nişanlar Kanunu kapsamında verilmiş olan madalyalar geri alınmıştır.","subsections":[]},{"type":"header","content":"Yürürlük"},{"type":"madde","maddeStr":"MADDE 7-","number":7,"content":"(1) Bu Kanun yayımı tarihinde yürürlüğe girer.","subsections":[]},{"type":"header","content":"Yürütme"},{"type":"madde","maddeStr":"MADDE 8-","number":8,"content":"(1) Bu Kanun hükümlerini Bakanlar Kurulu yürütür.","subsections":[{"type":"text","content":"*[**\\[1\\]**](#Xf4c8113f07524640efcbf4d5822e1fc633a9e60) Bu Kanunun ekinde yer alan listeler için 8/3/2018 tarihli ve 30354 (Mükerrer) sayılı Resmi Gazete’ye bakınız.*"}]}]