[{"type":"header","content":"MİLLETLERARASI FİNANSMAN KURUMU ANA ANLAŞMASININ TADİL"},{"type":"header","content":"EDİLMESİNE İLİŞKİN 16/4/2020 TARİHLİ VE 273 SAYILI “GUVERNÖRLER"},{"type":"header","content":"KURULU KARARI”NIN ONAYLANMASININ UYGUN BULUNDUĞUNA VE"},{"type":"header","content":"MİLLETLERARASI FİNANSMAN KURUMUNA KATILMAK İÇİN"},{"type":"header","content":"HÜKÜMETE SALÂHİYET VERİLMESİNE DAİR KANUNDA"},{"type":"header","content":"DEĞİŞİKLİK YAPILMASINA İLİŞKİN KANUN"},{"type":"table","content":"<table> <colgroup> <col style=\"width: 50%\" /> <col style=\"width: 50%\" /> </colgroup> <tbody> <tr class=\"odd\"> <td><strong><u>Kanun No. 7450</u></strong></td> <td><strong><u>Kabul Tarihi: 31/3/2023</u></strong></td> </tr> <tr class=\"even\"> <td> </td> <td> </td> </tr> </tbody> </table>"},{"type":"madde","maddeStr":"MADDE 1-","number":1,"content":"(1) Milletlerarası Finansman Kurumu Ana Anlaşmasının tadil edilmesine ilişkin 16/4/2020 tarihli ve 273 sayılı “Guvernörler Kurulu Kararı”nın onaylanması uygun bulunmuştur.","subsections":[]},{"type":"header","content":"MADDE 2-  1/9/1956 tarihli ve 6850 sayılı Milletlerarası Finansman Kurumuna Katılmak İçin Hükümete Salâhiyet Verilmesine Dair Kanun ile ilgili olup, yerine işlenmiştir."},{"type":"madde","maddeStr":"MADDE 3-","number":3,"content":"(1) Bu Kanun yayımı tarihinde yürürlüğe girer.","subsections":[]},{"type":"madde","maddeStr":"MADDE 4-","number":4,"content":"(1) Bu Kanun hükümlerini Cumhurbaşkanı yürütür.","subsections":[]}]