[{"type":"header","content":"6771 SAYILI KANUNLA TÜRKİYE CUMHURİYETİ ANAYASASINDA YAPILAN"},{"type":"header","content":"DEĞİŞİKLİKLERE UYUM SAĞLANMASI AMACIYLA ÇEŞİTLİ KANUN VE"},{"type":"header","content":"KANUN HÜKMÜNDE KARARNAMELERDE DEĞİŞİKLİK YAPILMASI"},{"type":"header","content":"KONUSUNDA YETKİ KANUNU"},{"type":"header","content":"Kanun Numarası                    : 7142"},{"type":"header","content":"Kabul Tarihi                           : 10/5/2018"},{"type":"header","content":"Yayımlandığı Resmî Gazete   : Tarih  : 18/5/2018        Sayı  : 30425"},{"type":"header","content":"Yayımlandığı Düstur              : Tertip : 5                      Cilt   : 59"},{"type":"header","content":"Amaç ve kapsam"},{"type":"madde","maddeStr":"MADDE 1-","number":1,"content":"(1) Bu Kanunun amacı, 21/1/2017 tarihli ve 6771 sayılı Türkiye Cumhuriyeti Anayasasında Değişiklik Yapılmasına Dair Kanun ile 18/10/1982 tarihli ve 2709 sayılı Türkiye Cumhuriyeti Anayasasında yapılan değişikliklere uyum sağlamak üzere;","subsections":[{"type":"text","content":"a\\) Kamu kurum ve kuruluşlarının kuruluş, teşkilat, görev ve yetkilerinin düzenlenmesi,"},{"type":"text","content":"b\\) Kanunlar ve kanun hükmünde kararnamelerde yer alan tüzük, Bakanlar Kurulu, İcra Vekilleri Heyeti, İcra Vekilleri Heyeti Kararı, Bakanlar Kurulu Kararı, Bakanlar Kurulu Yönetmeliği, Hükümet, Başbakan, Başvekil, Başbakanlık, Başvekalet, sıkıyönetim,  nizamname, kanun tasarısı gibi bazı ibarelerin değiştirilmesi, yürürlükten kaldırılması veya bu çerçevede kanunlar ve kanun hükmünde kararnamelerde yer alan ilgili hükümlerin yeniden düzenlenmesi,"},{"type":"text","content":"c\\) Mevcut bağlı, ilgili ve ilişkili kuruluşların bağlılık ve ilgilerinin yeniden belirlenmesi,"},{"type":"text","content":"ç) Uygulama imkânı kalmayan kanun ve kanun hükmünde kararnamelerin yürürlükten kaldırılması,"},{"type":"text","content":"d\\) Kanun ve kanun hükmünde kararnamelerde yer alan bakanlıkların, kamu kurum ve kuruluşlarının kurulması, kaldırılması, görevleri, yetkileri, personeli ve teşkilat yapısı ile merkez ve taşra teşkilatlarının kurulması ve üst kademe kamu yöneticilerinin atanmaları ile görevlerine son verilmesine ilişkin usul ve esasların düzenlenmesinin sağlanması;  Cumhurbaşkanının yürütme yetkisine ilişkin hususlara dair hükümlerin düzenlenmesi ile bu bent kapsamındaki ilgili hükümlerin değiştirilmesi veya yürürlükten kaldırılması,"},{"type":"text","content":"için çeşitli kanun ve kanun hükmünde kararnamelerde değişiklik yapılması hususunda düzenlemelerde bulunmak üzere Bakanlar Kuruluna kanun hükmünde kararname çıkarma yetkisi vermektir."},{"type":"text","content":"\\(2\\) Bu Kanuna göre çıkarılacak kanun hükmünde kararnameler;"},{"type":"text","content":"a\\) 23/5/1928 tarihli ve 1322 sayılı Kanunların ve Nizamnamelerin Sureti Neşir ve İlanı ve Meriyet Tarihi Hakkında Kanun,"},{"type":"text","content":"b\\) 14/6/1935 tarihli ve 2804 sayılı Maden Tetkik ve Arama Genel Müdürlüğü Kanunu,"},{"type":"text","content":"c\\) 18/12/1953 tarihli ve 6200 sayılı Devlet Su İşleri Genel Müdürlüğünün Teşkilat ve Görevleri Hakkında Kanun,"},{"type":"text","content":"ç) 10/4/1967 tarihli ve 852 sayılı Başbakanlık Basımevi Döner Sermaye İşletmesi Kuruluşu Hakkında Kanun,"},{"type":"text","content":"d\\) 23/4/1981 tarihli ve 2451 sayılı Bakanlıklar ve Bağlı Kuruluşlarda Atama Usulüne İlişkin Kanun,"},{"type":"text","content":"e\\) 13/12/1983 tarihli ve 189 sayılı Kamu Kurum ve Kuruluşlarının Yurtdışı Teşkilatı Hakkında Kanun Hükmünde Kararname,"},{"type":"text","content":"f\\) 13/12/1983 tarihli ve 190 sayılı Genel Kadro ve Usulü Hakkında Kanun Hükmünde Kararname,"},{"type":"text","content":"g\\) 24/5/1984 tarihli ve 3011 sayılı Resmî Gazete’de Yayımlanacak Olan Yönetmelikler Hakkında Kanun,"},{"type":"text","content":"ğ) 27/9/1984 tarihli ve 3046 sayılı Bakanlıkların Kuruluş ve Görev Esasları Hakkında 174 Sayılı Kanun Hükmünde Kararname ile 13/12/1983 Gün ve 174 Sayılı Bakanlıkların Kuruluş ve Görev Esasları Hakkında Kanun Hükmünde Kararnamenin Bazı Maddelerinin Kaldırılması ve Bazı Maddelerinin Değiştirilmesi Hakkında 202 Sayılı Kanun Hükmünde Kararnamenin Değiştirilerek Kabulü Hakkında Kanun,"},{"type":"text","content":"h\\) 10/10/1984 tarihli ve 3056 sayılı Başbakanlık Teşkilatı Hakkında Kanun Hükmünde Kararnamenin Değiştirilerek Kabulü Hakkında Kanun,"},{"type":"text","content":"ı) 9/1/1985 tarihli ve 3146 sayılı Çalışma ve Sosyal Güvenlik Bakanlığının Teşkilat ve Görevleri Hakkında Kanun,"},{"type":"text","content":"i\\) 14/2/1985 tarihli ve 3152 sayılı İçişleri Bakanlığı Teşkilat ve Görevleri Hakkında Kanun,"},{"type":"text","content":"j\\) 19/2/1985 tarihli ve 3154 sayılı Enerji ve Tabii Kaynaklar Bakanlığının Teşkilat ve Görevleri Hakkında Kanun,"},{"type":"text","content":"k\\) 31/10/1985 tarihli ve 3234 sayılı Orman Genel Müdürlüğü Teşkilat ve Görevleri Hakkında Kanun Hükmünde Kararnamenin Değiştirilerek Kabulü Hakkında Kanun,"},{"type":"text","content":"l\\) 21/5/1986 tarihli ve 3289 sayılı Spor Genel Müdürlüğünün Teşkilat ve Görevleri Hakkında Kanun,"},{"type":"text","content":"m\\) 9/12/1994 tarihli ve 4059 sayılı Hazine Müsteşarlığının Teşkilat ve Görevleri Hakkında Kanun,"},{"type":"text","content":"n\\) 16/4/2003 tarihli ve 4848 sayılı Kültür ve Turizm Bakanlığı Teşkilât ve Görevleri Hakkında Kanun,"},{"type":"text","content":"o\\) 16/7/2003 tarihli ve 4947 sayılı Sosyal Güvenlik Kurumu Teşkilâtı Kanunu,"},{"type":"text","content":"ö) 10/12/2003 tarihli ve 5018 sayılı Kamu Malî Yönetimi ve Kontrol Kanunu,"},{"type":"text","content":"ile diğer kanun ve kanun hükmünde kararnamelerin bu maddenin birinci fıkrasında belirtilen hususlara ilişkin hükümlerinde yapılacak değişiklik, yürürlükten kaldırma ve yeni düzenlemeleri kapsar."}]},{"type":"header","content":"İlkeler ve yetki süresi"},{"type":"madde","maddeStr":"MADDE 2-","number":2,"content":"(1) Bakanlar Kurulu bu Kanuna göre verilen yetkiyi kullanırken; yürürlükteki kanun ve kanun hükmünde kararnamelerin ilgili hükümlerinin 6771 sayılı Kanun ile Türkiye Cumhuriyeti Anayasasında yapılan değişikliklerle uyumlu hale getirilmesini, kamu hizmetlerinin verimli, süratli ve etkin bir şekilde yürütülmesi ile hizmetin özelliği ve gereklerine uygun düzenlemeler yapılmasını, atama ve görevde yükselmede kariyer ve liyakat esasları ile nitelikli personel istihdamının esas alınmasını, kamu hizmetlerinde iş bölümü ve koordinasyonun sağlanmasını, benzer hizmetlerin tek kuruluş veya birim tarafından yürütülmesini ve kaynak kullanımında israfın önlenmesini göz önünde bulundurur.","subsections":[{"type":"text","content":"\\(2\\) Bakanlar Kuruluna verilen yetki, bu Kanunun yürürlüğe girdiği tarihten itibaren Türkiye Büyük Millet Meclisi ve Cumhurbaşkanlığı seçimleri sonucunda Cumhurbaşkanının andiçerek göreve başladığı tarihe kadar geçerlidir. Bu süre içinde Bakanlar Kurulu birden fazla kanun hükmünde kararname çıkarabilir."}]},{"type":"header","content":"Yürürlük"},{"type":"madde","maddeStr":"MADDE 3-","number":3,"content":"(1) Bu Kanun yayımı tarihinde yürürlüğe girer.","subsections":[]},{"type":"header","content":"Yürütme"},{"type":"madde","maddeStr":"MADDE 4-","number":4,"content":"(1) Bu Kanun hükümlerini Bakanlar Kurulu yürütür.","subsections":[]}]