[{"type":"header","content":"OLAĞANÜSTÜ HAL KAPSAMINDA BAZI TEDBİRLER ALINMASI HAKKINDA"},{"type":"header","content":"KANUN HÜKMÜNDE KARARNAMENİN KABUL EDİLMESİNE DAİR KANUN[\\[1\\]](#Xc217c44f9d6f9d647df03178eb8b64fb8f54252)"},{"type":"header","content":"Kanun Numarası                    : 7085"},{"type":"header","content":"Kabul Tarihi                           : 6/2/2018"},{"type":"header","content":"Yayımlandığı Resmî Gazete   : Tarih  : 8/3/2018          Sayı  : 30354 (Mükerrer)"},{"type":"header","content":"Yayımlandığı Düstur              : Tertip : 5                      Cilt   : 59"},{"type":"header","content":"Kamu personeline ilişkin tedbirler"},{"type":"madde","maddeStr":"MADDE 1-","number":1,"content":"(1) Terör örgütlerine veya Milli Güvenlik Kurulunca Devletin milli güvenliğine karşı faaliyette bulunduğuna karar verilen yapı, oluşum veya gruplara üyeliği, mensubiyeti veya iltisakı yahut bunlarla irtibatı olan ve ekli (1) sayılı listede yer alan kişiler kamu görevinden başka hiçbir işleme gerek kalmaksızın çıkarılmıştır. Bu kişilere ayrıca herhangi bir tebligat yapılmaz. Haklarında ayrıca özel kanun hükümlerine göre işlem tesis edilir.","subsections":[{"type":"text","content":"\\(2\\) Birinci fıkra gereğince kamu görevinden çıkarılan kişilerin, mahkûmiyet kararı aranmaksızın, rütbe ve/veya memuriyetleri alınır ve bu kişiler görev yaptıkları teşkilata yeniden kabul edilmezler; bir daha kamu hizmetinde istihdam edilemezler, doğrudan veya dolaylı olarak görevlendirilemezler; bunların uhdelerinde bulunan her türlü mütevelli heyet, kurul, komisyon, yönetim kurulu, denetim kurulu, tasfiye kurulu üyeliği ve sair görevleri de sona ermiş sayılır. Bunların silah ruhsatları, gemi adamlığına ilişkin belgeleri ve pilot lisansları iptal edilir ve bu kişiler oturdukları kamu konutlarından veya vakıf lojmanlarından onbeş gün içinde tahliye edilir. Bu kişiler özel güvenlik şirketlerinin kurucusu, ortağı ve çalışanı olamazlar. Bu kişiler hakkında bakanlıkları ve kurumlarınca ilgili pasaport birimine derhal bildirimde bulunulur. Bu bildirim üzerine pasaport birimlerince pasaportlar iptal edilir."},{"type":"text","content":"\\(3\\) Birinci fıkra kapsamında kamu görevinden çıkarılanlar, varsa uhdelerinde taşımış oldukları büyükelçi, vali gibi unvanları ve müsteşar, kaymakam ve benzeri meslek adlarını ve sıfatlarını kullanamazlar ve bu unvan, sıfat ve meslek adlarına bağlı olarak sağlanan haklardan yararlanamazlar."}]},{"type":"header","content":"İade hükümleri"},{"type":"madde","maddeStr":"MADDE 2-","number":2,"content":"(1) Ekli (2) sayılı listede yer alan kamu görevlileri, ilgili kanun hükmünde kararnamenin eki listelerin ilgili sıralarından çıkarılmıştır.","subsections":[{"type":"text","content":"\\(2\\) İlgili kanun hükmünde kararname hükümleri, birinci fıkrada belirtilen kişiler bakımından tüm hüküm ve sonuçlarıyla birlikte ilgili kanun hükmünde kararnamenin yayımı tarihinden geçerli olmak üzere ortadan kalkmış sayılır. Söz konusu personelden bu maddenin yürürlük tarihinden itibaren on gün içerisinde göreve başlamayanlar çekilmiş sayılır."},{"type":"text","content":"Bu kapsamda göreve başlayanlara, kamu görevinden çıkarıldıkları tarihten göreve başladıkları tarihe kadar geçen süreye tekabül eden mali ve sosyal hakları ödenir. Bu kişiler, kamu görevinden çıkarılmalarından dolayı herhangi bir tazminat talebinde bulunamaz. Bu personelin görevlerine iadesi, kamu görevinden çıkarıldıkları tarihte bulundukları yöneticilik görevi dışında öğrenim durumları ve kazanılmış hak aylık derecelerine uygun kadro ve pozisyonlara atanmak suretiyle de yerine getirilebilir. Bu maddeye ilişkin işlemler ilgili bakanlık ve kurumlar tarafından yürütülür."}]},{"type":"header","content":"Kapatılan kurum ve kuruluşlar"},{"type":"madde","maddeStr":"MADDE 3-","number":3,"content":"(1) Terör örgütlerine veya Milli Güvenlik Kurulunca Devletin milli güvenliğine karşı faaliyette bulunduğuna karar verilen yapı, oluşum veya gruplara aidiyeti, iltisakı veya bunlarla irtibatı olan ve ekli (3) sayılı listede yer alan özel televizyonlar kapatılmıştır.","subsections":[{"type":"text","content":"\\(2\\) Birinci fıkra kapsamında kapatılan özel televizyonlara ait olan taşınırlar ile her türlü mal varlığı, alacak ve haklar, belge ve evrak Hazineye bedelsiz olarak devredilmiş sayılır, bunlara ait taşınmazlar tapuda resen Hazine adına, her türlü kısıtlama ve taşınmaz yükünden ari olarak tescil edilir. Bunların her türlü borçlarından dolayı hiçbir şekilde Hazineden bir hak ve talepte bulunulamaz. Devire ilişkin işlemler ilgili tüm kurumlardan gerekli yardımı almak suretiyle Maliye Bakanlığı tarafından yerine getirilir."}]},{"type":"header","content":"Doçentlik başvuruları"},{"type":"madde","maddeStr":"MADDE 4-","number":4,"content":"(1) Terör örgütlerine veya Milli Güvenlik Kurulunca Devletin milli güvenliğine karşı faaliyette bulunduğuna karar verilen yapı, oluşum veya gruplara üyeliği, mensubiyeti veya iltisakı yahut bunlarla irtibatı olması ya da değerlendirilmesi sebebiyle görevden uzaklaştırılan veya haklarında adli soruşturma ya da kovuşturma yapılan doçent adaylarının, görevden uzakta geçirdikleri süre boyunca veya adli soruşturma ya da kovuşturma sonuçlanıncaya kadar doçentlik başvurularına ilişkin işlemler durdurulur. Bunlardan haklarında kamu görevinden çıkarılma veya mahkûmiyet kararı verilenlerin doçentlik başvuruları iptal edilir.","subsections":[]},{"type":"header","content":"Sermaye piyasasına ilişkin tedbir"},{"type":"madde","maddeStr":"MADDE 5-","number":5,"content":"(1) 20/7/2016 tarihli ve 2016/9064 sayılı Bakanlar Kurulu Kararıyla ülke genelinde ilan edilen olağanüstü hal kapsamında yürürlüğe konulan kanun hükmünde kararnamelerle doğrudan veya anılan kanun hükmünde kararnamelerde öngörülen usuller çerçevesinde bu maddenin yürürlüğe girdiği tarihten önce ve olağanüstü halin devamı süresince terör örgütlerine veya Milli Güvenlik Kurulunca Devletin milli güvenliğine karşı faaliyette bulunduğuna karar verilen yapı, oluşum ve gruplara aidiyeti, mensubiyeti veya iltisakı yahut bunlarla irtibatı olduğu değerlendirilerek hakkında çeşitli tedbir ve yaptırımlar uygulanmış olan halka açık ortaklıklar ve sermaye piyasası kurumları ve/veya bunların iş ve işlemleri hakkında 6/12/2012 tarihli ve 6362 sayılı Sermaye Piyasası Kanunu kapsamında açılan dava ve takiplerde idare aleyhine yargılama giderine ve vekalet ücretine hükmedilemez, hükmedilenler tahsil edilemez.","subsections":[]},{"type":"header","content":"Türk Lirası ile yapılacak tahsilat"},{"type":"madde","maddeStr":"MADDE 6-","number":6,"content":"(1) 10/12/2003 tarihli ve 5018 sayılı Kamu Malî Yönetimi ve Kontrol Kanununa tabi tüm kamu idareleri ve bunlara bağlı döner sermayeli kuruluşlar, 8/6/1984 tarihli ve 233 sayılı Kamu İktisadi Teşebbüsleri Hakkında Kanun Hükmünde Kararnameye tabi kamu iktisadi teşebbüsleri ve bağlı ortaklıklar, 24/11/1994 tarihli ve 4046 sayılı Özelleştirme Uygulamaları Hakkında Kanun çerçevesinde özelleştirme programında bulunan ve sermayesinin yarısından fazlası kamuya ait işletmeci kuruluşlar, Tasarruf Mevduatı Sigorta Fonu ve sermayesinde doğrudan veya dolaylı olarak kamu payı olan özel kanunlar ile kurulmuş anonim ortaklıklar, niteliğine bakılmaksızın yabancı para cinsinden yurtiçi ödeme yükümlülüğü olan alacaklarını, borçlunun talebi üzerine 2/1/2017 tarihinde Türkiye Cumhuriyet Merkez Bankası tarafından açıklanan döviz alış kurundan, 31/12/2017 tarihine kadar Türk Lirası olarak tahsil edebilirler. Bu madde kapsamındaki işlemler ve sonuçları, bütçe gelir ve gider hesaplarıyla ilişkilendirilmez.","subsections":[]},{"type":"header","content":"Şahsi sorumluluk davalarına ilişkin tedbir"},{"type":"madde","maddeStr":"MADDE 7-","number":7,"content":"(1) 4/12/2004 tarihli ve 5271 sayılı Ceza Muhakemesi Kanununun 133 üncü maddesi uyarınca kayyım atanan şirketlerin, kayyım atanmasından önceki sahipleri, ortakları, yönetim kurulu üyeleri, müdürleri ve diğer sorumlu yetkilileri aleyhine kayyımlar tarafından açılmış veya açılacak şahsi sorumluluk davalarında ilgili tüzel kişiliğin genel kurulunun veya yetkili kurulunun kararı aranmaz.","subsections":[{"type":"text","content":"\\(2\\) Kayyım atanan şirketlerin soruşturma kapsamındaki şüpheli ortakları ile kayyım tarafından hakkında şahsi sorumluluk davası açılan şirket ortaklarına ait ortaklık hak ve payları, soruşturma veya davanın açıldığı tarihten soruşturma, kovuşturma veya davanın kesin hükümle sonuçlandığı tarihe kadar devir ve temlik edilemez. Ortaklık hak ve paylarına ait temsil ve idare yetkisi kayyım tarafından kullanılır. Devir ve temlik yasağı Cumhuriyet savcılığı veya mahkeme tarafından resen ticaret sicili müdürlüklerine bildirilir ve tescil edilir."}]},{"type":"header","content":"Yürürlük"},{"type":"madde","maddeStr":"MADDE 8-","number":8,"content":"(1) Bu Kanun yayımı tarihinde yürürlüğe girer.","subsections":[]},{"type":"header","content":"Yürütme"},{"type":"madde","maddeStr":"MADDE 9-","number":9,"content":"(1) Bu Kanun hükümlerini Bakanlar Kurulu yürütür.","subsections":[{"type":"text","content":"*[**\\[1\\]**](#Xf4c8113f07524640efcbf4d5822e1fc633a9e60) Bu Kanunun ekinde yer alan listeler için 8/3/2018 tarihli ve 30354 (Mükerrer) sayılı Resmi Gazete’ye bakınız.*"}]}]