[{"type":"header","content":"ABONELİK SÖZLEŞMESİNDEN KAYNAKLANAN PARA ALACAKLARINA"},{"type":"header","content":"İLİŞKİN TAKİBİN BAŞLATILMASI USULÜ HAKKINDA KANUN"},{"type":"header","content":"Kanun Numarası                    : 7155"},{"type":"header","content":"Kabul Tarihi                           : 6/12/2018"},{"type":"header","content":"Yayımlandığı Resmî Gazete   : Tarih: 19/12/2018        Sayı: 30630"},{"type":"header","content":"Amaç"},{"type":"madde","maddeStr":"MADDE 1-","number":1,"content":"(1) Bu Kanunun amacı; abonelik sözleşmelerinden ve bu sözleşmelerin ifası amacıyla tüketiciye sunulup bedeli faturaya yansıtılan mal veya hizmetten kaynaklanan para alacaklarına ilişkin haciz yoluyla ilamsız icra takiplerinin, Ulusal Yargı Ağı Bilişim Sistemi (UYAP) bünyesinde oluşturulan Merkezî Takip Sistemi üzerinden başlatılmasına ve haciz aşamasına kadar yürütülmesine ilişkin usul ve esasları düzenlemektir.","subsections":[]},{"type":"header","content":"Kapsam"},{"type":"madde","maddeStr":"MADDE 2-","number":2,"content":"(1) Bu Kanun, 7/11/2013 tarihli ve 6502 sayılı Tüketicinin Korunması Hakkında Kanunda ve diğer mevzuatta düzenlenen abonelik sözleşmeleri ile bu sözleşmelerin ifası amacıyla tüketiciye sunulup bedeli faturaya yansıtılan mal veya hizmetten kaynaklanan ve avukatla takip edilen para alacaklarına ilişkin icra takiplerini kapsar.","subsections":[{"type":"text","content":"\\(2\\) Birinci fıkra kapsamındaki icra takipleri ancak bu Kanunda belirlenen yöntemle başlatılabilir. Aksi hâlde icra dairesi takip talebini reddeder."}]},{"type":"header","content":"Merkezî Takip Sistemi"},{"type":"madde","maddeStr":"MADDE 3-","number":3,"content":"(1) Bu Kanunda belirtilen takip işlemlerinin elektronik ortamda yapılmasını sağlamak amacıyla UYAP bünyesinde Merkezî Takip Sistemi oluşturulur.","subsections":[]},{"type":"header","content":"Takip talebi"},{"type":"madde","maddeStr":"MADDE 4-","number":4,"content":"(1) Alacaklı avukatı, icra takibini başlatmak için Merkezî Takip Sisteminde yer alan takip talebini doldurur.","subsections":[{"type":"text","content":"\\(2\\) Takip talebinde aşağıdaki hususlar yer alır:"},{"type":"text","content":"a\\) Alacaklının ve varsa kanuni temsilcisi ile avukatının adı ve soyadı, Türkiye Cumhuriyeti kimlik numarası; tüzel kişi ise unvanı, vergi kimlik numarası, ticaret sicil numarası ve Merkezi Sicil Kayıt Sistemi numarası; adresi, telefonu ve elektronik iletişim bilgileri"},{"type":"text","content":"b\\) Alacaklının veya avukatının münhasıran Merkezî Takip Sistemi ile ilişkilendirilmiş hesap numarası"},{"type":"text","content":"c\\) Borçlunun ve varsa kanuni temsilcisinin adı ve soyadı, Türkiye Cumhuriyeti kimlik numarası; tüzel kişi ise unvanı, vergi kimlik numarası, biliniyorsa ticaret sicil numarası ve Merkezi Sicil Kayıt Sistemi numarası; adresi, biliniyorsa telefonu ve elektronik iletişim bilgileri"},{"type":"text","content":"ç) Terekeye karşı yapılan takiplerde kendilerine tebligat yapılacak mirasçıların adı ve soyadı, Türkiye Cumhuriyeti kimlik numarası ile adresi"},{"type":"text","content":"d\\) Alacağın tutarı ve faizli alacaklarda faizin türü, oranı, miktarı ve işlemeye başladığı gün; alacak yabancı para ise harca esas olmak üzere takip tarihindeki Türkiye Cumhuriyet Merkez Bankası efektif satış kuru üzerinden Türk lirası karşılığı, alacağın hangi tarihteki kur üzerinden talep edildiği ve faizli alacaklarda faizin türü, oranı, miktarı ve işlemeye başladığı gün"},{"type":"text","content":"e\\) Takip dayanağı belgelerin tarih ve numarası ile alacağın son ödeme tarihi"},{"type":"text","content":"f\\) Haciz ve müteakip işlemler için yetkili icra dairesi"},{"type":"text","content":"\\(3\\) Son ödeme tarihi belirtilen alacağa ilişkin fatura veya benzeri belgeler sisteme yüklenir."},{"type":"text","content":"\\(4\\) Takip talebi ikinci fıkra uyarınca doldurulduktan, ilgili belgeler taranıp sisteme yüklendikten ve takip harç ve masrafları elektronik ortamda ödendikten sonra, güvenli elektronik imzayla onaylanır, sisteme kaydedilir ve takip, Merkezî Takip Numarası alır. İcra takibi, sisteme kaydedilmekle başlar."}]},{"type":"header","content":"Ödeme emri"},{"type":"madde","maddeStr":"MADDE 5-","number":5,"content":"(1) Takip talebinin sisteme kaydedilmesinden sonra sistem tarafından ödeme emri düzenlenir. Ödeme emrinde, takip talebinde yer alan bilgiler yanında aşağıdaki hususlar yer alır:","subsections":[{"type":"text","content":"a\\) Toplam borç miktarı ile takip harç ve masraflarının, tebliğden itibaren yedi gün içinde alacaklının veya avukatının Merkezî Takip Sistemi ile ilişkilendirilmiş hesap numarasına ödenmesi gerektiği"},{"type":"text","content":"b\\) Yetkiye, borcun tamamına veya bir kısmına ya da alacaklının takibat icrası hakkına dair bir itirazı varsa bunun da aynı süre içinde beyan edilmesi gerektiği"},{"type":"text","content":"c\\) Sadece yetkiye itiraz hâlinde yeniden ödeme emri tebliğ edilmeksizin alacaklının talebi üzerine, yetki itirazında gösterilen veya mahkemece yetkili görülen icra dairesinden haciz işlemlerinin başlatılacağı"},{"type":"text","content":"ç) İtirazların, herhangi bir icra dairesi aracılığıyla veya güvenli elektronik imza kullanılarak Merkezî Takip Sistemi üzerinden yapılabileceği"},{"type":"text","content":"d\\) Borç ödenmez veya itiraz olunmazsa yetkili icra dairesi aracılığıyla cebrî icraya devam edileceği"},{"type":"text","content":"\\(2\\) Bu Kanun kapsamındaki takiplerde Merkezî Takip Sistemi harcı alınır; ayrıca icraya başvurma harcı ile tahsil harcı alınmaz."},{"type":"text","content":"\\(3\\) Merkezî Takip Numarası alan ödeme emri ile tebliğ mazbatalı kapalı zarfa ilişkin bilgiler, sistem üzerinden ilgili Posta ve Telgraf Teşkilatı Anonim Şirketi (PTT) birimine iletilir."}]},{"type":"header","content":"Ödeme emrinin tebliği ve borcun ödenmesi"},{"type":"madde","maddeStr":"MADDE 6-","number":6,"content":"(1) Ödeme emrini sistem üzerinden alan PTT birimi, ödeme emrinin ve tebliğ mazbatalı kapalı zarfın çıktısını alır ve 11/2/1959 tarihli ve 7201 sayılı Tebligat Kanunu hükümleri uyarınca borçluya tebliğ eder.","subsections":[{"type":"text","content":"\\(2\\) Borçlu, tebligatın elektronik yolla yapılması zorunlu olan kişilerden ise zorunlu elektronik tebligata ilişkin hükümler uygulanır."},{"type":"text","content":"\\(3\\) Tebliğ durumunu belgeleyen mazbata, ilgili PTT birimi tarafından sisteme yüklenir ve mazbatanın aslı, alacaklı avukatının takip talebinde bildirdiği icra dairesine gönderilir. Alacaklı avukatı, buna ilişkin gideri, takibi başlatırken yatırmak zorundadır."},{"type":"text","content":"\\(4\\) Adresin tebligata elverişli olmadığının anlaşılması veya tebligat yapılamaması hâlinde, takibe devam etmek isteyen alacaklı avukatı, sistem üzerinden, borçlunun adres kayıt sisteminde yer alan yerleşim yeri adresine tebligat çıkarılmasını sağlar."},{"type":"text","content":"\\(5\\) Borçluya dördüncü fıkra uyarınca da tebligat yapılamaması veya borçlunun yerleşim yeri adresinin yurt dışında bulunduğunun anlaşılması hâlinde, alacaklı avukatının talebi üzerine, harçlar ikmal edilerek icra dairesinde takibe devam edilir. Bu durumda sistem üzerindeki takip kapatılır."},{"type":"text","content":"\\(6\\) Takip konusu borç, takip harç ve masrafları ile birlikte, ödeme emrinde belirtilen hesap numarasına ödendiğinde takip sona erer."},{"type":"text","content":"\\(7\\) Ödenen para, 30/6/1934 tarihli ve 2548 sayılı Ceza Evleriyle Mahkeme Binaları İnşası Karşılığı Olarak Alınacak Harçlar ve Mahkûmlara Ödettirilecek Yiyecek Bedelleri Hakkında Kanun uyarınca alacaklıdan alınması gereken harç miktarı ayrıldıktan sonra ilgili hesaba aktarılır."}]},{"type":"header","content":"Ödeme emrine itiraz"},{"type":"madde","maddeStr":"MADDE 7-","number":7,"content":"(1) Borçlu, ödeme emrinin tebliğinden itibaren yedi gün içinde, herhangi bir icra dairesine başvurarak ödeme emrine itiraz edebilir. İcra dairesi, itiraza ilişkin evrakı, en geç iki iş günü içinde sisteme yükler, aslını alacaklının takip talebinde bildirdiği icra dairesine gönderir. Borçluya, itiraz ettiğine ilişkin ücretsiz bir alındı belgesi verilir.","subsections":[{"type":"text","content":"\\(2\\) Merkezî Takip Sistemi üzerinden güvenli elektronik imza kullanılarak da itiraz edilebilir."},{"type":"text","content":"\\(3\\) Süresi içinde borca yapılan itiraz üzerine icra takibi durur. Duran takip hakkında, 9/6/1932 tarihli ve 2004 sayılı İcra ve İflas Kanununun ilgili hükümleri uygulanır."},{"type":"text","content":"\\(4\\) İtiraz, itirazın sisteme yüklendiği tarihi izleyen beşinci günün sonunda alacaklı avukatına tebliğ edilmiş sayılır."},{"type":"text","content":"\\(5\\) Sadece yetkiye itiraz hâlinde alacaklı avukatı, yetki itirazında gösterilen icra dairesinde haciz işlemlerini başlatabilir. Takip talebinde belirtilen icra dairesinde haciz işlemlerinin başlatılabilmesi için bu dairenin bağlı bulunduğu mahkemede yetki itirazının kaldırılması şarttır. Mahkeme, yetki itirazını dosya üzerinden inceleyip kesin olarak karara bağlar. Mahkemenin yetkili gördüğü icra dairesinde haciz işlemlerinin başlatılabilmesi için yeniden ödeme emri tebliği gerekmez."}]},{"type":"header","content":"Ödeme emrine itiraz edilmemesi veya itirazın hükümden düşürülmesi"},{"type":"madde","maddeStr":"MADDE 8-","number":8,"content":"(1) Ödeme emrine itiraz edilmemesi veya itirazın hükümden düşürülmesine rağmen süresi içinde ödeme yapılmaması hâlinde, alacaklının yetkili icra dairesi nezdinde yapacağı talep üzerine 2004 sayılı Kanunun ilgili hükümleri uyarınca cebrî icraya devam olunur.","subsections":[{"type":"text","content":"\\(2\\) İcra müdürü, cebrî icraya devam edilmesi talep edildiğinde; alacağın bu Kanun kapsamında bulunduğunu, ödeme emrinin tebliğ edildiğini, takibe itiraz edilmediğini veya itirazın hükümden düşürüldüğünü tespit ederse cebrî icra işlemlerine devam eder. Aksi hâlde gerekçesini belirterek talebi reddeder. Verilen kararlara karşı alacaklı veya borçlu şikâyet yoluna başvurabilir."},{"type":"text","content":"\\(3\\) İkinci fıkra uyarınca cebrî icra işlemlerine devam edilmesinin mümkün olduğu hâllerde, alacaklı avukatı dilerse haciz talebinde bulunmaksızın UYAP üzerinden, bu sisteme entegre bilişim sistemleri vasıtasıyla borçlunun mal, hak veya alacağı olup olmadığını sorgulayabilir. **(Mülga cümleler:22/7/2020-7251/62 md.)** (…)"},{"type":"text","content":"\\(4\\) Ödeme emrinin tebliği tarihinden itibaren beş yıl içinde haciz talep edilmezse takip düşer. İtirazın hükümden düşürülmesine ilişkin dava açılması hâlinde davanın açıldığı tarihten hükmün kesinleşmesine kadar geçen süre hesaba katılmaz.[\\[1\\]](#Xc217c44f9d6f9d647df03178eb8b64fb8f54252)"}]},{"type":"header","content":"Hüküm bulunmayan hâller ve yönetmelik"},{"type":"madde","maddeStr":"MADDE 9-","number":9,"content":"(1) Bu Kanunda hüküm bulunmayan hâllerde 2004 sayılı Kanun hükümleri uygulanır.","subsections":[{"type":"text","content":"\\(2\\) Bu Kanunun uygulanmasına ilişkin hususlar Adalet Bakanlığınca yürürlüğe konulan yönetmelikle düzenlenir."}]},{"type":"header","content":"Geçiş hükmü"},{"type":"madde","maddeStr":"GEÇİCİ MADDE 1-","number":1,"content":"(1) Bu Kanunun abonelik sözleşmesinden kaynaklanan para alacaklarının takibine ilişkin hükümleri, Kanunun yürürlüğe girdiği tarihte derdest olan takipler hakkında uygulanmaz; bu takipler, açıldıkları tarihte yürürlükte bulunan hükümler uyarınca yürütülür.","subsections":[]},{"type":"header","content":"MADDE 10- 17-(2004 sayılı Kanun ile ilgili olup yerine işlenmiştir.)"},{"type":"header","content":"MADDE 18-19- (2/7/1964 tarihli ve 492 sayılı Harçlar Kanunu ile ilgili olup yerine işlenmiştir.)"},{"type":"header","content":"MADDE 20-21- (13/1/2011 tarihli ve 6102 sayılı Türk Ticaret Kanunu ile ilgili olup yerine işlenmiştir.)"},{"type":"header","content":"MADDE 22-23- (7/6/2012 tarihli ve 6325 sayılı Hukuk Uyuşmazlıklarında Arabuluculuk Kanunu ile ilgili olup yerine işlenmiştir.)"},{"type":"header","content":"MADDE 24-25- (3/11/2016 tarihli ve 6754 sayılı Bilirkişilik Kanunu ile ilgili olup yerine işlenmiştir.)"},{"type":"header","content":"Yürürlük"},{"type":"madde","maddeStr":"MADDE 26-","number":26,"content":"(1) Bu Kanunun;","subsections":[{"type":"text","content":"a\\) 10, 20 ve 21 inci maddeleri 1/1/2019 tarihinde,"},{"type":"text","content":"b\\) 1 ila 9 uncu maddeleri, geçici 1 inci maddesi, 18 ve 19 uncu maddeleri 1/6/2019 tarihinde,"},{"type":"text","content":"c\\) Diğer maddeleri yayımı tarihinde,"},{"type":"text","content":"yürürlüğe girer."}]},{"type":"header","content":"Yürütme"},{"type":"madde","maddeStr":"MADDE 27-","number":27,"content":"(1) Bu Kanun hükümlerini Cumhurbaşkanı yürütür.","subsections":[]},{"type":"table","content":"<table> <colgroup> <col style=\"width: 33%\" /> <col style=\"width: 33%\" /> <col style=\"width: 33%\" /> </colgroup> <tbody> <tr class=\"odd\"> <td><p><strong>Değiştiren Kanunun/</strong></p> <p><strong>KHK’nin veya İptal Eden Anayasa Mahkemesi Kararının Numarası</strong></p></td> <td><strong>7155 Sayılı Kanunun Değişen veya İptal Edilen Maddeleri</strong></td> <td><strong>Yürürlüğe Giriş Tarihi</strong></td> </tr> <tr class=\"even\"> <td>7251</td> <td>8</td> <td>28/07/2020</td> </tr> <tr class=\"odd\"> <td>7343</td> <td>8</td> <td>30/11/2021</td> </tr> </tbody> </table>"},{"type":"freeText","content":"*[**\\[1\\]**](#Xf4c8113f07524640efcbf4d5822e1fc633a9e60) 24/11/2021 tarihli ve 7343 sayılı Kanunun 56 ncı maddesiyle bu fıkrada yer alan “iki” ibaresi “beş” şeklinde değiştirilmiştir.*"}]