[{"type":"header","content":"BAZI ALACAKLARIN YENİDEN YAPILANDIRILMASI İLE"},{"type":"header","content":"BAZI KANUNLARDA DEĞİŞİKLİK YAPILMASI HAKKINDA KANUN"},{"type":"header","content":"Kanun Numarası                    : 7256"},{"type":"header","content":"Kabul Tarihi                            : 11/11/2020"},{"type":"header","content":"Yayımlandığı Resmî Gazete   : Tarih : 17/11/2020       Sayı : 31307"},{"type":"header","content":"Kapsam ve tanımlar"},{"type":"madde","maddeStr":"MADDE 1 –","number":1,"content":"(1) Bu Kanun hükümleri;","subsections":[{"type":"text","content":"a\\) Hazine ve Maliye Bakanlığına bağlı tahsil dairelerince tahsil edilen;"},{"type":"text","content":"1\\) 4/1/1961 tarihli ve 213 sayılı Vergi Usul Kanunu kapsamına giren;"},{"type":"text","content":"(aa) 31/8/2020 tarihinden (bu tarih dâhil) önceki dönemlere, beyana dayanan vergilerde bu tarihe kadar verilmesi gereken beyannamelere ilişkin vergi ve bunlara bağlı vergi cezaları, gecikme faizleri, gecikme zamları,"},{"type":"text","content":"(bb) 2020 yılına ilişkin olarak 31/8/2020 tarihinden (bu tarih dâhil) önce tahakkuk eden vergi ve bunlara bağlı vergi cezaları, gecikme faizleri, gecikme zamları,"},{"type":"text","content":"\\(cc\\) 31/8/2020 tarihinden (bu tarih dâhil) önce yapılan tespitlere ilişkin olarak vergi aslına bağlı olmayan vergi cezaları,"},{"type":"text","content":"2\\) 31/8/2020 tarihinden (bu tarih dâhil) önce verilen idari para cezaları (24/4/1930 tarihli ve 1593 sayılı Umumi Hıfzıssıhha Kanunu ve 7/11/1996 tarihli ve 4207 sayılı Tütün Ürünlerinin Zararlarının Önlenmesi ve Kontrolü Hakkında Kanuna göre verilen idari para cezaları ile 10/12/2003 tarihli ve 5018 sayılı Kamu Malî Yönetimi ve Kontrol Kanununa ekli (III) sayılı cetvelde yer alan düzenleyici ve denetleyici kurumlarca verilen idari para cezaları hariç),"},{"type":"text","content":"3\\) Yukarıdaki bentler dışında kalan ve 21/7/1953 tarihli ve 6183 sayılı Amme Alacaklarının Tahsil Usulü Hakkında Kanun kapsamında takip edilen asli ve fer’i amme alacakları (adli para cezaları hariç),"},{"type":"text","content":"b\\) 31/8/2020 tarihinden (bu tarih dâhil) önce 27/10/1999 tarihli ve 4458 sayılı Gümrük Kanunu ve ilgili diğer kanunlar kapsamında gümrük yükümlülüğü doğan ve Ticaret Bakanlığına bağlı tahsil daireleri tarafından 6183 sayılı Kanun hükümlerine göre takip edilen gümrük vergileri, idari para cezaları, faizler, gecikme faizleri, gecikme zammı alacakları,"},{"type":"text","content":"c\\) Sosyal Güvenlik Kurumuna bağlı tahsil daireleri tarafından 6183 sayılı Kanun kapsamında takip edilen ve bu Kanunun yayımı tarihine veya bu Kanunun ilgili hükümlerinde belirtilen sürelerin sonuna kadar tahakkuk ettiği hâlde ödenmemiş olan;"},{"type":"text","content":"1\\) 31/5/2006 tarihli ve 5510 sayılı Sosyal Sigortalar ve Genel Sağlık Sigortası Kanununun 4 üncü maddesinin birinci fıkrasının (a), (b) ve (c) bentleri kapsamındaki sigortalılık statülerinden kaynaklanan, 2020 yılı Ağustos ayı ve önceki aylara ilişkin sigorta primi, emeklilik keseneği ve kurum karşılığı, işsizlik sigortası primi, sosyal güvenlik destek primi ile bunlara bağlı gecikme cezası ve gecikme zammı alacakları,"},{"type":"text","content":"2\\) 2020 yılı Ağustos ayı ve önceki aylara ilişkin isteğe bağlı sigorta primleri ve topluluk sigortası primi ile bunlara bağlı gecikme cezası ve gecikme zammı alacakları,"},{"type":"text","content":"3\\) 31/8/2020 tarihine kadar (bu tarih dâhil) bitirilmiş olan özel nitelikteki inşaatlar ile ihale konusu işlere ilişkin yapılan ön değerlendirme, araştırma veya tespit sonucunda bulunan eksik işçilik tutarı üzerinden hesaplanan sigorta primi ile bunlara bağlı gecikme cezası ve gecikme zammı alacakları,"},{"type":"text","content":"4\\) 31/8/2020 tarihine kadar (bu tarih dâhil) yapılan tespitlere ilişkin olup ilgili kanunları uyarınca uygulanan idari para cezaları ile bunlara bağlı gecikme cezası ve gecikme zammı alacakları,"},{"type":"text","content":"5\\) İlgili kanunları gereğince takip edilen 2020 yılı Ağustos ayı ve önceki aylara ilişkin damga vergisi, özel işlem vergisi ve eğitime katkı payı ile bunlara bağlı gecikme zammı alacakları,"},{"type":"text","content":"ç) İl özel idarelerinin, 6183 sayılı Kanun kapsamında takip edilen ve vadesi 31/8/2020 tarihinden (bu tarih dâhil) önce olduğu hâlde bu Kanunun yayımı tarihi itibarıyla ödenmemiş bulunan asli ve fer’i amme alacakları,"},{"type":"text","content":"d\\) Belediyelerin;"},{"type":"text","content":"1\\) 213 sayılı Kanun kapsamına giren ve 31/8/2020 tarihinden (bu tarih dâhil) önceki dönemlere, beyana dayanan vergilerde bu tarihe kadar verilmesi gereken beyannamelere ilişkin vergi ve bunlara bağlı vergi cezaları, gecikme faizleri, gecikme zamları, 2020 yılına ilişkin olarak 31/8/2020 tarihinden (bu tarih dâhil) önce tahakkuk eden vergi (2020 yılına ilişkin tahakkuk eden emlak vergisi ile iş yeri ve diğer şekillerde kullanılan binalara ait çevre temizlik vergisinin ikinci taksitleri hariç) ve bunlara bağlı vergi cezaları, gecikme faizleri, gecikme zamları, bunların dışında kalan ve 6183 sayılı Kanun kapsamında takip edilen ve vadesi 31/8/2020 tarihinden (bu tarih dâhil) önce olduğu hâlde bu Kanunun yayımı tarihi itibarıyla ödenmemiş bulunan asli ve fer’i amme alacakları,"},{"type":"text","content":"2\\) 26/5/1981 tarihli ve 2464 sayılı Belediye Gelirleri Kanununun 97 nci maddesine göre tahsili gereken ve vadesi 31/8/2020 tarihinden (bu tarih dâhil) önce olduğu hâlde bu Kanunun yayımı tarihi itibarıyla ödenmemiş bulunan ücret alacakları ile bunlara bağlı fer’i alacakları,"},{"type":"text","content":"3\\) 3/7/2005 tarihli ve 5393 sayılı Belediye Kanunu kapsamındaki belediyelerin su abonelerinden olan ve vadesi 31/8/2020 tarihinden (bu tarih dâhil) önce olduğu hâlde bu Kanunun yayımı tarihi itibarıyla ödenmemiş bulunan su, atık su ve katı atık ücreti alacakları ile bunlara bağlı fer’i (sözleşmelerde düzenlenen her türlü ceza ve zamlar dâhil) alacakları,"},{"type":"text","content":"4\\) Büyükşehir belediyelerinin, 9/8/1983 tarihli ve 2872 sayılı Çevre Kanununun 11 inci maddesine göre vadesi 31/8/2020 tarihinden (bu tarih dâhil) önce olduğu hâlde bu Kanunun yayımı tarihi itibarıyla ödenmemiş bulunan katı atık ücreti alacakları ile bunlara bağlı fer’i (sözleşmelerde düzenlenen her türlü ceza ve zamlar dâhil) alacakları,"},{"type":"text","content":"e\\) 20/11/1981 tarihli ve 2560 sayılı İstanbul Su ve Kanalizasyon İdaresi Genel Müdürlüğü Kuruluş ve Görevleri Hakkında Kanun kapsamındaki büyükşehir belediyeleri su ve kanalizasyon idarelerinin, vadesi 31/8/2020 tarihinden (bu tarih dâhil) önce olduğu hâlde bu Kanunun yayımı tarihi itibarıyla ödenmemiş bulunan su ve atık su bedeli alacakları ile bu alacaklara bağlı faiz, gecikme faizi ve gecikme zammı gibi fer’i (sözleşmelerde düzenlenen her türlü ceza ve zamlar dâhil) alacakları,"},{"type":"text","content":"f\\) Yatırım İzleme ve Koordinasyon Başkanlıklarının (YİKOB) vadesi 31/8/2020 tarihinden (bu tarih dâhil) önce olduğu hâlde bu Kanunun yayımı tarihi itibarıyla ödenmemiş bulunan ve 6183 sayılı Kanun kapsamında takip edilen asli ve fer’i amme alacakları,"},{"type":"text","content":"hakkında uygulanır."},{"type":"text","content":"\\(2\\) Bu Kanunun uygulanmasında;"},{"type":"text","content":"a\\) Vergi: 213 sayılı Kanun kapsamına giren vergi, resim ve harçları,"},{"type":"text","content":"b\\) Gümrük vergileri: İlgili mevzuat uyarınca eşyanın ithali veya ihracında uygulanan ve Ticaret Bakanlığına bağlı tahsil daireleri tarafından takip ve tahsil edilen gümrük vergisi, diğer vergiler, eş etkili vergiler ve mali yüklerin tümünü,"},{"type":"text","content":"c\\) Beyanname: Vergi tarhına esas olan beyanname ve bildirimleri,"},{"type":"text","content":"ç) Yİ-ÜFE aylık değişim oranları: Türkiye İstatistik Kurumunun her ay için belirlediği 31/12/2004 tarihine kadar toptan eşya fiyatları endeksi (TEFE) aylık değişim oranlarını, 1/1/2005 tarihinden itibaren üretici fiyatları endeksi (ÜFE) aylık değişim oranlarını, 1/1/2014 tarihinden itibaren yurt içi üretici fiyat endeksi (Yİ-ÜFE) aylık değişim oranlarını, 1/11/2016 tarihinden itibaren aylık %0,35 oranını (bu Kanunun yayımlandığı ay dâhil),"},{"type":"text","content":"ifade eder."},{"type":"text","content":"\\(3\\) Bu Kanun, yukarıdaki fıkralar kapsamına giren kesinleşmiş alacaklar ve bazı alacakların yapılandırılmasına ilişkin hükümler ile bazı kanunlarda değişiklik yapılmasına ilişkin hükümleri kapsar."}]},{"type":"header","content":"Kesinleşmiş alacakların yapılandırılması"},{"type":"madde","maddeStr":"MADDE 2 –","number":2,"content":"(1) Hazine ve Maliye Bakanlığına, il özel idarelerine ve belediyelere bağlı tahsil daireleri tarafından takip edilen alacaklardan bu Kanunun yayımı tarihi itibarıyla (bu tarih dâhil);","subsections":[{"type":"text","content":"a\\) Vadesi geldiği hâlde ödenmemiş ya da ödeme süresi henüz geçmemiş bulunan vergilerin ödenmemiş kısmının tamamı ile bunlara bağlı gecikme faizi ve gecikme zammı gibi fer’i amme alacakları yerine bu Kanunun yayımı tarihine kadar Yİ-ÜFE aylık değişim oranları esas alınarak hesaplanacak tutarın; ödenmemiş alacağın sadece fer’i alacaktan ibaret olması hâlinde fer’i alacak yerine Yİ-ÜFE aylık değişim oranları esas alınarak hesaplanacak tutarın, bu Kanunda belirtilen süre ve şekilde tamamen ödenmesi şartıyla vergilere bağlı gecikme faizi ve gecikme zammı gibi fer’i amme alacakları ile aslı bu Kanunun yayımı tarihinden önce ödenmiş olanlar dâhil olmak üzere asla bağlı olarak kesilen vergi cezaları ve bu cezalara bağlı gecikme zamlarının tamamının,"},{"type":"text","content":"b\\) Vadesi geldiği hâlde ödenmemiş ya da ödeme süresi henüz geçmemiş bulunan ve bir vergi aslına bağlı olmaksızın kesilmiş vergi cezaları ile iştirak nedeniyle kesilmiş vergi cezalarının %50’si ve bu tutara gecikme zammı yerine, bu Kanunun yayımı tarihine kadar Yİ-ÜFE aylık değişim oranları esas alınarak hesaplanacak tutarın; ödenmemiş alacağın sadece gecikme zammından ibaret olması hâlinde gecikme zammı yerine Yİ-ÜFE aylık değişim oranları esas alınarak hesaplanacak tutarın, bu Kanunda belirtilen süre ve şekilde tamamen ödenmesi şartıyla cezaların kalan %50’sinin ve bu cezalara bağlı gecikme zamlarının tamamının,"},{"type":"text","content":"c\\) Vadesi geldiği hâlde ödenmemiş ya da ödeme süresi henüz geçmemiş bulunan ve 1 inci maddenin birinci fıkrasının (a) bendinin (2) numaralı alt bendi kapsamında olan idari para cezalarının tamamı ile bunlara bağlı faiz, gecikme faizi, gecikme zammı gibi fer’i amme alacakları yerine, bu Kanunun yayımı tarihine kadar Yİ-ÜFE aylık değişim oranları esas alınarak hesaplanacak tutarın; ödenmemiş alacağın sadece fer’i alacaktan ibaret olması hâlinde fer’i alacak yerine Yİ-ÜFE aylık değişim oranları esas alınarak hesaplanacak tutarın, bu Kanunda belirtilen süre ve şekilde tamamen ödenmesi şartıyla cezaya bağlı fer’ilerin tamamının,"},{"type":"text","content":"ç) Vadesi geldiği hâlde ödenmemiş ya da ödeme süresi henüz geçmemiş bulunan ve yukarıdaki bentlerin dışında kalan asli amme alacaklarının ödenmemiş kısmının tamamı ile bu alacaklara bağlı faiz, cezai faiz, gecikme faizi, gecikme zammı gibi fer’i amme alacakları yerine bu Kanunun yayımı tarihine kadar Yİ-ÜFE aylık değişim oranları esas alınarak hesaplanacak tutarın; ödenmemiş alacağın sadece fer’i alacaktan ibaret olması hâlinde fer’i alacak yerine    Yİ-ÜFE aylık değişim oranları esas alınarak hesaplanacak tutarın, bu Kanunda belirtilen süre ve şekilde tamamen ödenmesi şartıyla uygulanan faiz, cezai faiz, gecikme faizi, gecikme zammı gibi fer’i amme alacaklarının tamamının,"},{"type":"text","content":"d\\) 20/2/2008 tarihli ve 5736 sayılı Bazı Kamu Alacaklarının Uzlaşma Usulü ile Tahsili Hakkında Kanunun 1 inci ve 2 nci maddeleri gereğince ödenmesi gerektiği hâlde bu Kanunun yayımı tarihine kadar ödenmemiş olan tutarların bu madde kapsamında ödenmesi hâlinde 5736 sayılı Kanun gereğince hesaplanan binde iki oranındaki faiz alacaklarının tamamının,"},{"type":"text","content":"tahsilinden vazgeçilir."},{"type":"text","content":"\\(2\\) Ticaret Bakanlığına bağlı tahsil daireleri tarafından takip edilen alacaklardan bu Kanunun yayımı tarihi itibarıyla (bu tarih dâhil);"},{"type":"text","content":"a\\) Vadesi geldiği hâlde ödenmemiş ya da ödeme süresi henüz geçmemiş bulunan gümrük vergilerinin ödenmemiş kısmının tamamı ile bunlara bağlı faiz, gecikme faizi, gecikme zammı gibi fer’i amme alacakları yerine bu Kanunun yayımı tarihine kadar Yİ-ÜFE aylık değişim oranları esas alınarak hesaplanacak tutarın; ödenmemiş alacağın sadece fer’i alacaktan ibaret olması hâlinde fer’i alacak yerine Yİ-ÜFE aylık değişim oranları esas alınarak hesaplanacak tutarın, bu Kanunda belirtilen süre ve şekilde tamamen ödenmesi şartıyla gümrük vergilerine bağlı faiz, gecikme faizi, gecikme zammı gibi fer’i amme alacakları ve aslı bu Kanunun yayımı tarihinden önce ödenmiş olanlar dâhil olmak üzere asla bağlı olarak kesilen idari para cezalarının tamamının,"},{"type":"text","content":"b\\) Vadesi geldiği hâlde ödenmemiş ya da ödeme süresi henüz geçmemiş bulunan ve 4458 sayılı Kanun ve ilgili diğer kanunlar kapsamında gümrük yükümlülüğü nedeniyle gümrük vergileri asıllarına bağlı olmaksızın kesilmiş idari para cezaları ile 30/3/2005 tarihli ve 5326 sayılı Kabahatler Kanununun iştirak hükümleri nedeniyle kesilmiş idari para cezalarının %50’sinin, bu Kanunda belirtilen süre ve şekilde tamamen ödenmesi şartıyla cezaların kalan %50’sinin,"},{"type":"text","content":"c\\) Eşyanın gümrüklenmiş değerine bağlı olarak kesilmiş idari para cezalarının %30’u ve varsa gümrük vergileri aslının tamamı ile bunlara bağlı faiz, gecikme faizi, gecikme zammı gibi fer’i amme alacakları yerine bu Kanunun yayımı tarihine kadar Yİ-ÜFE aylık değişim oranları esas alınarak hesaplanacak tutarın bu Kanunda belirtilen süre ve şekilde tamamen ödenmesi şartıyla cezaların kalan %70’i ile alacak asıllarına bağlı faiz, gecikme faizi, gecikme zammı gibi fer’i amme alacaklarının tamamının,"},{"type":"text","content":"tahsilinden vazgeçilir."},{"type":"text","content":"\\(3\\) a) İhtirazi kayıtla verilen beyannameler üzerine tahakkuk etmiş olan vergiler hakkında birinci ve ikinci fıkraların (a) bendi hükümleri uygulanır."},{"type":"text","content":"b\\) Bu Kanun kapsamına giren dönemlere ilişkin olup bu Kanunun yayımı tarihi itibarıyla 213 sayılı Kanunun 15 inci maddesine göre mücbir sebep hâli ilan edilmesi nedeniyle beyanname verme ve ödeme süresi ertelenen vergilerden, ödeme süresinin son günü 2020 yılının Ekim, Kasım veya Aralık ayına tekabül edecek şekilde belirlenenler hakkında bu Kanun hükümleri uygulanmaz."},{"type":"text","content":"\\(4\\) Bu Kanun kapsamında ödenecek olan motorlu taşıtlar vergisi ve bu vergiye bağlı gecikme faizi ve gecikme zammı yerine bu Kanunun yayımı tarihine kadar Yİ-ÜFE aylık değişim oranları esas alınarak hesaplanacak tutarın ait olduğu taşıt için, bu Kanun hükümlerinin ihlal edilmemiş olması koşuluyla, bu Kanunda belirtilen ödeme süresi sonuna kadar 18/2/1963 tarihli ve 197 sayılı Motorlu Taşıtlar Vergisi Kanununun 13 üncü maddesinin (d) fıkrası hükmü uygulanmaz."},{"type":"text","content":"\\(5\\) Tütün mamulleri, makaron, yaprak sigara kâğıdı ve alkollü içkilerin üreticileri ve ithalatçılarının, 213 sayılı Kanunun mükerrer 257 nci maddesinin birinci fıkrasının (6) numaralı bendinin Hazine ve Maliye Bakanlığına verdiği yetki kapsamında kullanılma zorunluluğu getirilen özel etiket ve işaretleri kullanmalarına izin verilebilmesi için bu Kanun kapsamında yapılandırılan ve vadesi 1/3/2016 tarihinden sonra gelen 6/6/2002 tarihli ve 4760 sayılı Özel Tüketim Vergisi Kanununa ekli (III) sayılı listenin (A) ve (B) cetvellerinde yer alan ürünlere ilişkin özel tüketim vergisi ve bu vergiye ait beyannameden doğan damga vergisi ile bu vergilere bağlı gecikme faizi ve gecikme zammı yerine bu Kanunun yayımı tarihine kadar Yİ-ÜFE aylık değişim oranları esas alınarak hesaplanacak tutarın tamamının ödenmesi şarttır."},{"type":"text","content":"\\(6\\) Bu Kanunun kapsadığı dönemlere ilişkin olup bu Kanunun yayımı tarihi itibarıyla yargı kararı ile kesinleştiği hâlde mükellefe ödemeye yönelik tebligatın yapılmadığı alacaklar için mükelleflerce bu Kanunda öngörülen süre ve şekilde başvuruda bulunulması koşuluyla bu alacaklar da bu madde kapsamında yapılandırılır. Bu hüküm kapsamına giren alacaklar için ayrıca tebligat yapılmaz ve alacakların vade tarihi olarak Kanunun yayımı tarihi kabul edilir. Bu kapsamda yapılandırılan tutarların bu Kanunda öngörülen süre ve şekilde ödenmemesi hâlinde de vade tarihinde değişiklik yapılmaz."},{"type":"text","content":"\\(7\\) 2464 sayılı Kanunun 97 nci maddesine göre tahsili gereken ücretler ile su, atık su ve katı atık ücreti alacaklarından vadesi 31/8/2020 tarihinden (bu tarih dâhil) önce olduğu hâlde bu Kanunun yayımı tarihi itibarıyla ödenmemiş olanlar ile bunlara bağlı fer’iler (sözleşmelerde düzenlenen her türlü zamlar dâhil) hakkında birinci fıkranın (ç) bendi hükümlerine göre yapılacak hesaplamalar sonucu belirlenen tutarların aynı fıkra hükümleri çerçevesinde ödenmesi hâlinde bu alacaklara bağlı cezaların ve fer’ilerin (sözleşmelerde düzenlenen her türlü ceza ve zamlar dâhil) tahsilinden vazgeçilir."},{"type":"text","content":"\\(8\\) Büyükşehir belediyelerinin, 2872 sayılı Kanunun 11 inci maddesine göre vadesi 31/8/2020 tarihinden (bu tarih dâhil) önce olduğu hâlde bu Kanunun yayımı tarihi itibarıyla ödenmemiş bulunan katı atık ücreti alacak asıllarının tamamı ile bunlara bağlı faiz, gecikme faizi, gecikme zammı gibi fer’iler (sözleşmelerde düzenlenen her türlü zamlar dâhil) hakkında birinci fıkranın (ç) bendi hükümlerine göre yapılacak hesaplamalar sonucu belirlenen tutarların aynı fıkra hükümleri çerçevesinde ödenmesi hâlinde bu alacaklara bağlı cezaların ve gecikme faizi, gecikme zammı gibi fer’ilerin (sözleşmelerde düzenlenen her türlü ceza ve zamlar dâhil) tahsilinden vazgeçilir."},{"type":"text","content":"\\(9\\) 2560 sayılı Kanun kapsamında büyükşehir belediyeleri su ve kanalizasyon idarelerinin, vadesi 31/8/2020 tarihinden (bu tarih dâhil) önce olduğu hâlde bu Kanunun yayımı tarihi itibarıyla ödenmemiş bulunan; su ve atık su bedeli alacak asıllarının tamamı ile bunlara bağlı faiz, gecikme faizi, gecikme zammı gibi fer’iler (sözleşmelerde düzenlenen her türlü zamlar dâhil) hakkında birinci fıkranın (ç) bendi hükümlerine göre yapılacak hesaplamalar sonucu belirlenen tutarların aynı fıkra hükümleri çerçevesinde ödenmesi hâlinde bu alacaklara bağlı cezaların ve gecikme faizi, gecikme zammı gibi fer’ilerin (sözleşmelerde düzenlenen her türlü ceza ve zamlar dâhil) tahsilinden vazgeçilir."},{"type":"text","content":"\\(10\\) YİKOB’ların, vadesi 31/8/2020 tarihinden (bu tarih dâhil) önce olduğu hâlde bu Kanunun yayımı tarihi itibarıyla ödenmemiş bulunan ve 6183 sayılı Kanun kapsamında takip edilen alacak asılları ile buna bağlı fer’i alacakları hakkında birinci fıkranın (ç) bendi hükümlerine göre yapılacak hesaplamalar sonucu belirlenen tutarların aynı fıkra hükümleri çerçevesinde ödenmesi hâlinde bu alacaklara bağlı fer’i alacakların tahsilinden vazgeçilir."},{"type":"text","content":"\\(11\\) Sosyal Güvenlik Kurumuna bağlı tahsil daireleri tarafından takip edilen alacaklardan 2020 yılı Ağustos ayı ve önceki aylara ilişkin olup bu Kanunun yayımı tarihinden önce tahakkuk ettiği hâlde bu Kanunun yayımı tarihi itibarıyla ödenmemiş olan;"},{"type":"text","content":"a\\) 5510 sayılı Kanunun 4 üncü maddesinin birinci fıkrasının (a), (b) ve (c) bentleri kapsamındaki sigortalılık statülerinden kaynaklanan; sigorta primi, emeklilik keseneği ve kurum karşılığı, işsizlik sigortası primi, sosyal güvenlik destek primi,"},{"type":"text","content":"b\\) Bu Kanuna göre yapılan başvuru tarihi itibarıyla ilgili mevzuatına göre ödenmesi imkânı ortadan kalkmamış isteğe bağlı sigorta primi ve topluluk sigortası primi,"},{"type":"text","content":"c\\) Sosyal Güvenlik Kurumu tarafından ilgili kanunları gereğince takip edilen damga vergisi, özel işlem vergisi ve eğitime katkı payı,"},{"type":"text","content":"asılları ile bu alacaklara ödeme sürelerinin bittiği tarihlerden bu Kanunun yayımı tarihine kadar geçen süre için Yİ-ÜFE aylık değişim oranları esas alınarak hesaplanacak tutarın, bu Kanunda belirtilen süre ve şekilde ödenmesi hâlinde, bu alacaklara uygulanan gecikme cezası ve gecikme zammı gibi fer’i alacakların tamamının tahsilinden vazgeçilir."},{"type":"text","content":"\\(12\\) 31/8/2020 tarihine kadar (bu tarih dâhil) bitirilmiş özel nitelikteki inşaatlar ile ihale konusu işlere ilişkin olup bu Kanunun yayımı tarihinden önce Kurumca resen tahakkuk ettirilerek işverene tebliğ edildiği hâlde bu Kanunun yayımı tarihi itibarıyla ödenmemiş olan; özel nitelikteki inşaatlar ile ihale konusu işlere ilişkin yapılan ön değerlendirme, araştırma veya tespitler sonucunda bulunan eksik işçilik tutarı üzerinden hesaplanan sigorta primi asılları ile bu alacaklara gecikme cezası ve gecikme zammı hesaplanan sürenin başlangıç tarihinden bu Kanunun yayımı tarihine kadar geçen süre için Yİ-ÜFE aylık değişim oranları esas alınarak hesaplanacak tutarın, bu Kanunda belirtilen süre ve şekilde ödenmesi hâlinde, bu alacaklara uygulanan gecikme cezası ve gecikme zammı gibi fer’i alacakların tamamının tahsilinden vazgeçilir."},{"type":"text","content":"\\(13\\) 31/8/2020 tarihinden önce (bu tarih dâhil) yapılan tespitlere ilişkin olup bu Kanunun yayımı tarihinden önce kesinleştiği hâlde bu Kanunun yayımı tarihi itibarıyla ödenmemiş olan ve Kurumca takip edilen idari para cezası asıllarının %50’si ile bu tutara ödeme sürelerinin bittiği tarihlerden bu Kanunun yayımı tarihine kadar geçen süre için Yİ-ÜFE aylık değişim oranları esas alınarak hesaplanacak tutarın, bu Kanunda belirtilen süre ve şekilde ödenmesi hâlinde, idari para cezası asıllarının kalan %50’si ile idari para cezasına uygulanan gecikme cezası ve gecikme zammı gibi fer’i alacaklarının tamamının tahsilinden vazgeçilir."},{"type":"text","content":"\\(14\\) Sosyal Güvenlik Kurumuna bağlı tahsil daireleri tarafından takip edilen ve bu Kanun kapsamına giren alacakların; asıllarının bu Kanunun yayımı tarihinden önce ödenmiş olmasına rağmen, fer’ilerinin bu Kanunun yayımı tarihi itibarıyla ödenmemiş olduğu durumlarda, aslı ödenmiş fer’i alacağın %40’ının bu Kanunda belirtilen süre ve şekilde ödenmesi hâlinde, kalan %60’ının tahsilinden vazgeçilir."},{"type":"text","content":"\\(15\\) 5510 sayılı Kanunun 4 üncü maddesinin birinci fıkrasının (b) bendi kapsamındaki sigortalılar ile ek 5 inci ve ek 6 ncı maddeleri kapsamında sigortalı olanların, bu madde kapsamındaki borçlarını yapılandırmaları hâlinde, yapılandırılan borç haricinde altmış günden fazla prim ve prime ilişkin borçlarının bulunmaması veya altmış günden fazla prim ve prime ilişkin borçları bulunmakla birlikte bu borçlarını ilgili kanunlara göre taksitlendirmiş veya yapılandırmış olup ödeme yükümlülüklerini de yerine getiriyor olmaları ve bu maddeye göre yapılandırılan borçlarının ilk taksitini ödemeleri kaydıyla genel sağlık sigortasından yararlanmaya başlatılır."},{"type":"text","content":"\\(16\\) 5510 sayılı Kanunun 60 ıncı maddesinin birinci fıkrasının (g) bendi kapsamında genel sağlık sigortası tescili yapılmış olup da gelir testine hiç başvurmayanlardan bu Kanunun yayımı tarihinden 31/3/2021 tarihine kadar gelir testine başvuran kişilerin genel sağlık sigortası primleri, gelir testi sonucuna göre ilk tescil başlangıç tarihinden itibaren tahakkuk ettirilir."},{"type":"text","content":"\\(17\\) 2020 yılı Ağustos ayı ve önceki aylara ilişkin olup bu Kanunun yayımı tarihinden önce 5510 sayılı Kanunun 60 ıncı maddesinin birinci fıkrasının (g) bendi kapsamında tahakkuk ettiği hâlde ödenmemiş olan prim borçlarının 30/4/2021 tarihine kadar ödenmesi hâlinde gecikme cezası ve gecikme zammı gibi fer’i alacakların tamamının tahsilinden vazgeçilir. Bu Kanunun yayımı tarihinden önce 5510 sayılı Kanunun 60 ıncı maddesinin birinci fıkrasının (g) bendi kapsamındaki sigortalılık statüsünden kaynaklanan prim borcu bulunanlar anılan Kanunun 67 nci maddesinde belirtilen şartları taşımaları hâlinde, bu Kanunun yayımı tarihinden önceki döneme ait prim borçları dikkate alınmaksızın Kanunun yayımı tarihinden itibaren 30/4/2021 tarihine kadar sağlık hizmetlerinden ve diğer haklardan yararlandırılır. Bu Kanunun yayımı tarihine kadar ödenmiş olan 5510 sayılı Kanunun 60 ıncı maddesinin birinci fıkrasının (g) bendi kapsamındaki genel sağlık sigortası primleri ile gecikme cezası ve gecikme zammı tutarları iade ve mahsup edilmez."},{"type":"text","content":"\\(18\\) Köy ve mahalle muhtarları, kendi adına ve hesabına bağımsız çalışanlar ile tarımda kendi adına ve hesabına bağımsız çalışanlardan, 5510 sayılı Kanuna, 2/9/1971 tarihli ve 1479 sayılı Esnaf ve Sanatkârlar ve Diğer Bağımsız Çalışanlar Sosyal Sigortalar Kurumu Kanununun mülga hükümlerine ve mülga 17/10/1983 tarihli ve 2926 sayılı Tarımda Kendi Adına ve Hesabına Çalışanlar Sosyal Sigortalar Kanununa göre tescilleri yapıldığı hâlde prim borçları nedeniyle daha önceki ilgili kanunları uyarınca sigortalılık süreleri durdurulmuş olanlardan bu Kanunun yayımı tarihi itibarıyla ihya edilmemiş olanların kendileri veya hak sahipleri, bu Kanunun yayımı tarihini takip eden ay başından itibaren iki ay içinde Kuruma müracaat ederek, durdurulan sigortalılık süreleri için ödeyecekleri prim tutarının, sigortalılık süreleri durdurulmamış gibi değerlendirilerek onbirinci fıkra hükümlerine göre hesaplanmasını talep edebilirler. Hesaplanan borcun tamamının ilk taksit ödeme süresi içinde ödenmesi hâlinde durdurulan süreler sigortalılık süresi olarak değerlendirilir. Hesaplanan borcun tamamının ilk taksit ödeme süresi içinde ödenmemesi hâlinde ihya işlemi geçerli sayılmaz ve bu fıkra kapsamında ödenmiş olan tutarlar ilgilinin başkaca prim borcunun bulunmaması kaydıyla faizsiz olarak iade edilir. Bu fıkra hükümlerinin uygulanmasında 3 üncü maddenin üçüncü fıkrasının (a) ve (b) bentleri hükümleri uygulanmaz."},{"type":"text","content":"\\(19\\) Bu Kanun kapsamına giren dönemlere ilişkin olup, bu Kanunun yayımı tarihi itibarıyla 5510 sayılı Kanunun 91 inci maddesinin üçüncü fıkrasına göre mücbir sebep hâli ilan edilmesi nedeniyle ödeme süresi ertelenen primlerden ödeme süresinin son günü 2020 yılının Ekim, Kasım veya Aralık ayına tekabül edecek şekilde belirlenenler hakkında bu Kanun hükümleri uygulanmaz."},{"type":"text","content":"\\(20\\) Bu madde hükümlerinden yararlanmak isteyen borçluların maddede belirtilen şartların yanı sıra dava açmamaları, açılmış davalardan vazgeçmeleri ve kanun yollarına başvurmamaları şarttır."}]},{"type":"header","content":"Ortak hükümler[\\[1\\]](#Xc217c44f9d6f9d647df03178eb8b64fb8f54252)"},{"type":"madde","maddeStr":"MADDE 3 –","number":3,"content":"(1) Bu Kanunun ilgili maddelerindeki başvuru ve ödeme süresine ilişkin hükümler saklı kalmak kaydıyla bu Kanun hükümlerinden yararlanmak isteyen borçluların;","subsections":[{"type":"text","content":"a\\) 31/12/2020 tarihine kadar (bu tarih dâhil) ilgili idareye başvuruda bulunmaları,"},{"type":"text","content":"b\\) Hazine ve Maliye Bakanlığına, Ticaret Bakanlığına, il özel idarelerine, belediyelere ve YİKOB’lara bağlı tahsil dairelerine ödenecek tutarların ilk taksitini 31/1/2021 tarihine kadar (bu tarih dâhil), Sosyal Güvenlik Kurumuna bağlı tahsil dairelerine ödenecek tutarların ise ilk taksitini 28/2/2021 tarihine kadar (bu tarih dâhil), diğer taksitlerini ise bu tarihleri takip eden ikişer aylık dönemler hâlinde azami on sekiz eşit taksitte ödemeleri,"},{"type":"text","content":"şarttır."},{"type":"text","content":"\\(2\\) Bu Kanuna göre ödenecek taksitlerin ödeme süresinin son gününün resmî tatile rastlaması hâlinde süre, tatili izleyen ilk iş günü mesai saati sonunda biter."},{"type":"text","content":"\\(3\\) Bu Kanun hükümlerine göre hesaplanan tutarlar peşin veya taksitler hâlinde ödenebilir."},{"type":"text","content":"a\\) Hesaplanan tutarların tamamının ilk taksit ödeme süresi içerisinde peşin olarak ödenmesi hâlinde katsayı uygulanmaz ve,"},{"type":"text","content":"1\\) Fer’i alacaklar yerine Yİ-ÜFE aylık değişim oranları esas alınarak hesaplanacak tutarların %90’ının tahsilinden vazgeçilir."},{"type":"text","content":"2\\) 1 inci maddenin birinci fıkrasının (a) bendinin (2) numaralı alt bendi kapsamında olan ve bu Kanun kapsamında yapılandırılan idari para cezalarından %25 indirim yapılır."},{"type":"text","content":"3\\) Yapılandırma sonucu ödenecek alacağın sadece fer’i alacaktan ibaret olması hâlinde fer’i alacak yerine Yİ-ÜFE aylık değişim oranları esas alınarak hesaplanacak tutardan (2 nci maddenin ondördüncü fıkrası kapsamındaki alacaklar hariç) %50 indirim yapılır."},{"type":"text","content":"b\\) Hesaplanan tutarların tamamının ilk iki taksit ödeme süresi içinde ödenmesi hâlinde katsayı uygulanmaz ve,"},{"type":"text","content":"1\\) Fer’i alacaklar yerine Yİ-ÜFE aylık değişim oranları esas alınarak hesaplanacak tutarlar üzerinden %50 indirim yapılır."},{"type":"text","content":"2\\) 1 inci maddenin birinci fıkrasının (a) bendinin (2) numaralı alt bendi kapsamında olan ve bu Kanun kapsamında yapılandırılan idari para cezalarından %12,5 indirim yapılır."},{"type":"text","content":"3\\) Yapılandırma sonucu ödenecek alacağın sadece fer’i alacaktan ibaret olması hâlinde fer’i alacak yerine Yİ-ÜFE aylık değişim oranları esas alınarak hesaplanacak tutardan (2 nci maddenin ondördüncü fıkrası kapsamındaki alacaklar hariç) %25 indirim yapılır."},{"type":"text","content":"c\\) Hesaplanan tutarların taksitle ödenmek istenmesi hâlinde, ilgili maddelerde yer alan hükümler saklı kalmak şartıyla borçluların başvuru sırasında altı, dokuz, on iki veya on sekiz eşit taksitte ödeme seçeneklerinden birini tercih etmeleri şarttır. Tercih edilen taksit süresinden daha uzun bir sürede ödeme yapılamaz."},{"type":"text","content":"ç) Hesaplanan tutarların taksitle yapılacak ödemelerinde ilgili maddelere göre belirlenen tutar;"},{"type":"text","content":"1\\) Altı eşit taksit için (1,045),"},{"type":"text","content":"2\\) Dokuz eşit taksit için (1,083),"},{"type":"text","content":"3\\) On iki eşit taksit için (1,105),"},{"type":"text","content":"4\\) On sekiz eşit taksit için (1,15),"},{"type":"text","content":"katsayısı ile çarpılır ve bulunan tutar, taksit sayısına bölünmek suretiyle ikişer aylık dönemler hâlinde ödenecek taksit tutarı hesaplanır. Bu Kanun hükümlerinden yararlanmak üzere başvuruda bulunan borçlulara tercih ettikleri taksit süresine uygun ödeme planı verilir. Ancak, tercih edilen süreden daha kısa sürede ödeme yapılması hâlinde ödenecek tutar ilgili katsayıya göre düzeltilir."},{"type":"text","content":"d\\) Bu Kanun kapsamında ödenmesi gereken tutarlar; il özel idareleri ve bunlara bağlı kamu tüzel kişiliğini haiz kuruluşlar ile Gençlik ve Spor Bakanlığı, Türkiye Futbol Federasyonu ve bağımsız spor federasyonlarına tescil edilmiş olan ve Türkiye’de sportif alanda faaliyette bulunan spor kulüplerince ikişer aylık dönemler hâlinde azami otuz altı eşit taksitte ödenebilir. Bu takdirde bu fıkra hükmüne göre hesaplanacak katsayı yirmi dört eşit taksit için (1,194), otuz eşit taksit için (1,238), otuz altı eşit taksit için (1,318) olarak uygulanır."},{"type":"text","content":"e\\) Bu Kanun kapsamında belediyeler ve bunlara bağlı kamu tüzel kişiliğini haiz kuruluşlarca ödenmesi gereken tutarlar, belediyelerin genel bütçe vergi gelirleri tahsilat toplamı üzerinden ayrılan paylarından, 2/7/2008 tarihli ve 5779 sayılı İl Özel İdarelerine ve Belediyelere Genel Bütçe Vergi Gelirlerinden Pay Verilmesi Hakkında Kanunun 7 nci maddesinin dördüncü fıkrasındaki %40 oranı dikkate alınmaksızın aylık dönemler hâlinde azami yüz yirmi eşit taksitte tahsil edilir. Ancak, bu kapsamda yapılacak kesinti tutarı her hâl ve takdirde bu idareler adına genel bütçe vergi gelirleri tahsilat toplamı üzerinden ayrılan payların aylık tutarının %50’sini aşamaz."},{"type":"text","content":"1\\) Taksitle yapılacak ödemelerde belirlenen tutar;"},{"type":"text","content":"(aa) Altı eşit taksit için (1,032),"},{"type":"text","content":"(bb) Dokuz eşit taksit için (1,053),"},{"type":"text","content":"\\(cc\\) On iki eşit taksit için (1,064),"},{"type":"text","content":"(çç) On sekiz eşit taksit için (1,086),"},{"type":"text","content":"(dd) Yirmi dört eşit taksit için (1,109),"},{"type":"text","content":"(ee) Otuz altı eşit taksit için (1,19),"},{"type":"text","content":"(ff) Kırk sekiz eşit taksit için (1,247),"},{"type":"text","content":"(gg) Altmış eşit taksit için (1,304),"},{"type":"text","content":"(ğğ) Yetmiş iki eşit taksit için (1,361),"},{"type":"text","content":"(hh) Yüz yirmi eşit taksit için (1,64),"},{"type":"text","content":"katsayısı ile çarpılır ve bulunan tutar, taksit sayısına bölünmek suretiyle aylık dönemler hâlinde tahsil edilecek taksit tutarı hesaplanır."},{"type":"text","content":"2\\) 5779 sayılı Kanuna göre yapılacak kesintilerin Cumhurbaşkanınca durdurulması hâlinde aylık taksitlerin ödeme süreleri kesinti yapılmayan aylar için de durdurulur ve taksit ödemeleri yönünden bu Kanun hükümlerine göre ihlal nedeni sayılmaz. Bu taksitler, taksit ödeme süresinin sonundan itibaren ayrıca bir katsayı ve geç ödeme zammı uygulanmaksızın, aylık dönemler itibarıyla paylardan kesinti suretiyle tahsil edilir. Taksit tutarlarının, bu bent kapsamındaki borçluların genel bütçe paylarından daha yüksek olması hâlinde ise eksik tutarlar borçlularca taksit ödeme süresini takip eden ay sonuna kadar geç ödeme zammı uygulanmaksızın ödenir."},{"type":"text","content":"\\(4\\) Hazine ve Maliye Bakanlığı ile Sosyal Güvenlik Kurumuna bağlı tahsil dairelerine bu Kanun kapsamında ödenecek olan alacakların 6183 sayılı Kanunun 41 inci maddesine göre kredi kartı kullanılmak suretiyle ödenmesi uygun görüldüğü takdirde, ödemeye aracılık yapan bankalarca, kart kullanıcılarına kredi kartı işlemine konu borç tutarının, taksitler hâlinde yansıtılması ve taksit ödeme aylarında hesaplarına borç kaydedilmesi koşuluyla, bu ödemeler için ödeme tarihi olarak kredi kartının kullanıldığı gün esas alınır ve borçluya tahsilatın yapıldığını gösteren makbuz verilir. Bu şekilde tahsil edilen tutarların bankalarca Hazine veya Sosyal Güvenlik Kurumu hesaplarına aktarılmasına ilişkin 6183 sayılı Kanunun 41 inci maddesinde belirlenen süre, taksit aylarının son gününü izleyen günden itibaren hesaplanır. Bu fıkra hükmüne göre taksitlerin kredi kartı kullanılmak suretiyle ödenmesi, katsayı uygulanmasına engel teşkil etmez."},{"type":"text","content":"\\(5\\) Hazine ve Maliye Bakanlığına bağlı tahsil dairelerine ödenmesi gereken amme alacaklarına uygulanmak üzere, bu Kanun hükümlerinden yararlanmak için başvuruda bulunan ve ödenecek tutarları ilgili vergi mevzuatı gereği iade alacağından kendi borçlarına mahsuben ödemek isteyen mükelleflerin, bu taleplerinin yerine getirilebilmesi için başvuru ve/veya taksit süresi içinde ilgili mevzuatın öngördüğü bilgi ve belgeleri tam ve eksiksiz olarak ibraz etmeleri şarttır. Bu takdirde, ilgili mevzuatın mükellefin mahsup talebine esas aldığı tarih itibarıyla bu Kanuna göre ödenecek tutara mahsup işlemleri yapılır; mahsup talebine konu tutardan daha az tutarda mahsubun yapılması hâlinde, mahsuben ödeme suretiyle tahsil edilemeyen tutar için borçluya bildirimde bulunularak eksik ödenen bu tutarın bir ay içerisinde ödenmesi istenir. Bu süre içerisinde eksik ödenen tutarın, ödenmesi gerektiği tarihten ödendiği tarihe kadar gecikilen her ay ve kesri için 6183 sayılı Kanunun 51 inci maddesine göre belirlenen gecikme zammı oranında hesaplanacak geç ödeme zammı ile birlikte ödenmesi hâlinde eksik ödenen tutar için bu Kanun hükümleri ihlal edilmiş sayılmaz."},{"type":"text","content":"\\(6\\) Bu Kanuna göre ödenmesi gereken taksitlerin ilk ikisinin süresinde ve tam ödenmesi koşuluyla, kalan taksitlerden; bir takvim yılında iki veya daha az taksitin, süresinde ödenmemesi veya eksik ödenmesi hâlinde, ödenmeyen veya eksik ödenen taksit tutarlarının son taksiti (peşin ödeme seçeneğinin tercih edilmesi hâlinde ilk taksiti) izleyen ayın sonuna kadar, gecikilen her ay ve kesri için 6183 sayılı Kanunun 51 inci maddesine göre belirlenen gecikme zammı oranında hesaplanacak geç ödeme zammı ile birlikte ödenmesi şartıyla bu Kanun hükümlerinden yararlanılır. İlk iki taksitin süresinde tam ödenmemesi ya da süresinde ödenmeyen veya eksik ödenen diğer taksitlerin belirtilen şekilde de ödenmemesi veya bir takvim yılında ikiden fazla taksitin süresinde ödenmemesi veya eksik ödenmesi hâlinde bu Kanun hükümlerinden yararlanma hakkı kaybedilir. Bu hüküm her bir madde ve alacaklı idareler açısından taksitlendirilen alacaklar için ayrı ayrı uygulanır."},{"type":"text","content":"\\(7\\) Bu Kanuna göre ödenecek taksit tutarının %10’unu aşmamak şartıyla 10 Türk lirasına (bu tutar dâhil) kadar yapılmış eksik ödemeler için bu Kanun hükümleri ihlal edilmiş sayılmaz."},{"type":"text","content":"\\(8\\) Bu Kanun kapsamına giren alacakların altıncı fıkrada belirtilen şekilde tamamen ödenmemiş olması hâlinde borçlular, ödedikleri tutarlar kadar bu Kanun hükümlerinden yararlanırlar. Kanun kapsamında yapılandırıldığı hâlde bu Kanunda öngörülen süre ve şekilde ödenmeyen alacakların yapılandırma öncesi türü ve vadesi dikkate alınarak takip işlemleri ilgili mevzuat kapsamında yapılır ve bu Kanunun yayımı tarihinden önce başlamış olan takip işlemleri geçerliliğini koruyarak kaldığı yerden devam eder."},{"type":"text","content":"\\(9\\) Bu Kanun kapsamına giren alacakların, bu Kanunun yayımı tarihinden önce;"},{"type":"text","content":"a\\) 6183 sayılı Kanun ve diğer kanunlar uyarınca tecil edilip de tecil şartlarına uygun olarak ödenmekte olanlarından, kalan taksit tutarları için borçlular, talep etmeleri hâlinde bu Kanun hükümlerinden yararlanabilirler. Bu takdirde tecil şartlarına uygun olarak ödenen taksit tutarları için tecil hükümleri geçerli sayılır. Bu şekilde ödenmiş taksit tutarlarına tecil tarihi ile ödeme tarihi arasında geçen süre için sadece ilgili kanunda öngörülen faiz uygulanır. Kalan taksit tutarları vadesinde ödenmemiş alacak kabul edilir ve bu alacaklar hakkında bu Kanun hükümleri uygulanır."},{"type":"text","content":"b\\) 11/5/2018 tarihli ve 7143 sayılı Vergi ve Diğer Bazı Alacakların Yeniden Yapılandırılması ile Bazı Kanunlarda Değişiklik Yapılmasına İlişkin Kanuna göre yapılandırılan ve bu Kanunun yayımlandığı tarih itibarıyla anılan Kanun kapsamında ödemeleri devam eden alacaklar açısından, borçlular talep etmeleri hâlinde bu Kanun hükümlerinden yararlanabilir. Bu takdirde, 7143 sayılı Kanun kapsamında ödenen taksitler için yapılandırma hükümleri geçerli sayılır, bu şekilde ödenmiş taksit tutarlarına tecil tarihi ile ödeme tarihi arasında geçen süre için anılan Kanuna göre tercih edilen taksit süresine uygun katsayı uygulanır, kalan taksit tutarlarına konu alacaklar vadesinde ödenmemiş alacak kabul edilerek bu Kanunun ilgili hükümlerine göre yapılandırılır ve ödenmemiş taksitlere ilişkin kalan katsayı tutarlarının tahsilinden vazgeçilir."},{"type":"text","content":"\\(10\\) Bu Kanun hükümleri;"},{"type":"text","content":"a\\) 5393 sayılı Kanunun geçici 5 inci maddesi, 10/7/2004 tarihli ve 5216 sayılı Büyükşehir Belediyesi Kanununun geçici 3 üncü maddesi kapsamında uzlaşılan alacaklar ile 10/9/2014 tarihli ve 6552 sayılı İş Kanunu ile Bazı Kanun ve Kanun Hükmünde Kararnamelerde Değişiklik Yapılması ile Bazı Alacakların Yeniden Yapılandırılmasına Dair Kanunun geçici 2 nci maddesinin birinci fıkrası kapsamında yapılandırılan alacaklar,"},{"type":"text","content":"b\\) 3/8/2016 tarihli ve 6736 sayılı Bazı Alacakların Yeniden Yapılandırılmasına İlişkin Kanun, 18/5/2017 tarihli ve 7020 sayılı Bazı Alacakların Yeniden Yapılandırılması ile Bazı Kanunlarda ve Bir Kanun Hükmünde Kararnamede Değişiklik Yapılmasına Dair Kanun hükümlerine göre bu Kanunun yayımı tarihi itibarıyla taksit ödemeleri devam eden alacaklar ile 6736 sayılı Kanuna göre tahakkuk eden alacaklar,"},{"type":"text","content":"hakkında uygulanmaz."},{"type":"text","content":"\\(11\\) Bu Kanundan yararlanılarak süresinde ödenen alacaklara, bu Kanunda yer alan hükümler saklı kalmak kaydıyla Kanunun yayımı tarihinden sonraki süreler için faiz, gecikme zammı, gecikme cezası gibi fer’i amme alacağı hesaplanmaz."},{"type":"text","content":"\\(12\\) Bu Kanuna göre ödenecek alacaklarla ilgili olarak, tatbik edilen hacizler yapılan ödemeler nispetinde kaldırılır ve buna isabet eden teminatlar iade edilir. Bu Kanuna göre ödenecek alacaklar nedeniyle tatbik edilen hacizlere konu mallar, borçlunun talebi hâlinde 6183 sayılı Kanun hükümlerine göre alacaklı tahsil dairesince satılabilir. Bu talep, Kanun kapsamında ödenmesi gereken tutarların Kanun hükümlerine göre ödenmesine engel teşkil etmez."},{"type":"text","content":"\\(13\\) a) Bu Kanun hükümlerinden yararlanmak üzere başvuruda bulunan ve ilgili maddeler uyarınca dava açmamaları veya açılan davalardan vazgeçmeleri ve kanun yollarına başvurmamaları gereken borçluların, bu Kanun hükümlerinden yararlanabilmeleri için ilgili maddelerde belirlenen başvuru sürelerinde, yazılı olarak bu iradelerini belirtmeleri şarttır. Borçlularca, bu Kanun hükümlerinden yararlanılmak üzere davadan vazgeçilmesi hâlinde idarece de ihtilaflar sürdürülmez."},{"type":"text","content":"b\\) Davadan vazgeçme dilekçeleri ilgili tahsil dairesine verilir ve bu dilekçelerin tahsil dairelerine verildiği tarih, ilgili yargı merciine verildiği tarih sayılarak dilekçeler ilgili yargı merciine gönderilir. Hazine ve Maliye Bakanlığına bağlı tahsil dairelerince tahsili gerektiği hâlde tahakkuku diğer kamu idarelerince yapılan alacaklara ilişkin ilgili kamu idaresi aleyhine açılmış davalardan vazgeçme dilekçelerinin verileceği idari mercii belirlemeye Hazine ve Maliye Bakanlığı yetkilidir."},{"type":"text","content":"c\\) Bu Kanun hükümlerinden yararlanmak üzere başvuruda bulunan ve açtıkları davalardan vazgeçen borçluların bu ihtilaflarıyla ilgili olarak karar tarihine bakılmaksızın bu Kanunun yayımı tarihinden sonra tebliğ edilen kararlar uyarınca işlem yapılmaz."},{"type":"text","content":"ç) Bu Kanun hükümlerinden yararlanılmak üzere vazgeçilen davalarda verilen kararlar ile hükmedilen yargılama gideri, avukatlık ücreti ve fer’ileri talep edilmez ve bu alacaklar için icra takibi yapılamaz. Vazgeçme tarihinden önce ödenmiş olan yargılama giderleri ve avukatlık ücretleri geri alınmaz."},{"type":"text","content":"\\(14\\) Bu Kanun kapsamındaki alacaklara ilişkin ilgili mevzuatta yer alan özel hükümler saklı kalmak kaydıyla taksit ödeme süresince zamanaşımı süreleri işlemez."},{"type":"text","content":"\\(15\\) Bu Kanun kapsamına giren alacaklara karşılık bu Kanunun yayımı tarihinden önce tahsil edilmiş olan tutarlar, bu Kanun kapsamında tahsil edilen tutarlar ile dokuzuncu fıkra kapsamındaki tecile ilişkin olarak 6183 sayılı Kanun veya diğer kanunlar uyarınca ödenen faizlerin bu Kanun hükümlerine dayanılarak red ve iadesi yapılmaz."},{"type":"text","content":"\\(16\\) Cumhurbaşkanı, bu Kanunda öngörülen başvuru ve ilk taksit ödeme sürelerini bir aya kadar, yabancı ülkelerde de faaliyette bulunan vergi mükelleflerinden, Ticaret Bakanlığı tarafından olağanüstü politik riskin gerçekleştiği tespit edilen ülkede faaliyette bulunan ve bu ülkedeki faaliyetleri nedeniyle durumları 213 sayılı Kanunun 13 üncü maddesine göre mücbir sebep hâli kabul edilenlerin, bu Kanun kapsamında alacakları yapılandırılan alacaklı idarelere mücbir sebep hâllerinin devam ettiği süre içinde ödemeleri gereken taksitlerin ödeme süreleri ile 213 sayılı Kanunun 15 inci maddesine göre mücbir sebep hâli ilan edilen yerlerdeki dairelere (alacaklı idarelere) mücbir sebep hâlinin vukuu tarihinden itibaren ödenmesi gereken taksitlerin ödeme sürelerini, mücbir sebep hâlinin bitim tarihini takip eden aydan başlamak üzere topluca veya ayrı ayrı bir yıla kadar uzatmaya yetkilidir."},{"type":"text","content":"\\(17\\) On altıncı fıkra hükümlerine göre mücbir sebep nedeniyle ödeme süresi uzatılan taksitler için altıncı fıkrada yer alan, taksitlerden ilk ikisinin süresinde ödenmesi şartı aranmaz."},{"type":"text","content":"\\(18\\) Bu Kanunun uygulamasına ilişkin usul ve esasları belirlemeye ilgisine göre Hazine ve Maliye Bakanlığı, Ticaret Bakanlığı veya Sosyal Güvenlik Kurumu yetkilidir. İl özel idareleri, belediyeler ile YİKOB’lara ait amme alacaklarına ilişkin hükümlerin uygulanmasına dair usul ve esaslar Hazine ve Maliye Bakanlığınca belirlenir."}]},{"type":"header","content":"Diğer hükümler[\\[2\\]](#X424ae1dfb199fdaa161d17bdce77f94503db3d6)"},{"type":"madde","maddeStr":"MADDE 4 –","number":4,"content":"(1) Hazine ve Maliye Bakanlığına bağlı tahsil dairelerince takip edilmekte olan ve vadesi 31/12/2014 tarihinden (bu tarih dâhil) önce olduğu hâlde bu Kanunun yayımı tarihi itibarıyla ödenmemiş olan ve 6183 sayılı Kanun kapsamına giren her bir alacağın türü, dönemi, asılları ayrı ayrı dikkate alınmak suretiyle tutarı 100 Türk lirasını aşmayan asli alacakların ve tutarına bakılmaksızın bu asıllara bağlı fer’i alacakların, aslı ödenmiş fer’i alacaklardan tutarı 200 Türk lirasını aşmayanların tahsilinden vazgeçilir.","subsections":[{"type":"text","content":"\\(2\\) Ticaret Bakanlığına bağlı tahsil dairelerince takip edilmekte olan ve vadesi 31/12/2014 tarihinden (bu tarih dâhil) önce olduğu hâlde bu Kanunun yayımı tarihine kadar ödenmemiş olan ve 6183 sayılı Kanun kapsamında gümrük idarelerince takibi gereken her bir alacağın; türü, yükümlülüğü, asılları ayrı ayrı dikkate alınmak suretiyle tutarı 100 Türk lirasını aşmayan asli alacakların, idari para cezalarında 150 Türk lirasını aşmayanların ve tutarına bakılmaksızın bu alacaklara bağlı fer’i alacakların, aslı ödenmiş fer’i alacaklarda toplamı 200 Türk lirasını aşmayanların tahsilinden vazgeçilir."},{"type":"text","content":"\\(3\\) 5510 sayılı Kanun kapsamından çıkarılan iş yerlerine ilişkin olup iş yerine ait borcun tamamının ödeme süresi 31/12/2017 veya önceki bir tarihe ilişkin olduğu hâlde ödenmemiş sigorta primi, işsizlik sigortası primi, sosyal güvenlik destek primi ve idari para cezası asılları toplamı 100 Türk lirasını aşmayan alacaklar ile tutarına bakılmaksızın bu alacaklara bağlı gecikme cezası ve gecikme zammı gibi fer’ilerinin ve aslı ödenmiş olan fer’i alacaklardan tutarı 200 Türk lirasını aşmayanların tahsilinden vazgeçilir."},{"type":"text","content":"\\(4\\) İşverenlerin ve üçüncü şahısların, 5510 sayılı Kanunun 14 üncü, 21 inci, 23 üncü, 39 uncu ve 76 ncı maddeleri, 17/7/1964 tarihli ve 506 sayılı Sosyal Sigortalar Kanununun mülga 10 uncu, 26 ncı, 27 nci ve 28 inci maddeleri, 1479 sayılı Kanunun mülga 63 üncü maddesi ve 8/6/1949 tarihli ve 5434 sayılı Türkiye Cumhuriyeti Emekli Sandığı Kanununun mülga 129 uncu maddesi gereğince iş kazası ve meslek hastalığı, malullük, adi malullük ve ölüm hâlleri ile genel sağlık sigortalısına ve bunların bakmakla yükümlü olduğu kişilere yönelik fiiller nedeniyle ödemekle yükümlü bulundukları her türlü borçları ile bu borçlara kanuni faiz uygulanan sürenin başlangıcından bu Kanunun yayımı tarihine kadar geçen süre için Yİ-ÜFE aylık değişim oranları esas alınarak hesaplanacak tutarın, bu Kanunda belirtilen süre ve şekilde ödenmesi hâlinde bu borçlara uygulanan kanuni faizin tahsilinden vazgeçilir."},{"type":"text","content":"\\(5\\) Sosyal Güvenlik Kurumu tarafından fazla veya yersiz olarak ödendiği tespit edilen ve 506 sayılı Kanunun, 1479 sayılı Kanunun, 17/10/1983 tarihli ve 2925 sayılı Tarım İşçileri Sosyal Sigortalar Kanununun, 2926 sayılı Kanunun, 5434 sayılı Kanunun mülga hükümleri ve 5510 sayılı Kanunun 96 ncı maddesi gereğince tahsil edilmesi gereken gelir ve aylıklara ilişkin borç asılları ile bu borçlara kanuni faiz uygulanan sürenin başlangıcından bu Kanunun yayımı tarihine kadar geçen süre için Yİ-ÜFE aylık değişim oranları esas alınarak hesaplanacak tutarın, bu Kanunda belirtilen süre ve şekilde ödenmesi hâlinde bu borçlara uygulanan kanuni faizin tahsilinden vazgeçilir."},{"type":"text","content":"\\(6\\) 31/8/2020 tarihi (bu tarih dâhil) itibarıyla ödenmesi gerektiği hâlde bu Kanunun yayımı tarihine kadar ödenmemiş olan;"},{"type":"text","content":"a\\) 18/5/2004 tarihli ve 5174 sayılı Türkiye Odalar ve Borsalar Birliği ile Odalar ve Borsalar Kanunu hükümlerine göre üyelerin oda ve borsalara olan aidat, navlun hasılatından alınacak oda payları ve borsa tescil ücreti ile oda ve borsaların Türkiye Odalar ve Borsalar Birliğine olan aidat borçları asılları ile 3/6/2007 tarihli ve 5684 sayılı Sigortacılık Kanununun 26 ncı maddesinin yirmi üçüncü fıkrası ile 27 nci maddesinin yedinci fıkrası uyarınca Türkiye Odalar ve Borsalar Birliğine ödenmesi gereken sigorta eksperleri ve sigorta acenteleri levha aidat borç asıllarının tamamının,"},{"type":"text","content":"b\\) 7/6/2005 tarihli ve 5362 sayılı Esnaf ve Sanatkârlar Meslek Kuruluşları Kanunu hükümlerine göre esnaf ve sanatkârların üyesi oldukları odalara olan aidat borçları ile odaların birlik ve üyesi oldukları federasyonlara, birlik ve federasyonların Türkiye Esnaf ve Sanatkârları Konfederasyonuna olan katılma payı, esnaf ve sanatkârların meslek eğitimini geliştirme ve destekleme fonu borç asıllarının tamamının,"},{"type":"text","content":"c\\) 1/6/1989 tarihli ve 3568 sayılı Serbest Muhasebeci Mali Müşavirlik ve Yeminli Mali Müşavirlik Kanunu hükümlerine göre meslek mensuplarının üyesi oldukları odalara olan aidat borçları ile odaların Türkiye Serbest Muhasebeci Mali Müşavirler ve Yeminli Mali Müşavirler Odaları Birliğine olan birlik payı borçlarının asıllarının tamamının,"},{"type":"text","content":"ç) 19/3/1969 tarihli ve 1136 sayılı Avukatlık Kanunu hükümlerine göre avukatların ve stajyer avukatların baro kesenekleri ile staj kredisi borçlarının asıllarının tamamının,"},{"type":"text","content":"d\\) 18/6/2009 tarihli ve 5910 sayılı Türkiye İhracatçılar Meclisi ile İhracatçı Birliklerinin Kuruluş ve Görevleri Hakkında Kanun hükümlerine göre ihracatçıların üyesi oldukları ihracatçı birliklerine olan üyelik aidat borçlarının asıllarının tamamının,"},{"type":"text","content":"birinci taksiti bu Kanunun yayımlandığı tarihi takip eden üçüncü ayın sonuna kadar, kalanı aylık dönemler hâlinde ve azami toplam altı eşit taksitte ödenmesi hâlinde, bu alacaklara uygulanan faiz, gecikme faizi, gecikme zammı gibi fer’i alacakların, alacak asıllarının bu Kanunun yayımı tarihinden önce kısmen veya tamamen ödenmiş olması hâlinde ödenmiş borç asıllarına isabet eden faiz, gecikme faizi, gecikme zammı gibi fer’i alacakların tahsilinden vazgeçilir."},{"type":"text","content":"e\\) Bu fıkra hükmünden yararlanılabilmesi için bu Kanunun yayımı tarihini izleyen ikinci ayın sonuna kadar alacaklı birime başvurulması şarttır."},{"type":"text","content":"f\\) Bu fıkra kapsamında ödenmesi gereken tutarların fıkrada öngörülen süre ve şekilde kısmen veya tamamen ödenmemesi hâlinde, ödenmemiş alacak asılları ile bunlara ilişkin faiz, gecikme faizi, gecikme zammı gibi fer’i alacaklar ilgili mevzuat hükümlerine göre tahsil edilir."},{"type":"text","content":"g\\) Bu fıkra hükmünden yararlanmak isteyen borçluların fıkrada belirtilen şartları yerine getirmelerinin yanı sıra dava açmamaları, açılmış davalardan vazgeçmeleri ve kanun yollarına başvurmamaları şarttır. Bu Kanunun yayımı tarihinden önce dava konusu edilmiş ve/veya mahkemece hükme bağlanmış ve kesinleşmiş olanlar dâhil olmak üzere icra takibi başlatılmış alacaklar için, borçlunun bu fıkra hükümlerinden yararlanmak üzere başvuruda bulunması hâlinde davalar ve/veya icra takipleri sonlandırılır. Bu kapsamda, tamamı ödenen alacaklara ilişkin yargılama giderleri ile icra masrafları ve vekâlet ücretleri karşılıklı olarak talep edilmez."},{"type":"text","content":"ğ) Baro keseneğinin ve staj kredisi borcunun ödenmemesine bağlı olarak yürütülen levhadan ve sicilden silme işlemleri ile yasal takip işlemleri bu Kanunun yayımı tarihini izleyen aydan itibaren taksitlerin ödeme süresinin sonuna kadar durdurulur."},{"type":"text","content":"h\\) Vergi mükellefiyeti sona erdiği hâlde oda/borsa kayıtları devam eden üyelerin, vergi mükellefiyetinin sona erdiği tarihe kadar ödenmeyen borçları için bu fıkra hükümleri uygulanır. Vergi mükellefiyetinin sona erdiği tarihten sonra, tahakkuk etmiş aidat borçlarının asılları ile birlikte fer’i borçlarının tamamının tahsilinden vazgeçilir."},{"type":"text","content":"ı) Bu fıkranın uygulanmasına ilişkin usul ve esasları belirlemeye ilgili idareler yetkilidir."},{"type":"text","content":"\\(7\\) Küçük ve Orta Ölçekli İşletmeleri Geliştirme ve Destekleme İdaresi Başkanlığı (KOSGEB) tarafından 31/8/2020 tarihinden önce kullandırılan ve bu Kanunun yayımlandığı tarihten önce uygunsuzluğu tespit edilmiş olan geri ödemesiz destekler, kredi faiz destekleri, geri ödemeli desteklerden ödenmemiş destek tutarları ile KOSGEB aidat alacaklarının yargıya intikal etmiş ya da etmemiş olan aslı ile bu alacaklara bu Kanunun yayımlandığı tarihe kadar hesaplanan faiz yerine Yİ-ÜFE aylık değişim oranları esas alınarak hesaplanacak tutarın, bu Kanunun yayımı tarihini izleyen ikinci ayın sonuna kadar başvuruda bulunulması ve bu Kanunda belirtilen süre ve şekilde ödenmesi şartıyla bu alacaklara bağlı faizlerin tahsilinden vazgeçilir. Bu Kanunun yayımlandığı tarih itibarıyla KOSGEB tarafından taksitlendirilmiş destek alacakları ile ilgili olarak da bu fıkra hükmünden yararlanılabilir. Bu takdirde ödenmiş tutarlar için taksitlendirme işlemleri geçerli sayılır ve kalan borç tutarı üzerinden bu fıkra hükmünden yararlandırılır. Haklarında; hukuki işlem devam eden işletmeler ile kurumların bu fıkra hükmünden yararlanarak borçlarını ödemek istemeleri hâlinde bu iradelerini başvuru dilekçelerinde belirtmeleri ve idarenin talep ettiği alacak tutarını kabul etmeleri, hukuki işleme ilişkin mahkeme/icra masraflarını ve vekâlet ücretini ilk taksit tutarı ile birlikte ödemeleri şarttır. Bu takdirde, idarece açılmış davalar sonlandırılır ve bu sebeple idareden herhangi bir masraf ve vekâlet ücreti talep edilemez ve bu alacakla ilgili herhangi bir dava açılamaz. Bu fıkra hükmünden yararlanarak borçlarını ödeyen işletmeler KOSGEB tarafından sağlanan yeni desteklerden faydalandırılır. Bu fıkra kapsamında ödenmesi gereken tutarların fıkrada öngörülen süre ve şekilde kısmen veya tamamen ödenmemesi hâlinde, ödenmemiş alacak asılları ile bunlara ilişkin faiz, gecikme faizi, gecikme zammı gibi fer’i alacaklar ilgili mevzuat hükümlerine göre tahsil edilir."},{"type":"text","content":"\\(8\\) Sanayi ve Teknoloji Bakanlığının bütçesinden 12/4/2000 tarihli ve 4562 sayılı Organize Sanayi Bölgeleri Kanunu hükümlerine göre kurulan organize sanayi bölgelerine ve sanayi sitesi yapı kooperatiflerine kullandırılan kredilerden 30/6/2020 tarihi itibarıyla ödeme süresi geldiği hâlde bu Kanunun yayımlandığı tarih itibarıyla ödenmemiş olan kredi alacaklarının (kanuni takipte olanlar dâhil) asıllarının tamamı ile bu alacaklara ilişkin fer’iler yerine, bu Kanunun yayımlandığı tarihe kadar Yİ-ÜFE aylık değişim oranları esas alınarak hesaplanacak tutarın; ödenmemiş alacağın sadece fer’i alacaktan ibaret olması hâlinde bu alacak yerine Yİ-ÜFE aylık değişim oranları esas alınarak hesaplanacak tutarın, bu Kanunun yayımlandığı tarihi izleyen ikinci ayın sonuna kadar Sanayi ve Teknoloji Bakanlığına ya da bu Bakanlığın uygun görmesi hâlinde kredi ödemelerine aracılık eden bankaya başvuruda bulunulması ve ödenmesi gereken tutarın, ilk taksiti bu Kanunun yayımlandığı tarihi izleyen üçüncü aydan başlamak üzere ikişer aylık dönemler hâlinde bu Kanunda belirtilen süre ve şekilde ödenmesi şartıyla fer’ilerin tamamının tahsilinden vazgeçilir. Bu Kanunun yayımlandığı tarihten önce dava konusu edilmiş ve/veya icra takibi başlatılmış alacaklar için, borçlunun bu fıkra hükümlerinden yararlanmak üzere başvuruda bulunması hâlinde, sürdürülen davalar sonlandırılır, icra ve takip işlemleri durdurulur. Bu takdirde, borçluların mahkeme masraflarını, icra masraflarını ve vekâlet ücretini ilk taksit tutarı ile birlikte ödemeleri şarttır. Bu fıkra kapsamına giren alacakların tamamının bu Kanunda öngörülen süre ve şekilde ödenmemesi hâlinde alacak, ilgili mevzuatın öngördüğü şekilde hesaplanır ve ödenen tutarlar mahsup edilir. Bu fıkra kapsamına giren alacaklara karşılık bu Kanunun yayımı tarihinden önce ödenen tutarlar bu fıkra hükümlerine dayanılarak red ve iade edilmez. Bu fıkranın uygulanmasına ilişkin usul ve esasları belirlemeye Sanayi ve Teknoloji Bakanlığı yetkilidir."},{"type":"text","content":"\\(9\\) İl özel idareleri, belediyeler ve bunların bağlı kuruluşları ile sermayesinin %50’sinden fazlası bunlara ait şirketlerin mülkiyetinde bulunan taşınmazlar hakkında yaptıkları satış, irtifak hakkı ve kiralama işlemlerinden kaynaklanan (tasarrufunda bulunan taşınmazların kira ve irtifak hakkı bedelleri ile kaynak sularının kira bedeli dâhil) ve vadesi 31/8/2020 tarihi itibarıyla geldiği hâlde bu Kanunun yayımı tarihi itibarıyla ödenmemiş olan kullanım bedelleri ve hasılat payları asıllarının tamamı ile bu alacaklara ilişkin gecikme zammı, faiz gibi fer’ileri yerine bu Kanunun yayımı tarihine kadar Yİ-ÜFE aylık değişim oranları esas alınarak hesaplanacak tutarın; bu Kanunun yayımı tarihini izleyen üçüncü aydan başlamak üzere ikişer aylık dönemler hâlinde azami on sekiz eşit taksitte 3 üncü maddenin üçüncü fıkrasının (ç) bendi hükümlerine göre hesaplanan katsayı ile birlikte tamamen ödenmesi şartıyla, bu alacaklara hesaplanan gecikme zammı, faiz gibi fer’i alacakların tahsilinden vazgeçilir. Bu takdirde mahkeme ve icra masrafları ile vekâlet ücreti ilk taksit tutarı ile birlikte tahsil edilir. Bu fıkra hükümlerinden yararlanılabilmesi için dava açılmaması ve açılmış davalardan vazgeçilmesi şarttır. Bu fıkra kapsamında ödenmesi gereken tutarların fıkrada öngörülen süre ve şekilde kısmen veya tamamen ödenmemesi hâlinde, ödenmemiş alacak asılları ile bunlara ilişkin faiz, gecikme faizi, gecikme zammı gibi fer’i alacaklar ilgili mevzuat hükümlerine göre tahsil edilir. Bu fıkranın uygulamasına ilişkin usul ve esasları belirlemeye Çevre ve Şehircilik Bakanlığı yetkilidir."},{"type":"text","content":"\\(10\\) Vakıflar Genel Müdürlüğü ile mazbut vakıflara ve temsilen yönetilen vakıflara ait taşınmazların kiralanması işlemlerinden kaynaklanan ve 31/8/2020 tarihi itibarıyla vadesi geldiği hâlde bu Kanunun yayımlandığı tarih itibarıyla ödenmemiş olan kira bedelleri asıllarının, bu Kanunun yayımlandığı tarihi izleyen ikinci ay sonuna kadar başvuruda bulunulması ve bu Kanunun yayımlandığı tarihi izleyen üç ay içinde haklarında açılan dava ve icra takiplerine ilişkin yargılama masrafları ile birlikte tamamen ödenmesi şartıyla, bu alacaklara ilişkin gecikme zammı, faiz gibi fer’i alacakların tahsilinden vazgeçilir. Bu fıkra kapsamına giren alacakların taksitle ödenmek istenmesi hâlinde en fazla on iki ay içinde ve eşit taksitler hâlinde kanuni faizi ile birlikte ödenmek üzere taksitlendirme yapılabilir. Bu takdirde dava ve icra takiplerine ilişkin yargılama masrafları ilk taksit tutarı ile birlikte tahsil edilir. Bu fıkra hükümlerinden yararlanılabilmesi için dava açılmaması ve açılmış davalardan vazgeçilmesi şarttır. Bu kiracılardan, tahliye hakkı doğmuş ancak tahliye kararı kesinleşmemiş olanlar ile yeniden sözleşme yapılabilir. Vakıflar Genel Müdürlüğüne, mazbut vakıflar ile temsilen yönetilen vakıflara ait taşınmazlar üzerinde bu Kanunun yayımlandığı tarihte işgalci durumda olanlar ile işgalleri bu tarihten önce sonlandırılanlardan ecrimisil borcu bulunanların talep etmeleri hâlinde birikmiş borçları bu fıkrada belirtilen şartlarla tahsil edilir. Hâlen işgali devam edenlerin müracaat etmeleri hâlinde, taşınmazın mevcut durumu dikkate alınarak taşınmazın bağlı olduğu bölge müdürlüğünce belirlenecek bedel üzerinden bu taşınmazlar kiralanabilir. Bu fıkra kapsamında yapılandırılan tutarların fıkra kapsamında ödemeleri devam ettiği sürece bu borçlar nedeniyle 25/3/2020 tarihli ve 7226 sayılı Bazı Kanunlarda Değişiklik Yapılmasına Dair Kanunla 20/2/2008 tarihli ve 5737 sayılı Vakıflar Kanununa eklenen geçici 14 üncü madde hükmü uygulanmaz. Bu fıkra kapsamında ödenmesi gereken tutarların fıkrada öngörülen süre ve şekilde kısmen veya tamamen ödenmemesi hâlinde, ödenmemiş alacak asılları ile bunlara ilişkin faiz, gecikme faizi, gecikme zammı gibi fer’i alacaklar ilgili mevzuat hükümlerine göre tahsil edilir. Bu fıkranın uygulanmasına ilişkin usul ve esasları belirlemeye Vakıflar Genel Müdürlüğü yetkilidir."},{"type":"text","content":"\\(11\\) Kalkınma ajanslarının, 25/1/2006 tarihli ve 5449 sayılı Kalkınma Ajanslarının Hizmetlerine İlişkin Kanun gereğince il özel idareleri ve belediyeler ile sanayi ve ticaret odalarından olan ve 30/6/2020 tarihi itibarıyla ödenmesi gerektiği hâlde bu Kanunun yayımlandığı tarih itibarıyla ödenmemiş bulunan alacak asıllarının tamamı ile bu alacaklara hesaplanan gecikme zammı, gecikme faizi, faiz gibi fer’i alacaklar yerine bu Kanunun yayımlandığı tarihe kadar Yİ-ÜFE aylık değişim oranları esas alınarak hesaplanacak tutarın, bu Kanunun yayımlandığı tarihi izleyen ikinci ayın sonuna kadar alacaklı kalkınma ajanslarına başvuruda bulunulması ve ödenmesi gereken tutarın ilk taksiti bu Kanunun yayımlandığı tarihi izleyen üçüncü aydan başlamak üzere ikişer aylık dönemler hâlinde bu Kanunda öngörülen süre ve şekilde azami on sekiz eşit taksitte tamamen ödenmesi şartıyla bu alacaklar için daha önce hesaplanan gecikme zammı, gecikme faizi, faiz gibi fer’i alacakların tahsilinden vazgeçilir. Bu Kanunun yayımlandığı tarihten önce dava konusu edilmiş ve/veya icra takibi başlatılmış alacaklar için, borçlunun bu fıkra hükümlerinden yararlanmak üzere başvuruda bulunması hâlinde dava ve icra takipleri durdurulur. Bu takdirde borçluların mahkeme ve icra masrafları ile vekâlet ücretini ilk taksit tutarı ile birlikte ödemeleri şarttır. Bu fıkra hükmünden yararlanarak ilk taksiti ödeyen il özel idareleri ve belediyeler ile sanayi ve ticaret odaları, yükümlülüklerini yerine getirmeye devam ettiği müddetçe kalkınma ajansları tarafından sağlanan desteklerden faydalanabilir. Bu fıkra kapsamında ödenmesi gereken tutarların fıkrada öngörülen süre ve şekilde kısmen veya tamamen ödenmemesi hâlinde, ödenmemiş alacak asılları ile bunlara ilişkin faiz, gecikme faizi, gecikme zammı gibi fer’i alacaklar ilgili mevzuat hükümlerine göre tahsil edilir."},{"type":"text","content":"\\(12\\) Türk Standardları Enstitüsünün bu Kanunun yayımı tarihi itibarıyla takibe intikal etmiş ve haklarında icra takibi başlatılmış gerçek ve tüzel kişilerden hizmet alanları kapsamında bulunan alacaklarının asıllarının tamamı ile bu alacaklara hesaplanan gecikme zammı, gecikme faizi, faiz gibi fer’i alacaklar yerine bu Kanunun yayımlandığı tarihe kadar Yİ-ÜFE aylık değişim oranları esas alınarak hesaplanacak tutarın, bu Kanunun yayımlandığı tarihi izleyen ikinci ayın sonuna kadar Türk Standardları Enstitüsünün takip ve tahsille görevli birimlerine başvuruda bulunulması ve ödenmesi gereken tutarın ilk taksiti bu Kanunun yayımlandığı tarihi izleyen üçüncü aydan başlamak üzere bu Kanunda belirtilen süre ve şekilde tamamen ödenmesi şartıyla bu borçlara hesaplanan gecikme zammı, gecikme faizi, faiz gibi fer’i alacakların tahsilinden vazgeçilir. Bu fıkra hükmünden yararlanmak isteyen borçluların fıkrada belirtilen şartları yerine getirmelerinin yanı sıra dava açmamaları, açılmış davalardan vazgeçmeleri ve kanun yollarına başvurmamaları şarttır. Bu Kanunun yayımı tarihinden önce dava konusu edilmiş ve/veya mahkemece hükme bağlanmış ve kesinleşmiş olanlar dâhil olmak üzere icra takibi başlatılmış alacaklar için, borçlunun bu fıkra hükümlerinden yararlanmak üzere başvuruda bulunması hâlinde davalar ve/veya icra takipleri sonlandırılır. Bu takdirde, borçluların mahkeme ve icra masrafları ile vekalet ücretini ilk taksit tutarı ile birlikte ödemeleri şarttır. Bu fıkra kapsamında ödenmesi gereken tutarların fıkrada öngörülen süre ve şekilde kısmen veya tamamen ödenmemesi hâlinde, ödenmemiş alacak asılları ile bunlara ilişkin faiz, gecikme faizi, gecikme zammı gibi fer’i alacaklar ilgili mevzuat hükümlerine göre tahsil edilir."},{"type":"text","content":"\\(13\\) a) Tarım ve Orman Bakanlığınca, tarımsal amaçlı kooperatiflere veya bu kooperatiflerin ortaklarına 31/8/2020 tarihinden önce kullandırılan ve bu Kanunun yayımlandığı tarih itibarıyla muaccel hâle gelen krediler ile ilgili mevzuatı uyarınca yeniden yapılandırılan ancak taksitleri süresinde ödenmeyen kredi alacaklarının bakiye asılları ile ödenmeyen alacağın vadesinin başlangıç tarihi itibarıyla bu Kanunun yayımlandığı tarihe kadar %3 faiz uygulanarak hesaplanacak borç tutarının; bu Kanunun yayımlandığı tarihi izleyen ikinci ayın sonuna kadar Tarım ve Orman İl Müdürlüklerine başvuruda bulunarak ilk taksit 2021 yılı Kasım ayından başlamak üzere ve her yıl ilk taksitin tekabül ettiği ayda toplam beş eşit taksitte ödenmesi şartıyla bu alacakların ödenen kısmına isabet eden fer’ilerin tahsilinden vazgeçilir. Bu fıkra hükümlerine uygun ödeme yapıldığı takdirde bu Kanunun yayımı tarihinden sonraki sürelere herhangi bir faiz, zam ve katsayı uygulanmaz."},{"type":"text","content":"b\\) Bu Kanunun yayımlandığı tarihten önce dava konusu edilmiş ve/veya icra takibi başlatılmış alacaklar için, borçlunun bu fıkra hükümlerinden yararlanmak üzere başvuruda bulunması hâlinde davalar sonlandırılır ve icra takipleri durdurulur. Bu takdirde borçluların mahkeme ve icra masrafları ile vekâlet ücretini ilk taksit tutarı ile birlikte ödemeleri şarttır."},{"type":"text","content":"c\\) Bu fıkra kapsamına giren alacakların tamamının bu fıkrada öngörülen süre ve şekilde ödenmemesi hâlinde alacak ilgili mevzuatın öngördüğü şekilde hesaplanır ve ödenen tutarlar mahsup edilir."},{"type":"text","content":"ç) Bu fıkra kapsamına giren alacaklara karşılık bu Kanunun yayımlandığı tarihten önce ödenen tutarlar red ve iade edilmez."},{"type":"text","content":"d\\) Bu fıkranın uygulamasına ilişkin usul ve esasları belirlemeye Tarım ve Orman Bakanlığı yetkilidir."},{"type":"text","content":"\\(14\\) Orman köylerinde oturan köylüler ile bu köylülerce kendi aralarında 24/4/1969 tarihli ve 1163 sayılı Kooperatifler Kanununa göre kurulmuş veya durumları bu Kanun hükümlerine intibak ettirilmiş çok amaçlı tarımsal kalkınma kooperatiflerine Orman Genel Müdürlüğünce kullandırılan kredilerden ödeme süresi geldiği hâlde bu Kanunun yayımı tarihi itibarıyla ödenmemiş olan kredi alacaklarının asıllarının tamamı ile bu alacaklara ilişkin fer’iler yerine, bu Kanunun yayımı tarihine kadar %3 faiz uygulanarak hesaplanacak tutarın; bu Kanunun yayımı tarihini izleyen ikinci ayın sonuna kadar orman bölge müdürlüklerine yazılı başvuruda bulunulması ve ödenmesi gereken tutarın, ilk taksiti 2021 yılı Kasım ayından başlamak üzere ve her yıl ilk taksitin tekabül ettiği ayda toplam beş eşit taksitte ödenmesi şartıyla bu alacakların ödenen kısmına isabet eden fer’ilerin tahsilinden vazgeçilir. Bu fıkra hükümlerine uygun ödeme yapıldığı takdirde bu Kanunun yayımı tarihinden sonraki sürelere herhangi bir faiz, zam ve katsayı uygulanmaz. Bu fıkra uyarınca taksitlendirilen alacaklara ilişkin olarak açılmış davalar sonlandırılır. Yargılama giderleri ile icra masrafları ve vekalet ücretleri karşılıklı olarak talep edilmez. Bu fıkra kapsamında ödenmesi gereken tutarların fıkrada öngörülen süre ve şekilde kısmen veya tamamen ödenmemesi hâlinde, ödenmemiş alacak asılları ile bunlara ilişkin faiz, gecikme faizi, gecikme zammı gibi fer’i alacaklar ilgili mevzuat hükümlerine göre tahsil edilir. Bu fıkranın uygulanmasına ilişkin usul ve esasları belirlemeye Orman Genel Müdürlüğü yetkilidir."},{"type":"text","content":"\\(15\\) Büyükşehir belediyeleri, belediyeler veya bağlı kuruluşlarının, 3/7/1968 tarihli ve 1053 sayılı Belediye Teşkilâtı Olan Yerleşim Yerlerine İçme, Kullanma ve Endüstri Suyu Temini Hakkında Kanun kapsamında imzalanan protokol uyarınca Devlet Su İşleri Genel Müdürlüğüne ödenmesi gereken ve bu Kanunun yayımı tarihi itibarıyla vadesi geldiği hâlde ödenmemiş bulunan borçlarının en az %25’ini fer’ileriyle birlikte bu Kanunun yayımlandığı tarihten itibaren en geç bir ay içinde Devlet Su İşleri Genel Müdürlüğüne ödemeleri hâlinde veya bu tutar tahsil edilmiş olanlarından fıkra hükmünden yararlanmak üzere başvuruda bulunmaları hâlinde, kalan borcu işleyecek kanuni faiz ile birlikte ve protokollerindeki kalan taksit sürelerine eşit bölünmek suretiyle Devlet Su İşleri Genel Müdürlüğüne ödenir. Bu fıkra uyarınca yapılandırılan borçlar için açılan davalar ve yapılan icra takipleri kendiliğinden sona erer. Yargılama giderleri ile icra masrafları ve vekâlet ücretleri karşılıklı olarak talep edilmez. Bu fıkranın uygulanmasına ilişkin usul ve esasları belirlemeye Devlet Su İşleri Genel Müdürlüğü yetkilidir."},{"type":"text","content":"\\(16\\) Bu Kanun kapsamına giren ve 31/8/2020 tarihinden önce (bu tarih dâhil) yapılan tespitlere ilişkin olup bu Kanunun yayımı tarihinden 3 üncü maddenin birinci fıkrasının (a) bendinde belirtilen başvuru tarihine kadar kesinleşen ve bu tarihe kadar başvuruda bulunulan Sosyal Güvenlik Kurumunca takip edilen idari para cezası asıllarının %50’si ile bu tutara ödeme sürelerinin bittiği tarihlerden başvuru tarihine kadar geçen süre için aylık %0,35 oranında hesaplanacak tutarın, 3 üncü madde hükümlerine göre ödenmesi hâlinde, idari para cezası asıllarının kalan %50’si ile idari para cezasına uygulanan gecikme cezası ve gecikme zammı gibi fer’i alacaklarının tamamının tahsilinden vazgeçilir."}]},{"type":"header","content":"MADDE 5 – 6– 7 – 8– 9– 10 – 11– 12– 13– 14– (25/8/1999 tarihli ve 4447 sayılı İşsizlik Sigortası Kanunu ile ilgili olup yerine işlenmiştir.)"},{"type":"header","content":"MADDE 15 – 16– 17– 18– 19– 20– 21– (31/12/1960 tarihli ve 193 sayılı Gelir Vergisi Kanunu ile ilgili olup yerine işlenmiştir.)"},{"type":"header","content":"MADDE 22 – (28/3/1983 tarihli ve 2809 sayılı Yükseköğretim Kurumları Teşkilatı Kanunu ile ilgili olup yerine işlenmiştir.)"},{"type":"header","content":"MADDE 23 – 24 – 25 – (25/10/1984 tarihli ve 3065 sayılı Katma Değer Vergisi Kanunu ile ilgili olup yerine işlenmiştir.)"},{"type":"header","content":"MADDE 26 – 27 – (3/5/1985 tarihli ve 3194 sayılı İmar Kanunu ile ilgili olup yerine işlenmiştir.)"},{"type":"header","content":"MADDE 28 – (7/5/1987 tarihli ve 3359 sayılı Sağlık Hizmetleri Temel Kanunu ile ilgili olup yerine işlenmiştir.)"},{"type":"header","content":"MADDE 29 –(29/6/2001 tarihli ve 4706 sayılı Hazineye Ait Taşınmaz Malların Değerlendirilmesi ve Katma Değer Vergisi Kanununda Değişiklik Yapılması Hakkında Kanun ile ilgili olup yerine işlenmiştir.)"},{"type":"header","content":"MADDE 30 – (25/6/2003 tarihli ve 4904 sayılı Türkiye İş Kurumu ile İlgili Bazı Düzenlemeler Hakkında Kanun ile ilgili olup yerine işlenmiştir.)"},{"type":"header","content":"MADDE 31 – (13/12/2004 tarihli ve 5275 sayılı Ceza ve Güvenlik Tedbirlerinin İnfazı Hakkında Kanun ile ilgili olup yerine işlenmiştir.)"},{"type":"header","content":"MADDE 32 – 33– 34– (31/5/2006 tarihli ve 5510 sayılı Sosyal Sigortalar ve Genel Sağlık Sigortası Kanunu ile ilgili olup yerine işlenmiştir.)"},{"type":"header","content":"MADDE 35 – 36– 37– (13/6/2006 tarihli ve 5520 sayılı Kurumlar Vergisi Kanunu ile ilgili olup yerine işlenmiştir.)"},{"type":"header","content":"MADDE 38 – 39 – (8/2/2007 tarihli ve 5580 sayılı Özel Öğretim Kurumları Kanunu ile ilgili olup yerine işlenmiştir.)"},{"type":"header","content":"MADDE 40 – (13/2/2011 tarihli ve 6111 sayılı Bazı Alacakların Yeniden Yapılandırılması ile Sosyal Sigortalar ve Genel Sağlık Sigortası Kanunu ve Diğer Bazı Kanun ve Kanun Hükmünde Kararnamelerde Değişiklik Yapılması Hakkında Kanun ile ilgili olup yerine işlenmiştir.)"},{"type":"header","content":"MADDE 41 – (1/2/2018 tarihli ve 7075 sayılı Olağanüstü Hal İşlemleri İnceleme Komisyonu Kurulması Hakkında Kanun Hükmünde Kararnamenin Değiştirilerek Kabul Edilmesine Dair Kanun ile ilgili olup yerine işlenmiştir.)"},{"type":"header","content":"MADDE 42 – (5/12/2019 tarihli ve 7194 sayılı Dijital Hizmet Vergisi ile Bazı Kanunlarda ve 375 sayılı Kanun Hükmünde Kararnamede Değişiklik Yapılması Hakkında Kanun ile ilgili olup yerine işlenmiştir.)"},{"type":"header","content":"MADDE 43 – (25/3/2020 tarihli ve 7226 sayılı Bazı Kanunlarda Değişiklik Yapılmasına Dair Kanunu ile ilgili olup yerine işlenmiştir.)"},{"type":"header","content":"MADDE 44 – (16/4/2020 tarihli ve 7244 sayılı Yeni Koronavirüs (Covid-19) Salgınının Ekonomik ve Sosyal Hayata Etkilerinin Azaltılması Hakkında Kanun ile Bazı Kanunlarda Değişiklik Yapılmasına Dair Kanun ile ilgili olup yerine işlenmiştir.)"},{"type":"madde","maddeStr":"MADDE 45 –","number":45,"content":"(1) Bu Kanunun;","subsections":[{"type":"text","content":"a\\) 12 nci ve 13 üncü maddeleri yayımı tarihini takip eden ayın başında,"},{"type":"text","content":"b\\) 15 inci, 16 ncı maddeleri ile 19 uncu maddesinin 193 sayılı Kanunun geçici 67 nci maddesinin onüçüncü fıkrasının ikinci paragrafına ibare eklenmesine ilişkin hükmü 1/1/2021 tarihinden itibaren elde edilen gelirlere uygulanmak üzere yayımı tarihinde,"},{"type":"text","content":"c\\) 32 nci maddesi 13/11/2020 tarihinden itibaren uygulanmak üzere yayımı tarihinde,"},{"type":"text","content":"ç) 35 inci maddesi 1/1/2021 tarihinden, özel hesap dönemine tabi olan mükelleflerde 2021 takvim yılında başlayan özel hesap döneminin başından itibaren elde edilen kazançlara uygulanmak üzere yayımı tarihinde,"},{"type":"text","content":"d\\) 38 inci ve 39 uncu maddeleri 1/1/2022 tarihinde,"},{"type":"text","content":"e\\) Diğer hükümleri yayımı tarihinde,"},{"type":"text","content":"yürürlüğe girer."}]},{"type":"madde","maddeStr":"MADDE 46 –","number":46,"content":"(1) Bu Kanun hükümlerini Cumhurbaşkanı yürütür.","subsections":[{"type":"text","content":"[\\[1\\]](#Xf4c8113f07524640efcbf4d5822e1fc633a9e60) 30/12/2020 tarihli ve 31350 sayılı Resmî Gazete’de yayımlanan 3343 sayılı Cumhurbaşkanı Kararı ile bu maddede yer alan başvuru ve ilk taksit ödeme sürelerinin, anılan maddelerde belirtilen sürelerin bitiminden itibaren bir ay uzatılmasına karar verilmiştir."},{"type":"text","content":"*[**\\[2\\]**](#X6ae359e89ea24432127ac5e463063b1e05d509f) 30/12/2020 tarihli ve 31350 sayılı Resmî Gazete’de yayımlanan 3343 sayılı Cumhurbaşkanı Kararı ile bu maddede yer alan başvuru ve ilk taksit ödeme sürelerinin, anılan maddelerde belirtilen sürelerin bitiminden itibaren bir ay uzatılmasına karar verilmiştir.*"}]}]