[{"type":"header","content":"TÜRKİYE CUMHURİYETİ HÜKÛMETİ İLE ETİYOPYA FEDERAL"},{"type":"header","content":"DEMOKRATİK CUMHURİYETİ HÜKÛMETİ ARASINDA ASKERÎ"},{"type":"header","content":"ÇERÇEVE ANLAŞMASININ ONAYLANMASININ UYGUN"},{"type":"header","content":"BULUNDUĞUNA DAİR KANUN"},{"type":"header","content":"Kanun Numarası                    : 7453"},{"type":"header","content":"Kabul Tarihi                           : 5/4/2023"},{"type":"header","content":"Yayımlandığı Resmî Gazete   : Tarih:10/4/2023     Sayı: 32159"},{"type":"madde","maddeStr":"MADDE 1-","number":1,"content":"(1) 18 Ağustos 2021 tarihinde Ankara’da imzalanan “Türkiye Cumhuriyeti Hükûmeti ile Etiyopya Federal Demokratik Cumhuriyeti Hükûmeti Arasında Askerî Çerçeve Anlaşması”nın onaylanması uygun bulunmuştur.","subsections":[]},{"type":"madde","maddeStr":"MADDE 2-","number":2,"content":"(1) Bu Kanun yayımı tarihinde yürürlüğe girer.","subsections":[]},{"type":"madde","maddeStr":"MADDE 3-","number":3,"content":"(1) Bu Kanun hükümlerini Cumhurbaşkanı yürütür.","subsections":[]}]