[{"type":"header","content":"OLAĞANÜSTÜ HAL KAPSAMINDA BAZI DÜZENLEMELER YAPILMASI HAKKINDA KANUN HÜKMÜNDE KARARNAMENİN DEĞİŞTİRİLEREK KABUL EDİLMESİNE DAİR KANUN"},{"type":"header","content":"Kanun Numarası                    : 7078"},{"type":"header","content":"Kabul Tarihi                           : 1/2/2018"},{"type":"header","content":"Yayımlandığı Resmî Gazete   : Tarih     : 8/3/2018            Sayı  : 30354 (Mükerrer)"},{"type":"header","content":"Yayımlandığı Düstur              : Tertip    : 5                        Cilt   : 59"},{"type":"header","content":"MADDE 1- ( 18/3/1924 tarihli ve 442 sayılı Köy Kanunu ile ilgili olup yerine işlenmiştir.)"},{"type":"header","content":"MADDE 2- (16/6/1927 tarihli ve 1076 sayılı Yedek Subaylar ve Yedek Askeri Memurlar Kanunu ile ilgili olup yerine işlenmiştir.)"},{"type":"header","content":"MADDE 3-4 - (21/6/1927 tarihli ve 1111 sayılı Askerlik Kanunu ile ilgili olup yerine işlenmiştir.)"},{"type":"header","content":"MADDE 5- 6- (11/4/1928 tarihli ve 1219 sayılı Tababet ve Şuabatı San’atlarının Tarzı İcrasına Dair Kanun ile ilgili olup yerine işlenmiştir.)"},{"type":"header","content":"MADDE 7- (9/6/1930 tarihli ve 1700 sayılı Dahiliye Memurları Kanunu ile ilgili olup yerine işlenmiştir.)"},{"type":"header","content":"MADDE 8- 9 - (9/6/1932 tarihli ve 2004 sayılı İcra ve İflas Kanunu ile ilgili olup yerine işlenmiştir.)"},{"type":"header","content":"MADDE 10-11- (12/6/1933 tarihli ve 2313 sayılı Uyuşturucu Maddelerin Murakabesi Hakkında Kanun ile ilgili olup yerine işlenmiştir.)"},{"type":"header","content":"MADDE 12 ila 16 - (4/6/1937 tarihli ve 3201 sayılı Emniyet Teşkilat Kanun ile ilgili olup yerine işlenmiştir.)"},{"type":"header","content":"MADDE 17- 18- (29/6/1938 tarihli ve 3533 sayılı Umumi Mülhak ve Hususi Bütçelerle İdare Edilen Daireler ve Belediyelerle Sermayesinin Tamamı Devlete veya Belediye veya Hususi İdarelere Aid Daire ve Müesseseler Arasındaki İhtilafların Tahkim Yolile Halli Hakkında Kanun ile ilgili olup yerine işlenmiştir.)"},{"type":"header","content":"MADDE 19- 20- (24/3/1950 tarihli ve 5661 sayılı Yüksek Öğrenim Öğrenci Yurtları ve Aşevleri Hakkındaki Kanuna Ek Kanun ile ilgili olup yerine işlenmiştir.)"},{"type":"header","content":"MADDE 21- (10/7/1953 tarihli ve 6136 sayılı Ateşli Silahlar ve Bıçaklar ile Diğer Aletler Hakkında Kanun ile ilgili olup yerine işlenmiştir.)"},{"type":"header","content":"MADDE 22- (31/8/1956 tarihli ve 6831 sayılı Orman Kanunu ile ilgili olup yerine işlenmiştir.)"},{"type":"header","content":"MADDE 23- (29/4/1959 tarihli ve 7258 sayılı Futbol ve Diğer Spor Müsabakalarında Bahis ve Şans Oyunları Düzenlenmesi Hakkında Kanun ile ilgili olup yerine işlenmiştir.)"},{"type":"header","content":"MADDE 24 ila 30- (14/7/1965 tarihli ve 657 sayılı Devlet Memurları Kanunu ile ilgili olup yerine işlenmiştir.)"},{"type":"header","content":"MADDE 31 ila 35 - (27/7/1967 tarihli ve 926 sayılı Türk Silâhlı Kuvvetleri Personel Kanunu ile ilgili olup yerine işlenmiştir.)"},{"type":"header","content":"MADDE 36 ila 39 - (31/7/1970 tarihli ve 1325 sayılı Milli Savunma Bakanlığı Görev ve Teşkilatı Hakkında Kanun ile ilgili olup yerine işlenmiştir.)"},{"type":"freeText","content":"lan yönetmelikle belirlenir.”"},{"type":"header","content":"MADDE 40- (11/9/1981 tarihli ve 2521 sayılı Avda ve Sporda Kullanılan Tüfekler, Nişan Tabancaları ve Av Bıçaklarının Yapımı, Alımı, Satımı ve Bulundurulmasına Dair Kanun ile ilgili olup yerine işlenmiştir.)"},{"type":"header","content":"MADDE 41- 42- (4/11/1981 tarihli ve 2547 sayılı Yükseköğretim Kanunu ile ilgili olup yerine işlenmiştir.)"},{"type":"header","content":"MADDE 43- 44 - (18/12/1981 tarihli ve 2565 sayılı Askeri Yasak Bölgeler ve Güvenlik Bölgeleri Kanunu ile ilgili olup yerine işlenmiştir.)"},{"type":"header","content":"MADDE 45- (14/4/1982 tarihli ve 2659 sayılı Adlî Tıp Kurumu Kanunu ile ilgili olup yerine işlenmiştir.)"},{"type":"header","content":"MADDE 46- (9/7/1982 tarihli ve 2692 sayılı Sahil Güvenlik Komutanlığı Kanunu ile ilgili olup yerine işlenmiştir.)"},{"type":"header","content":"MADDE 47-  48- (24/2/1983 tarihli ve 2802 sayılı Hakimler ve Savcılar Kanunu ile ilgili olup yerine işlenmiştir.)"},{"type":"header","content":"MADDE 49 ila 54- (10/3/1983 tarihli ve 2803 sayılı Jandarma Teşkilat, Görev ve Yetkileri Kanun ile ilgili olup yerine işlenmiştir.)"},{"type":"header","content":"MADDE 55- (13/10/1983 tarihli ve 2918 sayılı Karayolları Trafik Kanunu ile ilgili olup yerine işlenmiştir.)"},{"type":"header","content":"MADDE 56 ila 74 - (1/11/1983 tarihli ve 2937 sayılı Devlet İstihbarat Hizmetleri ve Milli İstihbarat Teşkilatı Kanunu ile ilgili olup yerine işlenmiştir.)"},{"type":"header","content":"MADDE 75 ila 78 - (29/3/1984 tarihli ve 2992 sayılı Adalet Bakanlığının Teşkilat ve Görevleri Hakkında Kanun Hükmünde Kararnamenin Değiştirilerek Kabulü Hakkında Kanun ile ilgili olup yerine işlenmiştir.)"},{"type":"header","content":"MADDE 79- (25/10/1984 tarihli ve 3065 sayılı Katma Değer Vergisi Kanunu ile ilgili olup yerine işlenmiştir.)"},{"type":"header","content":"MADDE 80- (7/11/1985 tarihli ve 3238 sayılı Savunma Sanayii Müsteşarlığının Kurulması ve 11 Temmuz 1939 Tarih ve 3670 Sayılı Milli Piyango Teşkiline Dair Kanunun İki Maddesi ile 23 Ekim 1984 Tarih ve 3065 Sayılı Katma Değer Vergisi Kanununun Bir Maddesinde Değişiklik Yapılması Hakkında Kanun ile ilgili olup yerine işlenmiştir.)"},{"type":"header","content":"MADDE 81- (7/5/1987 tarihli ve 3359 sayılı Sağlık Hizmetleri Temel Kanunu ile ilgili olup yerine işlenmiştir.)"},{"type":"header","content":"MADDE 82- (12/4/1991 tarihli ve 3713 sayılı Terörle Mücadele Kanunu ile ilgili olup yerine işlenmiştir.)"},{"type":"header","content":"MADDE 83- (26/10/1994 tarihli ve 4045 sayılı Güvenlik Soruşturması, Bazı Nedenlerle Görevlerine Son Verilen Kamu Personeli ile Kamu Görevine Alınmayanların Haklarının Geri Verilmesine ve 1402 Numaralı Sıkıyönetim Kanununda Değişiklik Yapılmasına İlişkin Kanun ile ilgili olup yerine işlenmiştir.)"},{"type":"header","content":"MADDE 84 ila 106- (11/5/2000 tarihli ve 4566 sayılı Harp Okulları Kanunu ile ilgili olup yerine işlenmiştir.)"},{"type":"header","content":"MADDE 107 ila 125- (11/4/2002 tarihli ve 4752 sayılı Astsubay Meslek Yüksek Okulları Kanunu ile ilgili olup yerine işlenmiştir.)"},{"type":"header","content":"MADDE 126- (6/6/2002 tarihli ve 4760 sayılı Özel Tüketim Vergisi Kanunu ile ilgili olup yerine işlenmiştir.)"},{"type":"header","content":"MADDE 127- 10/12/2003 tarihli ve 5018 sayılı Kamu Malî Yönetimi ve Kontrol Kanunu ile ilgili olup yerine işlenmiştir.)"},{"type":"header","content":"MADDE 128- 129- (18/5/2004 tarihli ve 5174 sayılı Türkiye Odalar ve Borsalar Birliği ile Odalar ve Borsalar Kanunu ile ilgili olup yerine işlenmiştir.)"},{"type":"header","content":"MADDE 130- (29/6/2004 tarihli ve 5202 sayılı Savunma Sanayii Güvenliği Kanunu ile ilgili olup yerine işlenmiştir.)"},{"type":"header","content":"MADDE 131- (26/9/2004 tarihli ve 5235 sayılı Adlî Yargı İlk Derece Mahkemeleri ile Bölge Adliye Mahkemelerinin Kuruluş, Görev ve Yetkileri Hakkında Kanun ile ilgili olup yerine işlenmiştir.)"},{"type":"header","content":"MADDE 132 ila 134 - (26/9/2004 tarihli ve 5237 sayılı Türk Ceza Kanunu ile ilgili olup yerine işlenmiştir.)"},{"type":"header","content":"MADDE 135 ila 144- (4/12/2004 tarihli ve 5271 sayılı Ceza Muhakemesi Kanunu ile ilgili olup yerine işlenmiştir.)"},{"type":"header","content":"MADDE 145- 146 - ( 5275 sayılı Kanun ile ilgili olup yerine işlenmiştir.)"},{"type":"header","content":"MADDE 147- (23/3/2005 tarihli ve 5320 sayılı Ceza Muhakemesi Kanunu ile ilgili olup yerine işlenmiştir.)"},{"type":"header","content":"MADDE 148- 149- (31/5/2006 tarihli ve 5510 sayılı Sosyal Sigortalar ve Genel Sağlık Sigortası Kanunu ile ilgili olup yerine işlenmiştir.)"},{"type":"header","content":"MADDE 150 ila 154 - (24/5/2007 tarihli ve 5668 sayılı Türk Silahlı Kuvvetleri Besleme Kanunu ile ilgili olup yerine işlenmiştir.)"},{"type":"header","content":"MADDE 155- (11/12/2010 tarihli ve 6087 sayılı Hâkimler ve Savcılar Yüksek Kurulu Kanunu ile ilgili olup yerine işlenmiştir.)"},{"type":"header","content":"MADDE 156- (12/1/2011 tarihli ve 6100 sayılı Hukuk Muhakemeleri Kanunu ile ilgili olup yerine işlenmiştir.)"},{"type":"header","content":"MADDE 157-158- (13/1/2011 tarihli ve 6102 sayılı Türk Ticaret Kanunu ile ilgili olup yerine işlenmiştir.)"},{"type":"header","content":"MADDE 159 ila 162 - (10/3/2011 tarihli ve 6191 sayılı Sözleşmeli Erbaş ve Er Kanunu ile ilgili olup yerine işlenmiştir.)"},{"type":"header","content":"MADDE 163 ila 166- 4/4/2013 tarihli ve 6458 sayılı Yabancılar ve Uluslararası Koruma Kanunu ile ilgili olup yerine işlenmiştir.)"},{"type":"header","content":"MADDE 167- 168- (22/1/2015 tarihli ve 6586 sayılı Millî Mayın Faaliyet Merkezi Kurulmasına İlişkin Kanun ile Bazı Kanunlarda Değişiklik Yapılmasına Dair Kanun ile ilgili olup yerine işlenmiştir.)"},{"type":"header","content":"MADDE 169- 170- (3/11/2016 tarihli ve 6754 sayılı Bilirkişilik Kanunu ile ilgili olup yerine işlenmiştir.)"},{"type":"header","content":"MADDE 171 ila 173- (9/11/2016 tarihli ve 6756 sayılı Olağanüstü Hal Kapsamında Bazı Tedbirler Alınması ve Milli Savunma Üniversitesi Kurulması ile Bazı Kanunlarda Değişiklik Yapılmasına Dair Kanun Hükmünde Kararnamenin Değiştirilerek Kabul Edilmesi Hakkında Kanun ile ilgili olup yerine işlenmiştir.)"},{"type":"header","content":"MADDE 174-( 10/11/2016 tarihli ve 6758 sayılı Olağanüstü Hal Kapsamında Bazı Düzenlemeler Yapılması Hakkında Kanun Hükmünde Kararnamenin Değiştirilerek Kabul Edilmesine Dair Kanun ile ilgili olup yerine işlenmiştir.)"},{"type":"header","content":"MADDE 175- (27/6/1989 tarihli ve 375 sayılı Kanun Hükmünde Kararname ile ilgili olup yerine işlenmiştir.)"},{"type":"header","content":"MADDE 176- (25/8/2011 tarihli ve 652 sayılı Millî Eğitim Bakanlığının Teşkilat ve Görevleri Hakkında Kanun Hükmünde Kararname ile ilgili olup yerine işlenmiştir.)"},{"type":"header","content":"MADDE 177 ila 187 - (11/10/2011 tarihli ve 663 sayılı Sağlık Bakanlığı ve Bağlı Kuruluşlarının Teşkilat ve Görevleri Hakkında Kanun Hükmünde Kararname ile ilgili olup yerine işlenmiştir.)"},{"type":"madde","maddeStr":"MADDE 188-","number":188,"content":"(1) Ekli (7) sayılı listede adı yazılı köyü kapsamak ve Sultanhanı Beldesi merkez olmak üzere, Aksaray İlinde Sultanhanı adıyla bir ilçe ve aynı adla belediye kurulmuştur.","subsections":[{"type":"text","content":"\\(2\\) Ekli (8) sayılı listede adları yazılı köyleri kapsamak ve Kemalpaşa Beldesi merkez olmak üzere, Artvin İlinde Kemalpaşa adıyla bir ilçe ve aynı adla belediye kurulmuştur."},{"type":"text","content":"\\(3\\) Bu Kanun ile kurulan ilçelerin personel ihtiyacını karşılamak üzere ekli (9) sayılı listede yer alan çeşitli kurum ve kuruluşlara ait kadrolar ihdas edilerek 13/12/1983 tarihli ve 190 sayılı Genel Kadro ve Usulü Kanun Hükmünde Kararnameye bağlı cetvellerin ilgili bölümlerine eklenmiştir. Bu kadrolara yapılacak atama işlemleri, merkezi yönetim bütçe kanunlarındaki sınırlamalara bir yıl süreyle tabi değildir. Bu maddenin yayımlandığı tarihten itibaren iki yıl süreyle 190 sayılı Kanun Hükmünde Kararnamenin 9 uncu maddesinde yer alan sınırlamaya bağlı olmaksızın bu maddeyle ihdas edilen kadrolarda sınıf, unvan ve derece değişikliği yapmaya Bakanlar Kurulu yetkilidir.[\\[1\\]](#Xc217c44f9d6f9d647df03178eb8b64fb8f54252)"},{"type":"text","content":"\\(4\\) Bir defaya mahsus olmak üzere 5/1/1961 tarihli ve 237 sayılı Taşıt Kanununun 10 uncu maddesinin birinci fıkrasının uygulanmaması kaydıyla, bu Kanun ile yeni kurulacak ilçelerin kaymakamlığı için, 2017 Yılı Merkezi Yönetim Bütçe Kanununa bağlı (T) cetvelinin (T-02) sırasından iki adet binek otomobil alınır."},{"type":"text","content":"\\(5\\) Bu Kanun ile yeni kurulan ilçelerdeki kamu kurum ve kuruluşlarına ait hizmet binaları ve lojmanların yapımı,  satın alınması, kiralanması, bakım ve onarımı için gerekli ödenek, yılı Merkezi Yönetim Bütçe Kanununun Yedek Ödenek Tertibinden Maliye Bakanlığınca karşılanır."},{"type":"text","content":"\\(6\\) Bu maddenin uygulanmasıyla ilgili tereddütleri gidermeye, düzenleyici ve yönlendirici işlemler yapmaya İçişleri Bakanlığı yetkilidir."}]},{"type":"madde","maddeStr":"MADDE 189-","number":189,"content":"(1) Bu Kanunun yayımı tarihinde;","subsections":[{"type":"text","content":"a\\) 22/5/1930 tarihli ve 1632 sayılı Askerî Ceza Kanununun 39 uncu maddesi,"},{"type":"text","content":"b\\) 26/10/1963 tarihli ve 357 sayılı Askeri Hâkimler Kanunu,"},{"type":"text","content":"c\\) 27/6/1972 tarihli ve 1600 sayılı Askeri Yargıtay Kanunu,"},{"type":"text","content":"ç) 4/7/1972 tarihli ve 1602 sayılı Askeri Yüksek İdare Mahkemesi Kanunu,"},{"type":"text","content":"d\\) 29/3/1984 tarihli ve 2992 sayılı Adalet Bakanlığının Teşkilat ve Görevleri Hakkında Kanun Hükmünde Kararnamenin Değiştirilerek Kabulü Hakkında Kanunun 13/A maddesinin ikinci fıkrası,"},{"type":"text","content":"e\\) 11/5/2000 tarihli ve 4566 sayılı Harp Okulları Kanununun 13 üncü, 14 üncü, 16 ncı ve 39 uncu maddeleri, 41 inci maddesinin birinci fıkrasının (e) bendi ile aynı fıkranın (h) bendinde yer alan “lisans ve lisans üstü” ibaresi,"},{"type":"text","content":"f\\) 16/5/2001 tarihli ve 4675 sayılı İnfaz Hâkimliği Kanununun 6 ncı maddesinin altıncı fıkrasında yer alan “, ağır ceza mahkemesinin birden fazla dairesinin bulunması halinde (2) numaralı daireye” ibaresi,"},{"type":"text","content":"g\\) 11/4/2002 tarihli ve 4752 sayılı Astsubay Meslek Yüksek Okulları Kanununun   11 inci ve 13 üncü maddeleri, 34 üncü maddesinin birinci fıkrasının (ı) bendinde yer alan “Milli Savunma Bakanlığı tarafından” ibaresi,"},{"type":"text","content":"ğ) 10/12/2003 tarihli ve 5018 sayılı Kamu Malî Yönetimi ve Kontrol Kanununa ekli (I) sayılı cetvelde yer alan “53) Türkiye Halk Sağlığı Kurumu” ve “54) Türkiye Kamu Hastaneleri Kurumu” ibareleri,"},{"type":"text","content":"h\\) 13/12/2004 tarihli ve 5275 sayılı Ceza ve Güvenlik Tedbirlerinin İnfazı Hakkında Kanunun 118 inci maddesinin ikinci fıkrası,"},{"type":"text","content":"ı) 11/10/2011 tarihli ve 663 sayılı Sağlık Bakanlığı ve Bağlı Kuruluşlarının Teşkilat ve Görevleri Hakkında Kanun Hükmünde Kararnamenin 26 ncı, 29 uncu, 30 uncu, 31 inci,   32 nci, 33 üncü ve 34 üncü maddeleri ile 58 inci maddesinin dördüncü fıkrasında yer alan “Türkiye Kamu Hastaneleri Kurumu, Türkiye Halk Sağlığı Kurumu” ibaresi,"},{"type":"text","content":"yürürlükten kaldırılmıştır."},{"type":"text","content":"\\(2\\) Diğer mevzuatta Türkiye Kamu Hastaneleri Kurumu ve Türkiye Halk Sağlığı Kurumuna yapılmış olan atıflar Sağlık Bakanlığına yapılmış sayılır."}]},{"type":"madde","maddeStr":"MADDE 190-","number":190,"content":"Bu Kanun yayımı tarihinde yürürlüğe girer.","subsections":[]},{"type":"madde","maddeStr":"MADDE 191-","number":191,"content":"Bu Kanun hükümlerini Bakanlar Kurulu yürütür.","subsections":[]},{"type":"header","content":"(7) SAYILI LİSTE"},{"type":"header","content":"AKSARAY İLİ SULTANHANI İLÇESİNE BAĞLANAN KÖY"},{"type":"table","content":"<table> <colgroup> <col style=\"width: 33%\" /> <col style=\"width: 33%\" /> <col style=\"width: 33%\" /> </colgroup> <tbody> <tr class=\"odd\"> <td><strong>SIRA NO</strong></td> <td><strong>BİRİMİN ADI</strong></td> <td><strong>İLÇESİ</strong></td> </tr> <tr class=\"even\"> <td>1</td> <td>Yeşiltömek Köyü</td> <td>Merkez</td> </tr> </tbody> </table>"},{"type":"header","content":"(8) SAYILI LİSTE"},{"type":"header","content":"ARTVİN İLİ KEMALPAŞA İLÇESİNE BAĞLANAN KÖYLER"},{"type":"table","content":"<table> <colgroup> <col style=\"width: 33%\" /> <col style=\"width: 33%\" /> <col style=\"width: 33%\" /> </colgroup> <tbody> <tr class=\"odd\"> <td><strong>SIRA NO</strong></td> <td><strong>BİRİMİN ADI</strong></td> <td><strong>İLÇESİ</strong></td> </tr> <tr class=\"even\"> <td>1</td> <td>Akdere</td> <td>Hopa</td> </tr> <tr class=\"odd\"> <td>2</td> <td>Çamurlu</td> <td>Hopa</td> </tr> <tr class=\"even\"> <td>3</td> <td>Dereiçi</td> <td>Hopa</td> </tr> <tr class=\"odd\"> <td>4</td> <td>Gümüşdere</td> <td>Hopa</td> </tr> <tr class=\"even\"> <td>5</td> <td>Karaosmaniye</td> <td>Hopa</td> </tr> <tr class=\"odd\"> <td>6</td> <td>Kayaköy</td> <td>Hopa</td> </tr> <tr class=\"even\"> <td>7</td> <td>Kazimiye</td> <td>Hopa</td> </tr> <tr class=\"odd\"> <td>8</td> <td>Köprücü</td> <td>Hopa</td> </tr> <tr class=\"even\"> <td>9</td> <td>Liman</td> <td>Hopa</td> </tr> <tr class=\"odd\"> <td>10</td> <td>Osmaniye</td> <td>Hopa</td> </tr> <tr class=\"even\"> <td>11</td> <td>Sarp</td> <td>Hopa</td> </tr> <tr class=\"odd\"> <td>12</td> <td>Üçkardeş</td> <td>Hopa</td> </tr> </tbody> </table>"},{"type":"freeText","content":"*[**\\[1\\]**](#Xf4c8113f07524640efcbf4d5822e1fc633a9e60) Bu fıkrada yer alan kadrolarla ilgili olarak 8/3/2018 tarihli ve 30354 (Mükerrer) sayılı Resmi Gazete’ye bakınız.*"}]